,labels
0,4
1,8
2,2
3,4
4,8
5,0
6,8
7,8
8,3
9,4
10,6
11,1
12,6
13,4
14,3
15,8
16,2
17,0
18,0
19,2
20,4
21,4
22,3
23,2
24,2
25,3
26,2
27,6
28,8
29,4
30,0
31,4
32,3
33,8
34,8
35,2
36,2
37,8
38,6
39,2
40,8
41,0
42,4
43,3
44,8
45,4
46,4
47,2
48,2
49,2
50,0
51,0
52,6
53,2
54,4
55,2
56,4
57,8
58,0
59,8
60,2
61,1
62,4
63,0
64,6
65,6
66,6
67,1
68,4
69,4
70,4
71,1
72,3
73,4
74,8
75,4
76,0
77,3
78,8
79,4
80,4
81,3
82,4
83,6
84,0
85,0
86,4
87,3
88,2
89,3
90,4
91,6
92,2
93,4
94,2
95,2
96,3
97,2
98,6
99,3
100,8
101,0
102,2
103,3
104,8
105,3
106,8
107,3
108,2
109,4
110,3
111,4
112,4
113,8
114,3
115,4
116,8
117,4
118,3
119,3
120,4
121,3
122,8
123,4
124,3
125,1
126,3
127,8
128,4
129,4
130,0
131,4
132,8
133,8
134,3
135,4
136,4
137,6
138,4
139,8
140,6
141,4
142,4
143,1
144,4
145,4
146,6
147,0
148,4
149,4
150,2
151,3
152,2
153,3
154,8
155,2
156,4
157,4
158,6
159,4
160,1
161,4
162,3
163,6
164,4
165,4
166,4
167,1
168,3
169,4
170,8
171,3
172,1
173,1
174,3
175,2
176,2
177,3
178,3
179,4
180,3
181,4
182,8
183,2
184,1
185,2
186,4
187,8
188,3
189,1
190,6
191,2
192,3
193,8
194,3
195,4
196,2
197,4
198,2
199,2
200,8
201,8
202,4
203,4
204,1
205,8
206,0
207,4
208,4
209,8
210,2
211,2
212,8
213,1
214,8
215,4
216,4
217,2
218,3
219,4
220,4
221,2
222,8
223,4
224,3
225,1
226,4
227,6
228,0
229,2
230,4
231,4
232,4
233,8
234,4
235,6
236,0
237,8
238,4
239,3
240,3
241,4
242,0
243,4
244,4
245,6
246,8
247,8
248,4
249,3
250,2
251,2
252,3
253,4
254,6
255,8
256,0
257,8
258,8
259,4
260,4
261,4
262,0
263,4
264,4
265,8
266,3
267,2
268,4
269,3
270,4
271,3
272,1
273,4
274,4
275,4
276,0
277,3
278,6
279,4
280,4
281,4
282,3
283,4
284,4
285,4
286,2
287,2
288,2
289,4
290,1
291,3
292,4
293,2
294,3
295,4
296,6
297,6
298,8
299,1
300,3
301,0
302,0
303,3
304,1
305,8
306,4
307,6
308,8
309,4
310,2
311,2
312,2
313,4
314,2
315,1
316,8
317,4
318,0
319,1
320,3
321,8
322,4
323,4
324,4
325,3
326,6
327,2
328,4
329,3
330,3
331,2
332,4
333,1
334,8
335,4
336,3
337,3
338,8
339,3
340,0
341,6
342,3
343,6
344,2
345,4
346,4
347,6
348,2
349,0
350,4
351,3
352,8
353,1
354,1
355,8
356,8
357,4
358,8
359,3
360,4
361,4
362,2
363,4
364,2
365,4
366,6
367,4
368,2
369,4
370,8
371,2
372,3
373,1
374,3
375,3
376,4
377,8
378,4
379,6
380,2
381,3
382,6
383,4
384,3
385,8
386,3
387,8
388,0
389,8
390,4
391,4
392,2
393,4
394,3
395,2
396,8
397,4
398,4
399,2
400,4
401,3
402,4
403,8
404,8
405,4
406,8
407,8
408,3
409,4
410,4
411,4
412,4
413,2
414,4
415,4
416,3
417,8
418,6
419,0
420,0
421,2
422,0
423,4
424,4
425,2
426,2
427,2
428,6
429,1
430,6
431,8
432,4
433,4
434,2
435,3
436,0
437,4
438,4
439,4
440,8
441,4
442,3
443,8
444,4
445,3
446,4
447,2
448,6
449,2
450,6
451,4
452,1
453,8
454,6
455,8
456,2
457,2
458,2
459,2
460,8
461,4
462,1
463,1
464,4
465,4
466,2
467,4
468,8
469,8
470,6
471,2
472,2
473,6
474,2
475,4
476,8
477,3
478,8
479,2
480,3
481,6
482,4
483,3
484,4
485,4
486,2
487,2
488,8
489,8
490,6
491,4
492,4
493,4
494,4
495,4
496,8
497,4
498,2
499,8
500,1
501,3
502,0
503,8
504,3
505,3
506,4
507,4
508,3
509,3
510,2
511,0
512,0
513,4
514,4
515,4
516,4
517,4
518,8
519,4
520,4
521,0
522,6
523,4
524,2
525,4
526,4
527,4
528,3
529,2
530,0
531,4
532,4
533,2
534,3
535,4
536,4
537,4
538,4
539,2
540,4
541,3
542,3
543,8
544,3
545,3
546,4
547,3
548,3
549,4
550,6
551,4
552,3
553,8
554,4
555,4
556,4
557,6
558,4
559,3
560,8
561,0
562,4
563,3
564,4
565,8
566,1
567,4
568,4
569,4
570,6
571,3
572,3
573,0
574,4
575,8
576,3
577,2
578,2
579,6
580,4
581,3
582,2
583,8
584,4
585,0
586,8
587,4
588,8
589,3
590,3
591,4
592,3
593,3
594,2
595,2
596,2
597,4
598,3
599,1
600,4
601,4
602,2
603,4
604,2
605,4
606,4
607,0
608,4
609,2
610,8
611,8
612,4
613,3
614,4
615,6
616,0
617,2
618,6
619,4
620,2
621,2
622,2
623,4
624,4
625,2
626,6
627,2
628,2
629,2
630,4
631,3
632,0
633,3
634,0
635,1
636,3
637,6
638,4
639,2
640,1
641,0
642,6
643,8
644,1
645,2
646,2
647,8
648,3
649,4
650,2
651,8
652,4
653,3
654,8
655,4
656,8
657,6
658,0
659,3
660,4
661,8
662,4
663,8
664,3
665,8
666,2
667,3
668,1
669,4
670,6
671,3
672,4
673,8
674,4
675,0
676,0
677,2
678,4
679,0
680,2
681,6
682,8
683,3
684,4
685,4
686,4
687,2
688,3
689,3
690,4
691,3
692,4
693,6
694,2
695,4
696,8
697,4
698,2
699,8
700,4
701,4
702,4
703,4
704,2
705,3
706,4
707,6
708,4
709,3
710,8
711,0
712,2
713,2
714,4
715,4
716,3
717,4
718,2
719,8
720,4
721,4
722,1
723,2
724,8
725,4
726,1
727,2
728,4
729,2
730,0
731,4
732,4
733,6
734,8
735,3
736,2
737,4
738,8
739,2
740,3
741,6
742,2
743,8
744,2
745,4
746,8
747,4
748,4
749,4
750,2
751,2
752,4
753,4
754,2
755,2
756,0
757,4
758,2
759,6
760,3
761,2
762,8
763,1
764,8
765,3
766,6
767,4
768,4
769,4
770,4
771,4
772,3
773,4
774,4
775,2
776,3
777,0
778,6
779,4
780,1
781,6
782,6
783,3
784,6
785,3
786,2
787,3
788,2
789,6
790,4
791,4
792,3
793,8
794,2
795,2
796,8
797,4
798,0
799,1
800,4
801,4
802,4
803,4
804,8
805,3
806,8
807,6
808,4
809,1
810,1
811,0
812,2
813,0
814,6
815,4
816,4
817,4
818,0
819,0
820,0
821,0
822,6
823,8
824,4
825,4
826,4
827,2
828,4
829,2
830,4
831,6
832,3
833,4
834,3
835,4
836,4
837,4
838,3
839,4
840,8
841,4
842,3
843,6
844,4
845,2
846,6
847,4
848,1
849,4
850,6
851,2
852,1
853,8
854,4
855,2
856,2
857,2
858,6
859,4
860,4
861,4
862,3
863,2
864,0
865,1
866,4
867,4
868,6
869,4
870,3
871,3
872,4
873,1
874,0
875,2
876,3
877,4
878,2
879,8
880,4
881,6
882,1
883,0
884,0
885,1
886,3
887,4
888,4
889,4
890,4
891,4
892,2
893,4
894,4
895,8
896,0
897,2
898,4
899,4
900,3
901,2
902,3
903,2
904,0
905,4
906,0
907,0
908,4
909,3
910,6
911,2
912,4
913,4
914,0
915,4
916,3
917,0
918,2
919,4
920,4
921,3
922,1
923,4
924,0
925,3
926,6
927,8
928,8
929,4
930,3
931,8
932,8
933,8
934,4
935,8
936,4
937,8
938,4
939,7
940,4
941,1
942,4
943,1
944,0
945,2
946,4
947,8
948,3
949,8
950,8
951,2
952,0
953,0
954,4
955,2
956,2
957,8
958,0
959,3
960,4
961,8
962,3
963,2
964,2
965,8
966,6
967,0
968,6
969,2
970,6
971,6
972,4
973,3
974,8
975,4
976,3
977,4
978,4
979,2
980,2
981,8
982,8
983,2
984,1
985,4
986,3
987,4
988,8
989,0
990,4
991,8
992,4
993,4
994,0
995,4
996,2
997,8
998,2
999,4
1000,4
1001,6
1002,4
1003,4
1004,0
1005,8
1006,4
1007,8
1008,8
1009,6
1010,4
1011,2
1012,4
1013,1
1014,4
1015,8
1016,6
1017,2
1018,0
1019,2
1020,4
1021,7
1022,3
1023,4
1024,6
1025,8
1026,1
1027,2
1028,4
1029,8
1030,4
1031,1
1032,6
1033,3
1034,1
1035,2
1036,8
1037,4
1038,3
1039,2
1040,3
1041,3
1042,2
1043,3
1044,2
1045,8
1046,4
1047,8
1048,8
1049,4
1050,8
1051,4
1052,4
1053,0
1054,8
1055,0
1056,4
1057,2
1058,0
1059,8
1060,0
1061,4
1062,2
1063,4
1064,1
1065,2
1066,0
1067,2
1068,2
1069,8
1070,0
1071,1
1072,8
1073,2
1074,2
1075,4
1076,8
1077,1
1078,4
1079,8
1080,4
1081,6
1082,8
1083,4
1084,4
1085,8
1086,0
1087,2
1088,8
1089,0
1090,4
1091,2
1092,6
1093,8
1094,4
1095,8
1096,4
1097,8
1098,0
1099,8
1100,6
1101,4
1102,8
1103,6
1104,2
1105,8
1106,0
1107,4
1108,8
1109,8
1110,1
1111,0
1112,4
1113,2
1114,8
1115,2
1116,0
1117,0
1118,6
1119,6
1120,4
1121,4
1122,8
1123,4
1124,1
1125,6
1126,4
1127,6
1128,4
1129,2
1130,4
1131,2
1132,3
1133,8
1134,1
1135,4
1136,4
1137,8
1138,8
1139,2
1140,8
1141,8
1142,8
1143,8
1144,4
1145,6
1146,4
1147,6
1148,4
1149,1
1150,4
1151,8
1152,4
1153,2
1154,4
1155,4
1156,0
1157,4
1158,8
1159,6
1160,8
1161,2
1162,6
1163,4
1164,2
1165,8
1166,8
1167,0
1168,3
1169,2
1170,4
1171,8
1172,3
1173,4
1174,8
1175,8
1176,7
1177,8
1178,4
1179,8
1180,4
1181,2
1182,4
1183,4
1184,3
1185,8
1186,1
1187,6
1188,8
1189,3
1190,1
1191,2
1192,8
1193,4
1194,0
1195,2
1196,2
1197,8
1198,4
1199,2
1200,4
1201,3
1202,4
1203,4
1204,0
1205,7
1206,8
1207,3
1208,8
1209,8
1210,8
1211,8
1212,8
1213,8
1214,1
1215,8
1216,4
1217,0
1218,4
1219,8
1220,8
1221,4
1222,8
1223,6
1224,4
1225,8
1226,2
1227,4
1228,8
1229,8
1230,4
1231,8
1232,8
1233,4
1234,4
1235,4
1236,2
1237,0
1238,0
1239,6
1240,2
1241,4
1242,8
1243,3
1244,4
1245,8
1246,0
1247,2
1248,4
1249,6
1250,2
1251,8
1252,4
1253,6
1254,0
1255,4
1256,4
1257,4
1258,4
1259,4
1260,6
1261,1
1262,6
1263,0
1264,2
1265,4
1266,1
1267,3
1268,6
1269,8
1270,8
1271,4
1272,8
1273,3
1274,2
1275,3
1276,3
1277,8
1278,4
1279,4
1280,3
1281,8
1282,8
1283,8
1284,0
1285,4
1286,4
1287,2
1288,4
1289,4
1290,4
1291,4
1292,8
1293,6
1294,8
1295,6
1296,8
1297,8
1298,0
1299,8
1300,4
1301,6
1302,2
1303,8
1304,4
1305,7
1306,2
1307,2
1308,8
1309,4
1310,6
1311,6
1312,2
1313,2
1314,3
1315,1
1316,4
1317,8
1318,8
1319,2
1320,1
1321,2
1322,1
1323,4
1324,4
1325,8
1326,2
1327,4
1328,8
1329,2
1330,4
1331,4
1332,0
1333,8
1334,4
1335,4
1336,4
1337,8
1338,3
1339,4
1340,2
1341,8
1342,8
1343,1
1344,8
1345,3
1346,4
1347,6
1348,4
1349,8
1350,4
1351,4
1352,7
1353,4
1354,4
1355,8
1356,4
1357,0
1358,2
1359,2
1360,8
1361,2
1362,0
1363,8
1364,3
1365,4
1366,4
1367,8
1368,2
1369,3
1370,4
1371,6
1372,4
1373,4
1374,6
1375,0
1376,0
1377,4
1378,4
1379,8
1380,2
1381,4
1382,1
1383,8
1384,1
1385,2
1386,0
1387,1
1388,6
1389,8
1390,3
1391,4
1392,4
1393,2
1394,2
1395,8
1396,2
1397,4
1398,4
1399,2
1400,1
1401,0
1402,1
1403,2
1404,4
1405,2
1406,2
1407,4
1408,0
1409,1
1410,1
1411,0
1412,4
1413,8
1414,4
1415,6
1416,8
1417,4
1418,2
1419,1
1420,8
1421,2
1422,6
1423,2
1424,6
1425,2
1426,1
1427,6
1428,8
1429,0
1430,2
1431,8
1432,4
1433,8
1434,8
1435,8
1436,3
1437,0
1438,3
1439,8
1440,0
1441,2
1442,2
1443,8
1444,1
1445,4
1446,8
1447,0
1448,2
1449,2
1450,3
1451,3
1452,2
1453,2
1454,8
1455,4
1456,8
1457,8
1458,4
1459,2
1460,4
1461,2
1462,8
1463,4
1464,8
1465,0
1466,6
1467,1
1468,6
1469,0
1470,8
1471,2
1472,8
1473,3
1474,0
1475,0
1476,0
1477,8
1478,3
1479,2
1480,4
1481,8
1482,4
1483,3
1484,4
1485,8
1486,6
1487,8
1488,2
1489,8
1490,8
1491,8
1492,8
1493,1
1494,8
1495,3
1496,6
1497,4
1498,6
1499,0
1500,8
1501,8
1502,8
1503,0
1504,2
1505,0
1506,1
1507,2
1508,8
1509,4
1510,0
1511,2
1512,4
1513,1
1514,4
1515,2
1516,1
1517,8
1518,0
1519,0
1520,8
1521,3
1522,8
1523,2
1524,4
1525,8
1526,6
1527,2
1528,8
1529,4
1530,3
1531,8
1532,0
1533,2
1534,2
1535,2
1536,2
1537,4
1538,0
1539,8
1540,8
1541,1
1542,2
1543,8
1544,4
1545,4
1546,4
1547,2
1548,8
1549,8
1550,4
1551,0
1552,6
1553,3
1554,4
1555,8
1556,4
1557,4
1558,4
1559,1
1560,8
1561,6
1562,6
1563,8
1564,0
1565,8
1566,3
1567,6
1568,2
1569,2
1570,1
1571,0
1572,8
1573,4
1574,1
1575,2
1576,2
1577,6
1578,8
1579,6
1580,8
1581,2
1582,1
1583,1
1584,4
1585,8
1586,4
1587,8
1588,6
1589,4
1590,2
1591,0
1592,4
1593,0
1594,2
1595,8
1596,2
1597,6
1598,8
1599,4
1600,2
1601,8
1602,0
1603,4
1604,4
1605,1
1606,2
1607,4
1608,4
1609,8
1610,4
1611,8
1612,8
1613,2
1614,8
1615,2
1616,2
1617,4
1618,4
1619,8
1620,3
1621,4
1622,8
1623,8
1624,8
1625,0
1626,2
1627,1
1628,3
1629,6
1630,4
1631,8
1632,8
1633,8
1634,4
1635,8
1636,8
1637,8
1638,1
1639,6
1640,8
1641,4
1642,2
1643,1
1644,8
1645,8
1646,8
1647,8
1648,8
1649,0
1650,8
1651,0
1652,8
1653,6
1654,4
1655,1
1656,0
1657,2
1658,0
1659,6
1660,6
1661,8
1662,4
1663,6
1664,6
1665,3
1666,8
1667,3
1668,1
1669,4
1670,8
1671,8
1672,2
1673,4
1674,3
1675,4
1676,0
1677,4
1678,2
1679,6
1680,2
1681,2
1682,2
1683,6
1684,4
1685,8
1686,7
1687,8
1688,1
1689,6
1690,2
1691,0
1692,3
1693,4
1694,8
1695,0
1696,2
1697,0
1698,2
1699,3
1700,8
1701,2
1702,8
1703,2
1704,2
1705,8
1706,8
1707,8
1708,1
1709,8
1710,1
1711,1
1712,4
1713,6
1714,2
1715,2
1716,4
1717,2
1718,4
1719,4
1720,8
1721,8
1722,4
1723,8
1724,4
1725,2
1726,8
1727,8
1728,4
1729,2
1730,3
1731,6
1732,8
1733,0
1734,8
1735,4
1736,0
1737,3
1738,8
1739,6
1740,0
1741,8
1742,3
1743,0
1744,3
1745,8
1746,8
1747,1
1748,8
1749,1
1750,8
1751,8
1752,0
1753,2
1754,3
1755,0
1756,2
1757,2
1758,3
1759,2
1760,4
1761,3
1762,4
1763,4
1764,3
1765,2
1766,8
1767,3
1768,8
1769,8
1770,1
1771,4
1772,8
1773,2
1774,2
1775,8
1776,8
1777,3
1778,0
1779,4
1780,8
1781,1
1782,8
1783,8
1784,4
1785,8
1786,2
1787,8
1788,6
1789,4
1790,6
1791,2
1792,2
1793,8
1794,1
1795,8
1796,8
1797,0
1798,1
1799,6
1800,2
1801,4
1802,8
1803,1
1804,2
1805,0
1806,4
1807,8
1808,2
1809,4
1810,8
1811,0
1812,4
1813,4
1814,4
1815,3
1816,0
1817,2
1818,0
1819,8
1820,8
1821,8
1822,8
1823,8
1824,0
1825,4
1826,4
1827,8
1828,2
1829,4
1830,2
1831,2
1832,0
1833,8
1834,0
1835,2
1836,3
1837,2
1838,8
1839,0
1840,0
1841,8
1842,4
1843,8
1844,2
1845,6
1846,8
1847,6
1848,8
1849,8
1850,4
1851,4
1852,2
1853,2
1854,4
1855,4
1856,8
1857,6
1858,4
1859,6
1860,8
1861,4
1862,8
1863,8
1864,8
1865,0
1866,0
1867,6
1868,1
1869,4
1870,2
1871,8
1872,4
1873,1
1874,4
1875,8
1876,2
1877,4
1878,0
1879,8
1880,8
1881,6
1882,6
1883,8
1884,8
1885,3
1886,4
1887,8
1888,0
1889,2
1890,0
1891,1
1892,6
1893,6
1894,0
1895,4
1896,0
1897,4
1898,4
1899,3
1900,4
1901,4
1902,4
1903,8
1904,0
1905,4
1906,2
1907,8
1908,8
1909,8
1910,8
1911,1
1912,8
1913,2
1914,0
1915,8
1916,2
1917,2
1918,2
1919,3
1920,4
1921,0
1922,4
1923,2
1924,8
1925,8
1926,6
1927,8
1928,8
1929,0
1930,4
1931,8
1932,8
1933,4
1934,0
1935,0
1936,3
1937,8
1938,0
1939,2
1940,4
1941,3
1942,2
1943,7
1944,0
1945,2
1946,2
1947,0
1948,2
1949,8
1950,1
1951,8
1952,7
1953,8
1954,8
1955,8
1956,8
1957,3
1958,1
1959,8
1960,4
1961,8
1962,0
1963,8
1964,2
1965,8
1966,8
1967,8
1968,8
1969,0
1970,8
1971,4
1972,2
1973,2
1974,4
1975,4
1976,0
1977,4
1978,2
1979,8
1980,0
1981,8
1982,4
1983,4
1984,0
1985,4
1986,4
1987,2
1988,8
1989,2
1990,8
1991,4
1992,8
1993,0
1994,3
1995,0
1996,4
1997,0
1998,2
1999,1
2000,7
2001,0
2002,1
2003,4
2004,4
2005,2
2006,4
2007,2
2008,4
2009,8
2010,8
2011,8
2012,8
2013,4
2014,3
2015,0
2016,0
2017,8
2018,8
2019,4
2020,4
2021,4
2022,8
2023,8
2024,4
2025,8
2026,6
2027,2
2028,4
2029,4
2030,4
2031,4
2032,6
2033,0
2034,8
2035,2
2036,0
2037,8
2038,4
2039,2
2040,4
2041,4
2042,2
2043,2
2044,2
2045,6
2046,1
2047,4
2048,8
2049,3
2050,2
2051,8
2052,8
2053,8
2054,2
2055,3
2056,1
2057,2
2058,4
2059,2
2060,0
2061,4
2062,8
2063,1
2064,4
2065,4
2066,2
2067,0
2068,8
2069,4
2070,6
2071,4
2072,8
2073,2
2074,8
2075,7
2076,4
2077,1
2078,8
2079,1
2080,2
2081,8
2082,2
2083,4
2084,8
2085,2
2086,3
2087,6
2088,8
2089,8
2090,4
2091,2
2092,8
2093,2
2094,0
2095,2
2096,6
2097,8
2098,4
2099,0
2100,8
2101,8
2102,3
2103,0
2104,3
2105,0
2106,4
2107,3
2108,4
2109,2
2110,4
2111,3
2112,6
2113,8
2114,2
2115,0
2116,1
2117,0
2118,8
2119,8
2120,2
2121,0
2122,8
2123,0
2124,1
2125,8
2126,2
2127,3
2128,8
2129,4
2130,8
2131,6
2132,0
2133,2
2134,4
2135,8
2136,6
2137,0
2138,0
2139,8
2140,4
2141,0
2142,4
2143,8
2144,4
2145,6
2146,4
2147,0
2148,4
2149,0
2150,2
2151,8
2152,8
2153,6
2154,3
2155,8
2156,8
2157,8
2158,4
2159,6
2160,3
2161,6
2162,8
2163,8
2164,6
2165,4
2166,2
2167,4
2168,3
2169,2
2170,8
2171,2
2172,2
2173,7
2174,3
2175,4
2176,8
2177,0
2178,8
2179,8
2180,0
2181,8
2182,4
2183,2
2184,6
2185,8
2186,4
2187,0
2188,2
2189,8
2190,2
2191,6
2192,2
2193,0
2194,2
2195,8
2196,8
2197,8
2198,2
2199,4
2200,2
2201,2
2202,4
2203,6
2204,4
2205,0
2206,1
2207,0
2208,4
2209,8
2210,1
2211,1
2212,0
2213,0
2214,8
2215,1
2216,8
2217,4
2218,3
2219,8
2220,0
2221,0
2222,0
2223,4
2224,6
2225,0
2226,7
2227,0
2228,0
2229,3
2230,6
2231,4
2232,4
2233,8
2234,7
2235,0
2236,4
2237,4
2238,1
2239,8
2240,4
2241,4
2242,2
2243,0
2244,8
2245,8
2246,4
2247,0
2248,0
2249,0
2250,3
2251,4
2252,4
2253,0
2254,6
2255,2
2256,6
2257,4
2258,4
2259,4
2260,2
2261,2
2262,2
2263,8
2264,0
2265,6
2266,3
2267,1
2268,1
2269,8
2270,0
2271,2
2272,6
2273,0
2274,0
2275,2
2276,0
2277,8
2278,0
2279,4
2280,8
2281,1
2282,4
2283,0
2284,0
2285,8
2286,4
2287,0
2288,0
2289,4
2290,4
2291,4
2292,0
2293,2
2294,6
2295,2
2296,0
2297,1
2298,8
2299,2
2300,1
2301,4
2302,8
2303,2
2304,4
2305,0
2306,4
2307,4
2308,8
2309,4
2310,4
2311,2
2312,4
2313,8
2314,6
2315,8
2316,4
2317,8
2318,4
2319,4
2320,4
2321,4
2322,3
2323,2
2324,8
2325,2
2326,4
2327,1
2328,0
2329,4
2330,8
2331,6
2332,7
2333,4
2334,0
2335,8
2336,7
2337,1
2338,8
2339,4
2340,6
2341,0
2342,6
2343,0
2344,2
2345,4
2346,8
2347,6
2348,4
2349,4
2350,2
2351,6
2352,2
2353,3
2354,4
2355,6
2356,7
2357,8
2358,8
2359,4
2360,4
2361,0
2362,4
2363,0
2364,7
2365,8
2366,8
2367,8
2368,4
2369,4
2370,0
2371,4
2372,1
2373,4
2374,3
2375,0
2376,0
2377,0
2378,4
2379,3
2380,8
2381,1
2382,8
2383,0
2384,1
2385,6
2386,8
2387,6
2388,1
2389,4
2390,0
2391,1
2392,0
2393,3
2394,2
2395,4
2396,2
2397,1
2398,1
2399,6
2400,2
2401,4
2402,4
2403,3
2404,2
2405,2
2406,1
2407,1
2408,8
2409,4
2410,0
2411,8
2412,1
2413,4
2414,4
2415,6
2416,4
2417,1
2418,4
2419,1
2420,7
2421,2
2422,8
2423,2
2424,1
2425,8
2426,1
2427,4
2428,0
2429,4
2430,3
2431,0
2432,1
2433,8
2434,2
2435,2
2436,1
2437,4
2438,0
2439,3
2440,2
2441,8
2442,8
2443,8
2444,2
2445,8
2446,2
2447,8
2448,4
2449,1
2450,8
2451,1
2452,8
2453,2
2454,0
2455,2
2456,1
2457,2
2458,4
2459,4
2460,6
2461,1
2462,4
2463,6
2464,8
2465,0
2466,4
2467,8
2468,7
2469,0
2470,0
2471,0
2472,2
2473,8
2474,6
2475,6
2476,0
2477,2
2478,8
2479,6
2480,8
2481,0
2482,8
2483,0
2484,0
2485,2
2486,0
2487,8
2488,2
2489,0
2490,0
2491,0
2492,7
2493,4
2494,8
2495,6
2496,8
2497,4
2498,7
2499,2
2500,2
2501,8
2502,0
2503,0
2504,6
2505,8
2506,0
2507,0
2508,4
2509,0
2510,8
2511,4
2512,3
2513,6
2514,3
2515,2
2516,0
2517,0
2518,3
2519,1
2520,6
2521,1
2522,2
2523,0
2524,4
2525,2
2526,8
2527,0
2528,0
2529,2
2530,8
2531,0
2532,0
2533,4
2534,0
2535,4
2536,6
2537,8
2538,3
2539,3
2540,2
2541,0
2542,4
2543,8
2544,6
2545,0
2546,4
2547,0
2548,6
2549,0
2550,4
2551,0
2552,8
2553,4
2554,6
2555,2
2556,8
2557,4
2558,6
2559,6
2560,2
2561,4
2562,8
2563,8
2564,4
2565,8
2566,8
2567,4
2568,4
2569,8
2570,4
2571,4
2572,4
2573,0
2574,6
2575,7
2576,7
2577,6
2578,0
2579,6
2580,4
2581,0
2582,8
2583,8
2584,1
2585,3
2586,4
2587,0
2588,8
2589,0
2590,4
2591,0
2592,8
2593,8
2594,0
2595,4
2596,4
2597,4
2598,0
2599,3
2600,4
2601,0
2602,4
2603,2
2604,8
2605,8
2606,4
2607,2
2608,2
2609,4
2610,4
2611,8
2612,2
2613,4
2614,4
2615,2
2616,8
2617,4
2618,1
2619,0
2620,0
2621,6
2622,7
2623,8
2624,8
2625,4
2626,6
2627,8
2628,4
2629,0
2630,1
2631,4
2632,0
2633,2
2634,8
2635,6
2636,7
2637,4
2638,4
2639,1
2640,6
2641,0
2642,0
2643,4
2644,4
2645,4
2646,4
2647,8
2648,4
2649,0
2650,4
2651,4
2652,1
2653,2
2654,8
2655,2
2656,6
2657,0
2658,4
2659,4
2660,4
2661,8
2662,8
2663,8
2664,4
2665,8
2666,0
2667,7
2668,4
2669,4
2670,0
2671,8
2672,0
2673,1
2674,1
2675,6
2676,7
2677,0
2678,8
2679,0
2680,4
2681,4
2682,8
2683,4
2684,4
2685,6
2686,4
2687,4
2688,1
2689,0
2690,0
2691,4
2692,3
2693,4
2694,0
2695,4
2696,1
2697,8
2698,1
2699,2
2700,4
2701,4
2702,7
2703,7
2704,8
2705,4
2706,6
2707,1
2708,2
2709,1
2710,7
2711,0
2712,4
2713,4
2714,0
2715,6
2716,6
2717,4
2718,8
2719,0
2720,1
2721,4
2722,1
2723,0
2724,8
2725,8
2726,4
2727,1
2728,1
2729,4
2730,4
2731,8
2732,6
2733,6
2734,2
2735,8
2736,6
2737,0
2738,0
2739,8
2740,4
2741,8
2742,1
2743,0
2744,0
2745,4
2746,1
2747,0
2748,8
2749,2
2750,0
2751,6
2752,0
2753,0
2754,8
2755,7
2756,0
2757,8
2758,4
2759,0
2760,8
2761,0
2762,8
2763,0
2764,0
2765,7
2766,8
2767,7
2768,2
2769,0
2770,6
2771,4
2772,0
2773,2
2774,4
2775,0
2776,8
2777,2
2778,0
2779,2
2780,0
2781,0
2782,7
2783,8
2784,4
2785,8
2786,8
2787,8
2788,4
2789,3
2790,7
2791,8
2792,7
2793,1
2794,4
2795,0
2796,4
2797,4
2798,6
2799,6
2800,4
2801,8
2802,0
2803,8
2804,8
2805,0
2806,3
2807,8
2808,2
2809,8
2810,6
2811,8
2812,2
2813,0
2814,2
2815,0
2816,6
2817,0
2818,4
2819,4
2820,2
2821,6
2822,3
2823,4
2824,6
2825,4
2826,4
2827,8
2828,7
2829,7
2830,6
2831,3
2832,6
2833,4
2834,4
2835,4
2836,7
2837,2
2838,4
2839,0
2840,6
2841,8
2842,0
2843,0
2844,0
2845,0
2846,0
2847,4
2848,0
2849,4
2850,0
2851,8
2852,3
2853,1
2854,0
2855,4
2856,6
2857,0
2858,6
2859,2
2860,0
2861,4
2862,1
2863,4
2864,8
2865,2
2866,2
2867,6
2868,0
2869,4
2870,4
2871,4
2872,0
2873,2
2874,4
2875,0
2876,0
2877,3
2878,8
2879,8
2880,0
2881,4
2882,4
2883,4
2884,0
2885,4
2886,6
2887,8
2888,1
2889,0
2890,4
2891,0
2892,2
2893,0
2894,2
2895,0
2896,7
2897,0
2898,6
2899,0
2900,1
2901,3
2902,7
2903,2
2904,0
2905,4
2906,4
2907,4
2908,0
2909,7
2910,4
2911,0
2912,0
2913,2
2914,3
2915,4
2916,4
2917,2
2918,7
2919,3
2920,4
2921,1
2922,4
2923,0
2924,7
2925,0
2926,7
2927,7
2928,0
2929,6
2930,4
2931,3
2932,8
2933,2
2934,2
2935,0
2936,4
2937,2
2938,0
2939,8
2940,1
2941,7
2942,8
2943,0
2944,0
2945,1
2946,1
2947,0
2948,4
2949,1
2950,6
2951,7
2952,6
2953,8
2954,0
2955,4
2956,0
2957,0
2958,1
2959,6
2960,2
2961,1
2962,1
2963,0
2964,3
2965,7
2966,0
2967,4
2968,8
2969,0
2970,3
2971,4
2972,3
2973,8
2974,0
2975,8
2976,7
2977,1
2978,4
2979,8
2980,7
2981,4
2982,4
2983,7
2984,1
2985,2
2986,0
2987,4
2988,0
2989,3
2990,8
2991,0
2992,0
2993,4
2994,8
2995,3
2996,6
2997,0
2998,0
2999,7
3000,0
3001,1
3002,4
3003,4
3004,6
3005,0
3006,0
3007,0
3008,4
3009,1
3010,0
3011,0
3012,4
3013,3
3014,6
3015,4
3016,6
3017,3
3018,1
3019,4
3020,0
3021,4
3022,0
3023,0
3024,6
3025,1
3026,4
3027,0
3028,4
3029,4
3030,2
3031,0
3032,2
3033,8
3034,3
3035,1
3036,1
3037,4
3038,2
3039,0
3040,8
3041,0
3042,7
3043,7
3044,6
3045,1
3046,0
3047,7
3048,1
3049,4
3050,4
3051,6
3052,6
3053,7
3054,5
3055,6
3056,4
3057,8
3058,0
3059,0
3060,0
3061,4
3062,7
3063,4
3064,8
3065,8
3066,4
3067,2
3068,1
3069,7
3070,0
3071,8
3072,4
3073,8
3074,0
3075,8
3076,4
3077,4
3078,4
3079,4
3080,4
3081,1
3082,4
3083,8
3084,6
3085,0
3086,0
3087,2
3088,1
3089,0
3090,1
3091,6
3092,8
3093,6
3094,4
3095,7
3096,2
3097,7
3098,2
3099,4
3100,4
3101,4
3102,7
3103,8
3104,0
3105,0
3106,0
3107,4
3108,7
3109,0
3110,0
3111,8
3112,4
3113,2
3114,8
3115,8
3116,8
3117,0
3118,4
3119,0
3120,7
3121,4
3122,0
3123,4
3124,0
3125,3
3126,8
3127,0
3128,0
3129,7
3130,2
3131,4
3132,8
3133,8
3134,4
3135,4
3136,7
3137,4
3138,3
3139,0
3140,7
3141,6
3142,4
3143,4
3144,4
3145,4
3146,0
3147,1
3148,1
3149,3
3150,0
3151,6
3152,1
3153,0
3154,6
3155,0
3156,4
3157,4
3158,4
3159,1
3160,0
3161,5
3162,0
3163,2
3164,8
3165,7
3166,4
3167,8
3168,0
3169,0
3170,3
3171,1
3172,4
3173,8
3174,1
3175,8
3176,4
3177,7
3178,6
3179,4
3180,0
3181,4
3182,0
3183,4
3184,4
3185,0
3186,2
3187,7
3188,8
3189,4
3190,8
3191,0
3192,7
3193,4
3194,0
3195,4
3196,0
3197,4
3198,6
3199,7
3200,4
3201,4
3202,0
3203,8
3204,6
3205,4
3206,4
3207,0
3208,4
3209,2
3210,8
3211,7
3212,0
3213,8
3214,7
3215,8
3216,7
3217,5
3218,4
3219,6
3220,7
3221,2
3222,8
3223,0
3224,7
3225,1
3226,4
3227,0
3228,3
3229,8
3230,4
3231,6
3232,0
3233,4
3234,4
3235,7
3236,1
3237,2
3238,4
3239,4
3240,4
3241,0
3242,4
3243,0
3244,1
3245,2
3246,4
3247,1
3248,1
3249,7
3250,2
3251,4
3252,2
3253,0
3254,4
3255,1
3256,4
3257,0
3258,2
3259,1
3260,0
3261,8
3262,0
3263,0
3264,1
3265,7
3266,0
3267,0
3268,1
3269,4
3270,0
3271,7
3272,4
3273,0
3274,4
3275,4
3276,4
3277,7
3278,0
3279,4
3280,2
3281,6
3282,4
3283,4
3284,4
3285,4
3286,6
3287,4
3288,7
3289,4
3290,2
3291,0
3292,4
3293,4
3294,4
3295,0
3296,4
3297,0
3298,7
3299,1
3300,2
3301,4
3302,0
3303,0
3304,8
3305,1
3306,4
3307,7
3308,1
3309,3
3310,0
3311,7
3312,4
3313,0
3314,2
3315,6
3316,0
3317,0
3318,1
3319,6
3320,4
3321,1
3322,7
3323,0
3324,2
3325,4
3326,8
3327,2
3328,6
3329,0
3330,7
3331,0
3332,0
3333,0
3334,3
3335,2
3336,0
3337,0
3338,6
3339,0
3340,1
3341,1
3342,3
3343,6
3344,0
3345,1
3346,0
3347,2
3348,4
3349,3
3350,2
3351,0
3352,3
3353,3
3354,6
3355,4
3356,7
3357,8
3358,2
3359,0
3360,3
3361,0
3362,8
3363,0
3364,0
3365,6
3366,0
3367,0
3368,4
3369,4
3370,1
3371,4
3372,6
3373,0
3374,2
3375,0
3376,7
3377,4
3378,4
3379,0
3380,9
3381,0
3382,0
3383,1
3384,0
3385,1
3386,4
3387,4
3388,4
3389,4
3390,6
3391,4
3392,7
3393,4
3394,7
3395,0
3396,7
3397,4
3398,2
3399,0
3400,5
3401,7
3402,8
3403,6
3404,7
3405,3
3406,4
3407,0
3408,7
3409,4
3410,4
3411,0
3412,0
3413,3
3414,0
3415,1
3416,7
3417,8
3418,4
3419,0
3420,0
3421,6
3422,7
3423,6
3424,0
3425,0
3426,6
3427,7
3428,3
3429,8
3430,0
3431,1
3432,8
3433,0
3434,4
3435,0
3436,0
3437,7
3438,4
3439,0
3440,7
3441,4
3442,0
3443,1
3444,8
3445,7
3446,3
3447,5
3448,0
3449,4
3450,3
3451,8
3452,0
3453,1
3454,4
3455,6
3456,7
3457,4
3458,4
3459,7
3460,7
3461,1
3462,7
3463,4
3464,7
3465,4
3466,1
3467,0
3468,6
3469,7
3470,4
3471,1
3472,4
3473,2
3474,6
3475,4
3476,0
3477,8
3478,0
3479,0
3480,4
3481,0
3482,4
3483,4
3484,6
3485,3
3486,4
3487,8
3488,0
3489,7
3490,7
3491,0
3492,4
3493,7
3494,4
3495,0
3496,7
3497,4
3498,2
3499,0
3500,4
3501,7
3502,2
3503,8
3504,2
3505,6
3506,6
3507,4
3508,3
3509,6
3510,0
3511,4
3512,4
3513,1
3514,3
3515,6
3516,4
3517,7
3518,4
3519,5
3520,4
3521,0
3522,4
3523,6
3524,4
3525,4
3526,2
3527,4
3528,9
3529,2
3530,6
3531,2
3532,2
3533,4
3534,0
3535,2
3536,6
3537,0
3538,4
3539,3
3540,0
3541,0
3542,0
3543,0
3544,4
3545,7
3546,4
3547,7
3548,1
3549,4
3550,8
3551,7
3552,8
3553,4
3554,4
3555,7
3556,6
3557,4
3558,3
3559,8
3560,1
3561,8
3562,7
3563,1
3564,7
3565,0
3566,7
3567,4
3568,3
3569,8
3570,2
3571,4
3572,5
3573,8
3574,8
3575,8
3576,2
3577,0
3578,7
3579,4
3580,4
3581,7
3582,2
3583,1
3584,6
3585,0
3586,8
3587,2
3588,4
3589,4
3590,0
3591,8
3592,4
3593,7
3594,7
3595,0
3596,6
3597,4
3598,1
3599,4
3600,3
3601,3
3602,5
3603,3
3604,8
3605,2
3606,2
3607,8
3608,1
3609,1
3610,8
3611,2
3612,7
3613,1
3614,4
3615,4
3616,0
3617,4
3618,8
3619,0
3620,7
3621,8
3622,1
3623,7
3624,4
3625,0
3626,8
3627,1
3628,0
3629,7
3630,2
3631,7
3632,0
3633,7
3634,4
3635,8
3636,7
3637,0
3638,4
3639,0
3640,1
3641,4
3642,4
3643,8
3644,6
3645,8
3646,7
3647,8
3648,6
3649,4
3650,7
3651,0
3652,0
3653,2
3654,4
3655,0
3656,0
3657,4
3658,2
3659,2
3660,2
3661,3
3662,4
3663,8
3664,0
3665,6
3666,2
3667,8
3668,7
3669,7
3670,6
3671,4
3672,3
3673,0
3674,0
3675,0
3676,7
3677,0
3678,6
3679,8
3680,0
3681,4
3682,7
3683,4
3684,4
3685,4
3686,0
3687,1
3688,0
3689,0
3690,7
3691,4
3692,4
3693,6
3694,0
3695,7
3696,7
3697,0
3698,7
3699,4
3700,3
3701,6
3702,0
3703,8
3704,9
3705,6
3706,7
3707,8
3708,3
3709,4
3710,0
3711,4
3712,4
3713,4
3714,2
3715,0
3716,9
3717,4
3718,7
3719,4
3720,1
3721,1
3722,5
3723,7
3724,4
3725,3
3726,1
3727,4
3728,7
3729,4
3730,6
3731,6
3732,9
3733,4
3734,5
3735,7
3736,0
3737,0
3738,4
3739,4
3740,0
3741,8
3742,4
3743,7
3744,0
3745,3
3746,2
3747,0
3748,4
3749,2
3750,0
3751,4
3752,0
3753,0
3754,7
3755,2
3756,4
3757,6
3758,4
3759,4
3760,4
3761,8
3762,6
3763,0
3764,8
3765,0
3766,3
3767,4
3768,2
3769,0
3770,2
3771,4
3772,6
3773,1
3774,7
3775,7
3776,4
3777,4
3778,6
3779,4
3780,7
3781,4
3782,7
3783,4
3784,8
3785,0
3786,5
3787,2
3788,0
3789,6
3790,6
3791,2
3792,7
3793,7
3794,0
3795,0
3796,7
3797,6
3798,3
3799,4
3800,5
3801,2
3802,1
3803,7
3804,3
3805,1
3806,4
3807,2
3808,4
3809,4
3810,6
3811,3
3812,0
3813,7
3814,2
3815,0
3816,4
3817,3
3818,2
3819,4
3820,4
3821,6
3822,6
3823,6
3824,4
3825,7
3826,7
3827,3
3828,4
3829,7
3830,6
3831,0
3832,0
3833,7
3834,3
3835,5
3836,5
3837,0
3838,2
3839,7
3840,7
3841,7
3842,8
3843,7
3844,6
3845,0
3846,0
3847,6
3848,4
3849,0
3850,4
3851,7
3852,7
3853,5
3854,4
3855,5
3856,1
3857,7
3858,0
3859,3
3860,4
3861,5
3862,6
3863,7
3864,3
3865,7
3866,4
3867,1
3868,0
3869,6
3870,5
3871,4
3872,6
3873,4
3874,4
3875,4
3876,4
3877,2
3878,4
3879,4
3880,0
3881,4
3882,4
3883,7
3884,7
3885,4
3886,0
3887,5
3888,4
3889,0
3890,0
3891,7
3892,0
3893,7
3894,7
3895,6
3896,5
3897,5
3898,6
3899,2
3900,4
3901,4
3902,7
3903,0
3904,0
3905,2
3906,0
3907,7
3908,4
3909,7
3910,7
3911,4
3912,0
3913,7
3914,4
3915,4
3916,6
3917,4
3918,0
3919,1
3920,4
3921,4
3922,0
3923,1
3924,3
3925,4
3926,4
3927,4
3928,6
3929,6
3930,6
3931,7
3932,0
3933,0
3934,8
3935,7
3936,0
3937,3
3938,2
3939,1
3940,6
3941,4
3942,4
3943,4
3944,0
3945,4
3946,0
3947,6
3948,2
3949,0
3950,0
3951,6
3952,0
3953,9
3954,9
3955,6
3956,6
3957,7
3958,0
3959,4
3960,5
3961,3
3962,4
3963,0
3964,0
3965,4
3966,4
3967,7
3968,0
3969,2
3970,5
3971,4
3972,6
3973,7
3974,0
3975,3
3976,0
3977,1
3978,4
3979,7
3980,6
3981,1
3982,1
3983,4
3984,4
3985,0
3986,7
3987,8
3988,5
3989,4
3990,6
3991,7
3992,4
3993,7
3994,5
3995,0
3996,7
3997,4
3998,0
3999,4
4000,0
4001,0
4002,0
4003,3
4004,0
4005,3
4006,2
4007,8
4008,2
4009,2
4010,6
4011,7
4012,1
4013,4
4014,4
4015,0
4016,0
4017,8
4018,4
4019,7
4020,1
4021,4
4022,4
4023,7
4024,4
4025,7
4026,0
4027,7
4028,6
4029,5
4030,7
4031,0
4032,1
4033,9
4034,4
4035,7
4036,6
4037,4
4038,4
4039,7
4040,4
4041,7
4042,7
4043,1
4044,7
4045,7
4046,7
4047,6
4048,1
4049,6
4050,7
4051,0
4052,7
4053,7
4054,4
4055,6
4056,4
4057,7
4058,6
4059,6
4060,5
4061,8
4062,0
4063,5
4064,4
4065,7
4066,0
4067,2
4068,8
4069,1
4070,0
4071,4
4072,3
4073,4
4074,7
4075,0
4076,4
4077,7
4078,4
4079,2
4080,0
4081,2
4082,6
4083,3
4084,6
4085,6
4086,0
4087,2
4088,7
4089,7
4090,1
4091,6
4092,4
4093,6
4094,5
4095,4
4096,7
4097,8
4098,0
4099,1
4100,7
4101,5
4102,1
4103,4
4104,6
4105,0
4106,9
4107,6
4108,7
4109,0
4110,3
4111,6
4112,2
4113,0
4114,5
4115,4
4116,2
4117,4
4118,4
4119,4
4120,4
4121,0
4122,5
4123,4
4124,4
4125,9
4126,2
4127,5
4128,6
4129,0
4130,5
4131,4
4132,5
4133,4
4134,4
4135,3
4136,5
4137,2
4138,1
4139,7
4140,7
4141,0
4142,5
4143,7
4144,7
4145,6
4146,1
4147,0
4148,2
4149,6
4150,5
4151,9
4152,7
4153,2
4154,6
4155,6
4156,7
4157,0
4158,0
4159,6
4160,0
4161,4
4162,6
4163,6
4164,2
4165,7
4166,7
4167,0
4168,6
4169,6
4170,6
4171,6
4172,6
4173,7
4174,7
4175,6
4176,7
4177,4
4178,4
4179,5
4180,4
4181,5
4182,0
4183,3
4184,0
4185,7
4186,7
4187,0
4188,7
4189,6
4190,0
4191,0
4192,6
4193,6
4194,0
4195,0
4196,6
4197,6
4198,2
4199,2
4200,6
4201,7
4202,7
4203,0
4204,0
4205,6
4206,6
4207,4
4208,0
4209,0
4210,9
4211,0
4212,0
4213,2
4214,0
4215,7
4216,6
4217,2
4218,5
4219,2
4220,4
4221,9
4222,1
4223,4
4224,6
4225,7
4226,2
4227,4
4228,7
4229,4
4230,1
4231,7
4232,4
4233,0
4234,1
4235,7
4236,0
4237,7
4238,0
4239,8
4240,0
4241,1
4242,0
4243,6
4244,6
4245,0
4246,6
4247,6
4248,0
4249,4
4250,3
4251,4
4252,0
4253,0
4254,7
4255,0
4256,8
4257,3
4258,4
4259,7
4260,8
4261,6
4262,0
4263,4
4264,9
4265,6
4266,6
4267,0
4268,7
4269,7
4270,7
4271,3
4272,0
4273,0
4274,0
4275,0
4276,0
4277,1
4278,6
4279,7
4280,9
4281,0
4282,1
4283,3
4284,9
4285,0
4286,5
4287,4
4288,6
4289,7
4290,2
4291,7
4292,6
4293,4
4294,6
4295,0
4296,0
4297,2
4298,0
4299,0
4300,7
4301,7
4302,7
4303,1
4304,0
4305,6
4306,7
4307,7
4308,0
4309,5
4310,4
4311,7
4312,9
4313,2
4314,5
4315,7
4316,6
4317,7
4318,3
4319,7
4320,6
4321,2
4322,7
4323,6
4324,4
4325,1
4326,0
4327,2
4328,8
4329,9
4330,0
4331,0
4332,9
4333,4
4334,2
4335,7
4336,4
4337,7
4338,0
4339,7
4340,4
4341,9
4342,0
4343,6
4344,5
4345,7
4346,6
4347,0
4348,9
4349,7
4350,6
4351,5
4352,5
4353,1
4354,6
4355,0
4356,4
4357,4
4358,6
4359,7
4360,0
4361,0
4362,5
4363,8
4364,7
4365,3
4366,2
4367,2
4368,4
4369,4
4370,7
4371,4
4372,4
4373,7
4374,2
4375,4
4376,7
4377,7
4378,5
4379,2
4380,5
4381,7
4382,4
4383,0
4384,5
4385,6
4386,6
4387,6
4388,2
4389,2
4390,6
4391,4
4392,7
4393,1
4394,2
4395,2
4396,4
4397,6
4398,7
4399,6
4400,9
4401,3
4402,5
4403,0
4404,3
4405,0
4406,7
4407,2
4408,7
4409,7
4410,7
4411,4
4412,2
4413,6
4414,0
4415,7
4416,0
4417,0
4418,7
4419,0
4420,1
4421,0
4422,4
4423,4
4424,0
4425,3
4426,6
4427,3
4428,1
4429,4
4430,4
4431,5
4432,7
4433,5
4434,4
4435,0
4436,2
4437,4
4438,6
4439,5
4440,1
4441,5
4442,8
4443,6
4444,9
4445,4
4446,0
4447,4
4448,0
4449,7
4450,5
4451,5
4452,3
4453,7
4454,0
4455,2
4456,6
4457,4
4458,7
4459,0
4460,6
4461,9
4462,1
4463,4
4464,0
4465,6
4466,0
4467,5
4468,4
4469,9
4470,0
4471,4
4472,4
4473,6
4474,7
4475,7
4476,2
4477,5
4478,5
4479,0
4480,5
4481,6
4482,0
4483,0
4484,6
4485,1
4486,7
4487,1
4488,5
4489,3
4490,2
4491,1
4492,0
4493,0
4494,6
4495,3
4496,1
4497,5
4498,1
4499,4
4500,7
4501,0
4502,7
4503,4
4504,0
4505,0
4506,6
4507,3
4508,9
4509,7
4510,7
4511,0
4512,0
4513,5
4514,7
4515,5
4516,1
4517,6
4518,0
4519,9
4520,0
4521,3
4522,7
4523,6
4524,0
4525,1
4526,0
4527,2
4528,5
4529,7
4530,5
4531,6
4532,0
4533,7
4534,6
4535,5
4536,5
4537,3
4538,5
4539,0
4540,9
4541,2
4542,7
4543,4
4544,2
4545,0
4546,6
4547,7
4548,9
4549,7
4550,6
4551,0
4552,0
4553,6
4554,0
4555,7
4556,7
4557,5
4558,7
4559,7
4560,4
4561,2
4562,7
4563,7
4564,7
4565,5
4566,6
4567,2
4568,4
4569,8
4570,5
4571,6
4572,2
4573,4
4574,2
4575,9
4576,6
4577,1
4578,4
4579,5
4580,5
4581,5
4582,7
4583,7
4584,1
4585,2
4586,5
4587,4
4588,0
4589,4
4590,0
4591,6
4592,1
4593,9
4594,5
4595,7
4596,2
4597,4
4598,0
4599,5
4600,2
4601,9
4602,2
4603,7
4604,6
4605,6
4606,7
4607,4
4608,9
4609,9
4610,7
4611,7
4612,9
4613,1
4614,6
4615,7
4616,5
4617,4
4618,7
4619,3
4620,4
4621,7
4622,6
4623,5
4624,5
4625,7
4626,7
4627,5
4628,7
4629,7
4630,5
4631,3
4632,9
4633,4
4634,9
4635,6
4636,4
4637,7
4638,9
4639,9
4640,4
4641,7
4642,5
4643,6
4644,5
4645,5
4646,7
4647,5
4648,6
4649,1
4650,2
4651,7
4652,2
4653,0
4654,7
4655,7
4656,7
4657,6
4658,0
4659,6
4660,7
4661,0
4662,7
4663,7
4664,6
4665,5
4666,9
4667,7
4668,7
4669,0
4670,5
4671,5
4672,7
4673,6
4674,0
4675,9
4676,1
4677,9
4678,9
4679,5
4680,1
4681,0
4682,0
4683,6
4684,9
4685,5
4686,6
4687,7
4688,9
4689,1
4690,7
4691,7
4692,7
4693,6
4694,0
4695,7
4696,5
4697,5
4698,1
4699,9
4700,7
4701,9
4702,4
4703,7
4704,0
4705,5
4706,2
4707,0
4708,7
4709,4
4710,7
4711,7
4712,7
4713,7
4714,4
4715,1
4716,0
4717,6
4718,5
4719,7
4720,5
4721,9
4722,9
4723,9
4724,3
4725,6
4726,7
4727,9
4728,5
4729,7
4730,0
4731,1
4732,6
4733,1
4734,0
4735,2
4736,6
4737,5
4738,0
4739,7
4740,5
4741,7
4742,7
4743,6
4744,7
4745,1
4746,2
4747,9
4748,7
4749,3
4750,6
4751,7
4752,0
4753,0
4754,5
4755,5
4756,9
4757,9
4758,7
4759,9
4760,5
4761,5
4762,4
4763,5
4764,1
4765,5
4766,0
4767,0
4768,2
4769,5
4770,6
4771,7
4772,6
4773,7
4774,6
4775,7
4776,5
4777,5
4778,9
4779,7
4780,7
4781,5
4782,7
4783,9
4784,0
4785,5
4786,7
4787,5
4788,9
4789,7
4790,0
4791,0
4792,6
4793,6
4794,0
4795,0
4796,6
4797,7
4798,7
4799,0
4800,5
4801,2
4802,9
4803,7
4804,4
4805,7
4806,0
4807,4
4808,7
4809,7
4810,5
4811,7
4812,7
4813,5
4814,0
4815,6
4816,5
4817,7
4818,4
4819,7
4820,5
4821,9
4822,1
4823,5
4824,9
4825,7
4826,5
4827,7
4828,7
4829,6
4830,7
4831,1
4832,9
4833,6
4834,1
4835,7
4836,4
4837,7
4838,9
4839,7
4840,9
4841,6
4842,0
4843,9
4844,1
4845,7
4846,0
4847,9
4848,1
4849,5
4850,5
4851,1
4852,4
4853,4
4854,5
4855,5
4856,0
4857,0
4858,5
4859,5
4860,4
4861,5
4862,9
4863,7
4864,6
4865,7
4866,0
4867,0
4868,1
4869,2
4870,9
4871,6
4872,7
4873,1
4874,1
4875,6
4876,7
4877,0
4878,4
4879,9
4880,6
4881,9
4882,0
4883,2
4884,6
4885,3
4886,0
4887,0
4888,0
4889,4
4890,4
4891,0
4892,4
4893,9
4894,0
4895,0
4896,1
4897,9
4898,9
4899,0
4900,6
4901,9
4902,6
4903,0
4904,7
4905,5
4906,9
4907,7
4908,5
4909,9
4910,4
4911,4
4912,9
4913,0
4914,9
4915,2
4916,6
4917,7
4918,7
4919,4
4920,6
4921,1
4922,0
4923,5
4924,6
4925,5
4926,6
4927,7
4928,0
4929,0
4930,5
4931,9
4932,5
4933,4
4934,6
4935,2
4936,7
4937,0
4938,7
4939,5
4940,7
4941,4
4942,4
4943,1
4944,7
4945,5
4946,6
4947,9
4948,7
4949,6
4950,9
4951,7
4952,9
4953,2
4954,2
4955,7
4956,7
4957,4
4958,0
4959,9
4960,5
4961,6
4962,0
4963,6
4964,5
4965,0
4966,5
4967,7
4968,0
4969,0
4970,7
4971,7
4972,2
4973,5
4974,5
4975,0
4976,6
4977,6
4978,7
4979,6
4980,0
4981,7
4982,0
4983,0
4984,9
4985,2
4986,9
4987,5
4988,1
4989,7
4990,0
4991,5
4992,7
4993,5
4994,5
4995,0
4996,4
4997,0
4998,9
4999,2
5000,3
5001,7
5002,7
5003,7
5004,7
5005,5
5006,5
5007,4
5008,7
5009,5
5010,9
5011,1
5012,7
5013,5
5014,5
5015,0
5016,3
5017,7
5018,5
5019,7
5020,5
5021,0
5022,7
5023,1
5024,5
5025,1
5026,0
5027,5
5028,2
5029,6
5030,2
5031,5
5032,2
5033,4
5034,4
5035,7
5036,6
5037,9
5038,0
5039,7
5040,4
5041,0
5042,5
5043,5
5044,2
5045,0
5046,9
5047,9
5048,7
5049,9
5050,6
5051,7
5052,6
5053,7
5054,2
5055,5
5056,5
5057,6
5058,6
5059,7
5060,9
5061,5
5062,0
5063,5
5064,7
5065,9
5066,0
5067,7
5068,0
5069,6
5070,2
5071,0
5072,2
5073,9
5074,9
5075,4
5076,7
5077,6
5078,0
5079,0
5080,5
5081,7
5082,7
5083,0
5084,5
5085,7
5086,0
5087,7
5088,4
5089,0
5090,0
5091,0
5092,7
5093,5
5094,5
5095,9
5096,0
5097,5
5098,5
5099,5
5100,0
5101,7
5102,7
5103,0
5104,7
5105,1
5106,3
5107,5
5108,5
5109,7
5110,9
5111,9
5112,0
5113,0
5114,6
5115,0
5116,5
5117,5
5118,9
5119,7
5120,7
5121,5
5122,7
5123,5
5124,7
5125,0
5126,1
5127,5
5128,5
5129,1
5130,0
5131,5
5132,7
5133,0
5134,3
5135,0
5136,5
5137,0
5138,7
5139,9
5140,7
5141,0
5142,9
5143,0
5144,7
5145,0
5146,5
5147,7
5148,0
5149,6
5150,5
5151,5
5152,2
5153,9
5154,0
5155,7
5156,5
5157,9
5158,7
5159,0
5160,9
5161,0
5162,0
5163,1
5164,7
5165,2
5166,0
5167,0
5168,5
5169,9
5170,5
5171,7
5172,0
5173,4
5174,0
5175,6
5176,1
5177,5
5178,0
5179,7
5180,6
5181,2
5182,1
5183,2
5184,7
5185,1
5186,7
5187,2
5188,0
5189,9
5190,5
5191,0
5192,0
5193,6
5194,1
5195,6
5196,9
5197,7
5198,7
5199,9
5200,5
5201,7
5202,7
5203,2
5204,6
5205,5
5206,9
5207,9
5208,7
5209,1
5210,0
5211,9
5212,7
5213,5
5214,2
5215,5
5216,5
5217,0
5218,5
5219,7
5220,0
5221,6
5222,7
5223,7
5224,7
5225,5
5226,5
5227,9
5228,7
5229,2
5230,7
5231,7
5232,6
5233,7
5234,7
5235,0
5236,1
5237,9
5238,9
5239,5
5240,6
5241,7
5242,7
5243,0
5244,0
5245,5
5246,5
5247,7
5248,5
5249,0
5250,0
5251,5
5252,7
5253,9
5254,5
5255,0
5256,6
5257,5
5258,5
5259,5
5260,9
5261,9
5262,0
5263,9
5264,5
5265,0
5266,5
5267,9
5268,6
5269,0
5270,7
5271,9
5272,0
5273,0
5274,5
5275,9
5276,0
5277,7
5278,6
5279,9
5280,7
5281,5
5282,2
5283,6
5284,0
5285,2
5286,5
5287,7
5288,7
5289,0
5290,9
5291,4
5292,9
5293,5
5294,1
5295,0
5296,2
5297,5
5298,2
5299,5
5300,0
5301,5
5302,5
5303,0
5304,5
5305,0
5306,9
5307,9
5308,0
5309,1
5310,6
5311,0
5312,0
5313,7
5314,5
5315,5
5316,7
5317,0
5318,9
5319,9
5320,2
5321,0
5322,0
5323,4
5324,9
5325,5
5326,1
5327,0
5328,5
5329,5
5330,6
5331,9
5332,5
5333,9
5334,9
5335,7
5336,9
5337,0
5338,9
5339,9
5340,9
5341,9
5342,0
5343,0
5344,7
5345,6
5346,2
5347,7
5348,9
5349,9
5350,7
5351,5
5352,1
5353,9
5354,1
5355,9
5356,0
5357,0
5358,9
5359,0
5360,9
5361,7
5362,6
5363,7
5364,9
5365,9
5366,2
5367,5
5368,2
5369,0
5370,6
5371,5
5372,3
5373,0
5374,9
5375,6
5376,5
5377,5
5378,5
5379,7
5380,7
5381,9
5382,0
5383,0
5384,0
5385,1
5386,4
5387,0
5388,0
5389,0
5390,0
5391,0
5392,7
5393,0
5394,2
5395,7
5396,6
5397,0
5398,5
5399,3
5400,0
5401,2
5402,9
5403,9
5404,9
5405,0
5406,3
5407,9
5408,5
5409,9
5410,9
5411,7
5412,2
5413,0
5414,5
5415,5
5416,9
5417,0
5418,9
5419,9
5420,7
5421,7
5422,9
5423,5
5424,9
5425,7
5426,0
5427,1
5428,7
5429,9
5430,7
5431,6
5432,9
5433,9
5434,0
5435,0
5436,0
5437,9
5438,0
5439,3
5440,5
5441,0
5442,3
5443,2
5444,0
5445,0
5446,5
5447,5
5448,5
5449,5
5450,0
5451,5
5452,0
5453,2
5454,0
5455,7
5456,5
5457,0
5458,5
5459,0
5460,0
5461,0
5462,5
5463,0
5464,7
5465,5
5466,9
5467,5
5468,9
5469,0
5470,1
5471,1
5472,9
5473,0
5474,3
5475,0
5476,5
5477,5
5478,5
5479,9
5480,9
5481,9
5482,7
5483,7
5484,1
5485,9
5486,0
5487,5
5488,5
5489,9
5490,9
5491,3
5492,0
5493,9
5494,7
5495,5
5496,0
5497,0
5498,0
5499,2
5500,1
5501,5
5502,5
5503,9
5504,9
5505,0
5506,5
5507,0
5508,0
5509,5
5510,5
5511,5
5512,1
5513,5
5514,6
5515,5
5516,0
5517,0
5518,7
5519,1
5520,7
5521,7
5522,9
5523,5
5524,5
5525,2
5526,3
5527,7
5528,7
5529,5
5530,6
5531,1
5532,5
5533,0
5534,0
5535,2
5536,1
5537,7
5538,5
5539,5
5540,1
5541,9
5542,0
5543,9
5544,5
5545,0
5546,5
5547,9
5548,0
5549,9
5550,0
5551,5
5552,1
5553,7
5554,0
5555,2
5556,9
5557,7
5558,9
5559,6
5560,7
5561,2
5562,0
5563,7
5564,2
5565,7
5566,7
5567,7
5568,9
5569,0
5570,5
5571,7
5572,5
5573,5
5574,5
5575,7
5576,5
5577,2
5578,5
5579,7
5580,9
5581,0
5582,9
5583,7
5584,9
5585,4
5586,5
5587,9
5588,0
5589,5
5590,3
5591,7
5592,9
5593,9
5594,9
5595,5
5596,9
5597,5
5598,0
5599,5
5600,0
5601,1
5602,2
5603,9
5604,6
5605,5
5606,9
5607,4
5608,0
5609,5
5610,5
5611,5
5612,5
5613,1
5614,2
5615,5
5616,9
5617,7
5618,5
5619,7
5620,9
5621,9
5622,7
5623,9
5624,3
5625,6
5626,9
5627,7
5628,5
5629,0
5630,9
5631,5
5632,7
5633,5
5634,2
5635,0
5636,1
5637,0
5638,7
5639,7
5640,9
5641,7
5642,7
5643,0
5644,0
5645,0
5646,0
5647,5
5648,5
5649,0
5650,9
5651,0
5652,9
5653,9
5654,5
5655,2
5656,7
5657,9
5658,9
5659,9
5660,1
5661,9
5662,9
5663,9
5664,0
5665,1
5666,0
5667,5
5668,9
5669,5
5670,5
5671,7
5672,9
5673,5
5674,2
5675,5
5676,0
5677,5
5678,9
5679,5
5680,5
5681,7
5682,5
5683,2
5684,5
5685,9
5686,0
5687,9
5688,0
5689,2
5690,7
5691,9
5692,9
5693,9
5694,2
5695,2
5696,5
5697,9
5698,9
5699,0
5700,0
5701,0
5702,5
5703,7
5704,5
5705,9
5706,2
5707,9
5708,0
5709,0
5710,2
5711,3
5712,1
5713,2
5714,0
5715,0
5716,7
5717,1
5718,7
5719,7
5720,3
5721,7
5722,0
5723,0
5724,5
5725,2
5726,9
5727,1
5728,7
5729,5
5730,0
5731,1
5732,5
5733,5
5734,9
5735,5
5736,1
5737,9
5738,2
5739,0
5740,7
5741,7
5742,0
5743,0
5744,7
5745,5
5746,9
5747,0
5748,9
5749,1
5750,5
5751,1
5752,9
5753,1
5754,5
5755,5
5756,7
5757,7
5758,9
5759,5
5760,7
5761,9
5762,9
5763,5
5764,2
5765,9
5766,5
5767,7
5768,9
5769,0
5770,0
5771,7
5772,5
5773,5
5774,7
5775,2
5776,7
5777,1
5778,5
5779,1
5780,2
5781,5
5782,0
5783,0
5784,0
5785,9
5786,2
5787,0
5788,0
5789,9
5790,5
5791,0
5792,7
5793,7
5794,0
5795,7
5796,2
5797,0
5798,1
5799,3
5800,0
5801,5
5802,7
5803,9
5804,0
5805,5
5806,2
5807,9
5808,9
5809,7
5810,0
5811,0
5812,1
5813,5
5814,5
5815,7
5816,0
5817,0
5818,1
5819,5
5820,5
5821,9
5822,5
5823,2
5824,1
5825,5
5826,5
5827,9
5828,7
5829,9
5830,2
5831,5
5832,9
5833,5
5834,3
5835,5
5836,0
5837,5
5838,9
5839,5
5840,7
5841,0
5842,9
5843,5
5844,0
5845,5
5846,5
5847,0
5848,0
5849,6
5850,7
5851,9
5852,0
5853,5
5854,1
5855,2
5856,1
5857,5
5858,7
5859,5
5860,5
5861,7
5862,0
5863,7
5864,5
5865,9
5866,1
5867,7
5868,0
5869,9
5870,9
5871,0
5872,1
5873,7
5874,5
5875,3
5876,0
5877,9
5878,5
5879,0
5880,5
5881,5
5882,0
5883,0
5884,6
5885,2
5886,9
5887,9
5888,9
5889,5
5890,9
5891,5
5892,3
5893,5
5894,2
5895,2
5896,9
5897,9
5898,5
5899,0
5900,0
5901,9
5902,0
5903,0
5904,9
5905,5
5906,0
5907,0
5908,0
5909,2
5910,7
5911,5
5912,0
5913,6
5914,9
5915,1
5916,5
5917,7
5918,9
5919,2
5920,9
5921,9
5922,7
5923,9
5924,7
5925,7
5926,9
5927,5
5928,0
5929,1
5930,9
5931,0
5932,7
5933,7
5934,5
5935,7
5936,7
5937,0
5938,0
5939,1
5940,9
5941,5
5942,9
5943,5
5944,5
5945,9
5946,9
5947,7
5948,7
5949,5
5950,9
5951,9
5952,7
5953,5
5954,9
5955,0
5956,7
5957,5
5958,1
5959,5
5960,9
5961,0
5962,0
5963,9
5964,9
5965,9
5966,7
5967,0
5968,5
5969,9
5970,7
5971,0
5972,7
5973,7
5974,0
5975,0
5976,1
5977,9
5978,7
5979,0
5980,9
5981,2
5982,9
5983,0
5984,0
5985,1
5986,9
5987,1
5988,2
5989,5
5990,9
5991,7
5992,9
5993,5
5994,7
5995,9
5996,9
5997,9
5998,9
5999,3
6000,6
6001,9
6002,0
6003,7
6004,5
6005,5
6006,5
6007,5
6008,0
6009,9
6010,1
6011,9
6012,9
6013,0
6014,9
6015,9
6016,0
6017,5
6018,7
6019,7
6020,9
6021,2
6022,0
6023,5
6024,9
6025,3
6026,9
6027,0
6028,7
6029,0
6030,2
6031,9
6032,9
6033,2
6034,5
6035,0
6036,0
6037,0
6038,9
6039,5
6040,0
6041,5
6042,5
6043,5
6044,9
6045,9
6046,9
6047,0
6048,2
6049,0
6050,9
6051,5
6052,9
6053,9
6054,0
6055,9
6056,9
6057,2
6058,0
6059,7
6060,3
6061,0
6062,5
6063,9
6064,5
6065,9
6066,7
6067,6
6068,9
6069,5
6070,9
6071,0
6072,5
6073,5
6074,9
6075,9
6076,2
6077,9
6078,3
6079,7
6080,9
6081,9
6082,7
6083,5
6084,0
6085,9
6086,0
6087,9
6088,5
6089,0
6090,7
6091,5
6092,5
6093,5
6094,9
6095,1
6096,9
6097,0
6098,7
6099,0
6100,0
6101,5
6102,0
6103,5
6104,5
6105,9
6106,5
6107,0
6108,5
6109,5
6110,0
6111,5
6112,9
6113,9
6114,7
6115,1
6116,1
6117,1
6118,0
6119,5
6120,1
6121,5
6122,3
6123,5
6124,0
6125,5
6126,9
6127,7
6128,0
6129,9
6130,6
6131,2
6132,9
6133,1
6134,7
6135,5
6136,9
6137,2
6138,9
6139,9
6140,9
6141,9
6142,5
6143,5
6144,5
6145,9
6146,5
6147,7
6148,9
6149,5
6150,5
6151,5
6152,2
6153,7
6154,5
6155,1
6156,0
6157,9
6158,0
6159,2
6160,9
6161,0
6162,7
6163,0
6164,0
6165,0
6166,9
6167,7
6168,9
6169,0
6170,1
6171,0
6172,9
6173,9
6174,2
6175,9
6176,5
6177,5
6178,2
6179,9
6180,7
6181,0
6182,0
6183,0
6184,9
6185,7
6186,5
6187,0
6188,1
6189,5
6190,7
6191,5
6192,7
6193,2
6194,5
6195,9
6196,7
6197,9
6198,9
6199,0
6200,9
6201,9
6202,7
6203,9
6204,5
6205,7
6206,1
6207,5
6208,1
6209,2
6210,5
6211,9
6212,9
6213,9
6214,9
6215,5
6216,5
6217,9
6218,5
6219,0
6220,7
6221,0
6222,1
6223,1
6224,0
6225,9
6226,7
6227,0
6228,9
6229,9
6230,5
6231,7
6232,9
6233,5
6234,5
6235,9
6236,7
6237,2
6238,9
6239,9
6240,1
6241,7
6242,0
6243,9
6244,0
6245,9
6246,5
6247,5
6248,9
6249,0
6250,9
6251,9
6252,0
6253,9
6254,3
6255,9
6256,9
6257,9
6258,3
6259,5
6260,1
6261,9
6262,0
6263,5
6264,9
6265,7
6266,5
6267,9
6268,9
6269,9
6270,9
6271,9
6272,0
6273,9
6274,2
6275,5
6276,5
6277,5
6278,7
6279,5
6280,0
6281,2
6282,5
6283,7
6284,2
6285,7
6286,9
6287,9
6288,5
6289,9
6290,9
6291,2
6292,9
6293,5
6294,0
6295,5
6296,5
6297,0
6298,1
6299,9
6300,5
6301,7
6302,9
6303,7
6304,9
6305,0
6306,9
6307,9
6308,7
6309,7
6310,9
6311,9
6312,2
6313,1
6314,9
6315,5
6316,5
6317,1
6318,9
6319,9
6320,0
6321,5
6322,5
6323,9
6324,2
6325,0
6326,9
6327,9
6328,5
6329,0
6330,9
6331,9
6332,2
6333,2
6334,2
6335,0
6336,9
6337,0
6338,9
6339,9
6340,5
6341,0
6342,5
6343,5
6344,7
6345,0
6346,5
6347,7
6348,9
6349,5
6350,0
6351,9
6352,9
6353,6
6354,5
6355,5
6356,1
6357,9
6358,9
6359,0
6360,5
6361,1
6362,0
6363,5
6364,0
6365,5
6366,0
6367,0
6368,5
6369,0
6370,7
6371,5
6372,5
6373,0
6374,9
6375,2
6376,9
6377,9
6378,0
6379,7
6380,9
6381,9
6382,9
6383,9
6384,5
6385,0
6386,5
6387,9
6388,9
6389,9
6390,9
6391,9
6392,0
6393,9
6394,0
6395,9
6396,9
6397,3
6398,9
6399,3
6400,5
6401,9
6402,0
6403,0
6404,9
6405,7
6406,9
6407,9
6408,0
6409,5
6410,0
6411,5
6412,9
6413,2
6414,7
6415,9
6416,5
6417,0
6418,5
6419,5
6420,7
6421,1
6422,1
6423,9
6424,9
6425,9
6426,9
6427,9
6428,3
6429,7
6430,9
6431,9
6432,9
6433,9
6434,0
6435,7
6436,0
6437,3
6438,9
6439,5
6440,5
6441,9
6442,0
6443,0
6444,0
6445,5
6446,9
6447,9
6448,9
6449,5
6450,1
6451,5
6452,0
6453,9
6454,2
6455,9
6456,9
6457,9
6458,9
6459,5
6460,9
6461,5
6462,5
6463,9
6464,0
6465,0
6466,5
6467,9
6468,0
6469,5
6470,9
6471,9
6472,9
6473,5
6474,5
6475,0
6476,9
6477,9
6478,0
6479,5
6480,5
6481,5
6482,3
6483,9
6484,5
6485,0
6486,0
6487,9
6488,5
6489,9
6490,7
6491,5
6492,9
6493,9
6494,0
6495,9
6496,9
6497,9
6498,9
6499,0
6500,5
6501,5
6502,9
6503,9
6504,0
6505,9
6506,9
6507,9
6508,9
6509,0
6510,9
6511,9
6512,5
6513,2
6514,5
6515,9
6516,9
6517,9
6518,1
6519,7
6520,9
6521,1
6522,9
6523,7
6524,9
6525,5
6526,9
6527,2
6528,9
6529,9
6530,9
6531,2
6532,1
6533,0
6534,9
6535,9
6536,9
6537,9
6538,6
6539,9
6540,0
6541,9
6542,5
6543,7
6544,7
6545,0
6546,0
6547,9
6548,9
6549,9
6550,9
6551,0
6552,9
6553,5
6554,5
6555,5
6556,9
6557,9
6558,0
6559,9
6560,7
6561,9
6562,0
6563,3
6564,9
6565,9
6566,9
6567,5
6568,1
6569,0
6570,5
6571,3
6572,5
6573,9
6574,5
6575,5
6576,5
6577,5
6578,7
6579,5
6580,3
6581,9
6582,9
6583,1
6584,9
6585,9
6586,3
6587,5
6588,0
6589,7
6590,9
6591,5
6592,0
6593,9
6594,7
6595,7
6596,5
6597,9
6598,5
6599,9
6600,0
6601,9
6602,5
6603,9
6604,5
6605,1
6606,0
6607,0
6608,7
6609,3
6610,1
6611,9
6612,2
6613,0
6614,9
6615,9
6616,9
6617,7
6618,0
6619,9
6620,7
6621,7
6622,5
6623,9
6624,9
6625,9
6626,9
6627,7
6628,9
6629,9
6630,0
6631,5
6632,9
6633,9
6634,9
6635,9
6636,9
6637,9
6638,9
6639,9
6640,1
6641,9
6642,7
6643,0
6644,9
6645,7
6646,9
6647,9
6648,1
6649,0
6650,9
6651,0
6652,9
6653,0
6654,2
6655,0
6656,7
6657,5
6658,9
6659,0
6660,0
6661,0
6662,5
6663,3
6664,0
6665,9
6666,0
6667,2
6668,9
6669,9
6670,9
6671,9
6672,9
6673,9
6674,9
6675,9
6676,0
6677,5
6678,0
6679,9
6680,5
6681,5
6682,0
6683,5
6684,9
6685,0
6686,9
6687,5
6688,7
6689,9
6690,7
6691,0
6692,2
6693,9
6694,9
6695,5
6696,9
6697,9
6698,9
6699,0
6700,9
6701,5
6702,7
6703,0
6704,9
6705,9
6706,2
6707,9
6708,5
6709,9
6710,5
6711,7
6712,9
6713,9
6714,5
6715,9
6716,9
6717,5
6718,0
6719,9
6720,9
6721,9
6722,1
6723,9
6724,9
6725,9
6726,9
6727,0
6728,9
6729,3
6730,0
6731,5
6732,9
6733,9
6734,5
6735,9
6736,0
6737,0
6738,0
6739,5
6740,5
6741,0
6742,0
6743,9
6744,9
6745,5
6746,5
6747,5
6748,9
6749,7
6750,9
6751,2
6752,3
6753,7
6754,5
6755,9
6756,2
6757,0
6758,7
6759,9
6760,5
6761,5
6762,9
6763,9
6764,1
6765,2
6766,9
6767,7
6768,9
6769,9
6770,9
6771,0
6772,7
6773,9
6774,9
6775,9
6776,9
6777,7
6778,9
6779,0
6780,5
6781,0
6782,5
6783,1
6784,0
6785,0
6786,9
6787,5
6788,5
6789,9
6790,7
6791,0
6792,5
6793,9
6794,9
6795,9
6796,9
6797,1
6798,5
6799,9
6800,5
6801,9
6802,5
6803,7
6804,9
6805,9
6806,1
6807,9
6808,9
6809,7
6810,5
6811,9
6812,9
6813,5
6814,5
6815,9
6816,2
6817,9
6818,7
6819,5
6820,0
6821,5
6822,7
6823,9
6824,5
6825,5
6826,9
6827,9
6828,9
6829,2
6830,9
6831,5
6832,9
6833,9
6834,5
6835,9
6836,9
6837,0
6838,5
6839,9
6840,9
6841,9
6842,2
6843,9
6844,9
6845,9
6846,9
6847,9
6848,9
6849,9
6850,5
6851,9
6852,9
6853,0
6854,0
6855,5
6856,9
6857,9
6858,5
6859,9
6860,3
6861,0
6862,9
6863,5
6864,5
6865,9
6866,9
6867,5
6868,9
6869,9
6870,5
6871,9
6872,1
6873,9
6874,0
6875,0
6876,9
6877,5
6878,0
6879,9
6880,5
6881,2
6882,5
6883,0
6884,7
6885,9
6886,0
6887,9
6888,9
6889,2
6890,5
6891,9
6892,7
6893,9
6894,5
6895,7
6896,9
6897,9
6898,9
6899,9
6900,9
6901,9
6902,5
6903,9
6904,9
6905,7
6906,9
6907,9
6908,9
6909,9
6910,0
6911,7
6912,9
6913,5
6914,9
6915,5
6916,9
6917,0
6918,9
6919,9
6920,9
6921,9
6922,9
6923,9
6924,5
6925,5
6926,9
6927,9
6928,9
6929,9
6930,9
6931,9
6932,3
6933,1
6934,9
6935,0
6936,9
6937,9
6938,9
6939,9
6940,9
6941,0
6942,2
6943,9
6944,9
6945,9
6946,9
6947,9
6948,7
6949,9
6950,9
6951,9
6952,9
6953,5
6954,2
6955,9
6956,9
6957,5
6958,9
6959,1
6960,5
6961,9
6962,9
6963,9
6964,0
6965,7
6966,9
6967,9
6968,9
6969,5
6970,9
6971,1
6972,9
6973,9
6974,5
6975,9
6976,9
6977,9
6978,7
6979,0
6980,9
6981,9
6982,2
6983,9
6984,2
6985,9
6986,5
6987,1
6988,9
6989,9
6990,9
6991,7
6992,9
6993,9
6994,9
6995,9
6996,9
6997,5
6998,9
6999,0
7000,9
7001,5
7002,0
7003,5
7004,9
7005,9
7006,0
7007,9
7008,9
7009,9
7010,1
7011,5
7012,5
7013,9
7014,5
7015,9
7016,7
7017,9
7018,0
7019,7
7020,2
7021,5
7022,1
7023,9
7024,1
7025,9
7026,9
7027,7
7028,9
7029,1
7030,5
7031,9
7032,9
7033,7
7034,9
7035,7
7036,7
7037,5
7038,6
7039,2
7040,1
7041,8
7042,3
7043,4
7044,3
7045,8
7046,4
7047,0
7048,3
7049,2
7050,4
7051,8
7052,8
7053,1
7054,2
7055,4
7056,8
7057,2
7058,4
7059,4
7060,2
7061,8
7062,3
7063,1
7064,2
7065,8
7066,8
7067,2
7068,6
7069,4
7070,2
7071,4
7072,8
7073,0
7074,4
7075,4
7076,3
7077,4
7078,2
7079,4
7080,3
7081,2
7082,2
7083,4
7084,8
7085,4
7086,2
7087,2
7088,8
7089,6
7090,8
7091,4
7092,4
7093,8
7094,2
7095,8
7096,3
7097,0
7098,2
7099,0
7100,8
7101,4
7102,1
7103,4
7104,2
7105,6
7106,6
7107,4
7108,0
7109,8
7110,4
7111,3
7112,8
7113,4
7114,8
7115,4
7116,4
7117,4
7118,4
7119,2
7120,8
7121,8
7122,4
7123,4
7124,0
7125,8
7126,8
7127,0
7128,8
7129,4
7130,4
7131,2
7132,8
7133,0
7134,8
7135,4
7136,1
7137,2
7138,2
7139,3
7140,2
7141,2
7142,4
7143,4
7144,8
7145,4
7146,4
7147,4
7148,6
7149,2
7150,6
7151,8
7152,6
7153,6
7154,4
7155,3
7156,4
7157,6
7158,8
7159,0
7160,2
7161,4
7162,4
7163,4
7164,4
7165,2
7166,1
7167,0
7168,8
7169,2
7170,2
7171,3
7172,4
7173,4
7174,8
7175,2
7176,8
7177,4
7178,4
7179,4
7180,3
7181,0
7182,3
7183,4
7184,0
7185,2
7186,8
7187,2
7188,4
7189,8
7190,8
7191,4
7192,8
7193,0
7194,4
7195,4
7196,4
7197,8
7198,2
7199,4
7200,4
7201,8
7202,4
7203,3
7204,8
7205,4
7206,1
7207,4
7208,4
7209,1
7210,8
7211,4
7212,4
7213,4
7214,3
7215,2
7216,1
7217,4
7218,1
7219,6
7220,4
7221,2
7222,2
7223,6
7224,4
7225,4
7226,4
7227,0
7228,4
7229,2
7230,4
7231,3
7232,0
7233,4
7234,4
7235,4
7236,4
7237,4
7238,8
7239,4
7240,4
7241,2
7242,8
7243,2
7244,2
7245,2
7246,8
7247,4
7248,8
7249,4
7250,4
7251,2
7252,8
7253,8
7254,1
7255,4
7256,4
7257,4
7258,3
7259,8
7260,3
7261,2
7262,6
7263,4
7264,8
7265,3
7266,3
7267,6
7268,3
7269,3
7270,2
7271,8
7272,8
7273,8
7274,0
7275,4
7276,8
7277,4
7278,4
7279,4
7280,4
7281,8
7282,8
7283,2
7284,0
7285,8
7286,8
7287,0
7288,4
7289,2
7290,3
7291,4
7292,8
7293,4
7294,4
7295,8
7296,4
7297,2
7298,8
7299,8
7300,8
7301,0
7302,2
7303,6
7304,2
7305,8
7306,4
7307,4
7308,3
7309,8
7310,4
7311,1
7312,4
7313,4
7314,4
7315,4
7316,8
7317,4
7318,6
7319,1
7320,4
7321,4
7322,2
7323,3
7324,0
7325,4
7326,4
7327,3
7328,4
7329,4
7330,6
7331,6
7332,0
7333,2
7334,6
7335,2
7336,1
7337,6
7338,2
7339,4
7340,8
7341,4
7342,1
7343,8
7344,8
7345,8
7346,4
7347,8
7348,4
7349,6
7350,6
7351,4
7352,4
7353,2
7354,6
7355,6
7356,2
7357,2
7358,3
7359,2
7360,2
7361,8
7362,4
7363,2
7364,4
7365,8
7366,1
7367,4
7368,8
7369,3
7370,8
7371,0
7372,4
7373,4
7374,4
7375,8
7376,4
7377,4
7378,4
7379,4
7380,8
7381,6
7382,8
7383,4
7384,4
7385,4
7386,4
7387,2
7388,6
7389,2
7390,4
7391,3
7392,4
7393,6
7394,4
7395,0
7396,8
7397,0
7398,2
7399,4
7400,2
7401,8
7402,8
7403,1
7404,1
7405,4
7406,4
7407,4
7408,0
7409,4
7410,6
7411,3
7412,4
7413,3
7414,2
7415,3
7416,2
7417,2
7418,6
7419,4
7420,4
7421,8
7422,4
7423,6
7424,8
7425,4
7426,3
7427,4
7428,2
7429,4
7430,3
7431,4
7432,4
7433,4
7434,8
7435,3
7436,8
7437,2
7438,8
7439,6
7440,2
7441,8
7442,4
7443,4
7444,3
7445,3
7446,4
7447,2
7448,6
7449,4
7450,4
7451,4
7452,2
7453,8
7454,1
7455,1
7456,8
7457,8
7458,4
7459,4
7460,6
7461,4
7462,3
7463,4
7464,4
7465,2
7466,0
7467,8
7468,8
7469,8
7470,1
7471,4
7472,4
7473,4
7474,3
7475,2
7476,4
7477,4
7478,4
7479,8
7480,1
7481,4
7482,6
7483,4
7484,4
7485,2
7486,3
7487,4
7488,4
7489,2
7490,4
7491,4
7492,0
7493,2
7494,4
7495,2
7496,4
7497,4
7498,4
7499,1
7500,4
7501,8
7502,4
7503,4
7504,4
7505,8
7506,2
7507,0
7508,4
7509,2
7510,4
7511,8
7512,6
7513,4
7514,2
7515,4
7516,4
7517,2
7518,2
7519,0
7520,0
7521,8
7522,6
7523,4
7524,4
7525,6
7526,2
7527,2
7528,8
7529,8
7530,4
7531,2
7532,0
7533,1
7534,4
7535,4
7536,6
7537,0
7538,4
7539,8
7540,4
7541,4
7542,4
7543,2
7544,0
7545,4
7546,3
7547,4
7548,4
7549,4
7550,2
7551,4
7552,8
7553,1
7554,3
7555,3
7556,4
7557,8
7558,4
7559,4
7560,2
7561,8
7562,4
7563,1
7564,2
7565,2
7566,2
7567,2
7568,2
7569,4
7570,3
7571,8
7572,4
7573,4
7574,8
7575,1
7576,4
7577,1
7578,2
7579,4
7580,2
7581,3
7582,8
7583,4
7584,8
7585,3
7586,2
7587,4
7588,2
7589,8
7590,6
7591,2
7592,6
7593,4
7594,0
7595,0
7596,8
7597,2
7598,2
7599,4
7600,0
7601,2
7602,2
7603,4
7604,4
7605,4
7606,8
7607,3
7608,3
7609,4
7610,2
7611,8
7612,2
7613,8
7614,2
7615,8
7616,2
7617,8
7618,8
7619,8
7620,8
7621,0
7622,2
7623,3
7624,4
7625,2
7626,4
7627,2
7628,0
7629,4
7630,4
7631,4
7632,6
7633,2
7634,3
7635,4
7636,4
7637,0
7638,4
7639,8
7640,3
7641,4
7642,8
7643,3
7644,4
7645,4
7646,6
7647,4
7648,8
7649,3
7650,8
7651,4
7652,6
7653,4
7654,1
7655,4
7656,4
7657,8
7658,4
7659,8
7660,1
7661,4
7662,2
7663,2
7664,8
7665,4
7666,8
7667,0
7668,8
7669,3
7670,4
7671,4
7672,4
7673,4
7674,4
7675,6
7676,8
7677,4
7678,1
7679,0
7680,4
7681,0
7682,1
7683,4
7684,1
7685,2
7686,0
7687,8
7688,8
7689,3
7690,0
7691,4
7692,6
7693,1
7694,8
7695,4
7696,4
7697,0
7698,4
7699,4
7700,4
7701,8
7702,3
7703,2
7704,0
7705,4
7706,4
7707,2
7708,0
7709,1
7710,8
7711,4
7712,4
7713,0
7714,2
7715,8
7716,4
7717,8
7718,0
7719,4
7720,8
7721,6
7722,8
7723,4
7724,4
7725,8
7726,0
7727,4
7728,8
7729,6
7730,8
7731,8
7732,4
7733,8
7734,4
7735,4
7736,4
7737,4
7738,4
7739,6
7740,4
7741,3
7742,6
7743,8
7744,2
7745,1
7746,4
7747,3
7748,8
7749,8
7750,8
7751,4
7752,8
7753,2
7754,3
7755,2
7756,4
7757,3
7758,4
7759,2
7760,4
7761,4
7762,1
7763,4
7764,2
7765,3
7766,8
7767,4
7768,4
7769,3
7770,0
7771,8
7772,8
7773,8
7774,2
7775,4
7776,0
7777,8
7778,0
7779,8
7780,6
7781,0
7782,0
7783,6
7784,2
7785,2
7786,4
7787,4
7788,3
7789,4
7790,4
7791,8
7792,4
7793,8
7794,4
7795,0
7796,6
7797,6
7798,4
7799,4
7800,2
7801,6
7802,1
7803,2
7804,4
7805,4
7806,8
7807,2
7808,8
7809,4
7810,2
7811,4
7812,0
7813,2
7814,8
7815,2
7816,4
7817,4
7818,2
7819,4
7820,8
7821,4
7822,2
7823,4
7824,0
7825,1
7826,4
7827,4
7828,2
7829,2
7830,3
7831,8
7832,0
7833,4
7834,8
7835,2
7836,4
7837,0
7838,4
7839,8
7840,6
7841,4
7842,4
7843,8
7844,4
7845,1
7846,4
7847,2
7848,3
7849,3
7850,2
7851,8
7852,4
7853,4
7854,0
7855,4
7856,4
7857,4
7858,2
7859,0
7860,2
7861,4
7862,8
7863,2
7864,8
7865,0
7866,2
7867,4
7868,6
7869,8
7870,3
7871,1
7872,4
7873,2
7874,8
7875,8
7876,6
7877,4
7878,1
7879,3
7880,2
7881,1
7882,8
7883,0
7884,8
7885,8
7886,2
7887,8
7888,4
7889,6
7890,4
7891,4
7892,4
7893,4
7894,8
7895,8
7896,8
7897,8
7898,7
7899,2
7900,8
7901,2
7902,3
7903,4
7904,4
7905,3
7906,8
7907,6
7908,4
7909,8
7910,4
7911,4
7912,8
7913,4
7914,4
7915,0
7916,0
7917,4
7918,2
7919,2
7920,4
7921,2
7922,0
7923,4
7924,0
7925,8
7926,8
7927,3
7928,4
7929,4
7930,4
7931,4
7932,0
7933,4
7934,4
7935,8
7936,4
7937,1
7938,8
7939,2
7940,4
7941,8
7942,8
7943,4
7944,4
7945,8
7946,0
7947,0
7948,4
7949,4
7950,4
7951,8
7952,4
7953,8
7954,4
7955,4
7956,8
7957,2
7958,6
7959,8
7960,8
7961,4
7962,4
7963,6
7964,4
7965,6
7966,4
7967,2
7968,8
7969,4
7970,8
7971,4
7972,4
7973,2
7974,2
7975,8
7976,0
7977,3
7978,2
7979,4
7980,4
7981,4
7982,8
7983,4
7984,4
7985,4
7986,6
7987,6
7988,1
7989,4
7990,4
7991,0
7992,1
7993,4
7994,8
7995,2
7996,8
7997,4
7998,4
7999,8
8000,3
8001,8
8002,4
8003,2
8004,1
8005,2
8006,2
8007,4
8008,0
8009,4
8010,2
8011,0
8012,0
8013,2
8014,4
8015,4
8016,8
8017,3
8018,4
8019,4
8020,8
8021,6
8022,4
8023,2
8024,4
8025,3
8026,8
8027,4
8028,6
8029,4
8030,4
8031,0
8032,0
8033,8
8034,2
8035,8
8036,2
8037,2
8038,4
8039,4
8040,4
8041,4
8042,3
8043,8
8044,0
8045,8
8046,1
8047,4
8048,3
8049,8
8050,8
8051,4
8052,2
8053,4
8054,0
8055,0
8056,6
8057,2
8058,0
8059,8
8060,2
8061,0
8062,0
8063,1
8064,4
8065,4
8066,4
8067,8
8068,4
8069,1
8070,4
8071,0
8072,8
8073,2
8074,4
8075,4
8076,4
8077,2
8078,6
8079,4
8080,1
8081,8
8082,0
8083,8
8084,4
8085,2
8086,2
8087,4
8088,8
8089,6
8090,1
8091,4
8092,3
8093,6
8094,0
8095,2
8096,6
8097,4
8098,4
8099,0
8100,1
8101,6
8102,6
8103,2
8104,8
8105,4
8106,0
8107,1
8108,4
8109,2
8110,8
8111,8
8112,0
8113,4
8114,0
8115,8
8116,1
8117,2
8118,0
8119,4
8120,4
8121,4
8122,8
8123,1
8124,1
8125,3
8126,4
8127,4
8128,0
8129,8
8130,4
8131,4
8132,3
8133,4
8134,8
8135,4
8136,4
8137,4
8138,4
8139,8
8140,8
8141,6
8142,2
8143,2
8144,0
8145,0
8146,4
8147,4
8148,8
8149,0
8150,0
8151,8
8152,4
8153,2
8154,4
8155,8
8156,4
8157,4
8158,1
8159,8
8160,4
8161,4
8162,0
8163,8
8164,4
8165,1
8166,8
8167,2
8168,4
8169,4
8170,2
8171,4
8172,0
8173,4
8174,4
8175,4
8176,4
8177,3
8178,2
8179,2
8180,2
8181,8
8182,4
8183,8
8184,8
8185,0
8186,6
8187,4
8188,1
8189,4
8190,8
8191,0
8192,8
8193,2
8194,4
8195,4
8196,3
8197,4
8198,2
8199,8
8200,8
8201,8
8202,8
8203,8
8204,0
8205,2
8206,4
8207,8
8208,1
8209,2
8210,3
8211,8
8212,3
8213,8
8214,4
8215,0
8216,2
8217,8
8218,0
8219,2
8220,2
8221,1
8222,8
8223,4
8224,6
8225,4
8226,0
8227,2
8228,4
8229,4
8230,0
8231,8
8232,4
8233,2
8234,1
8235,1
8236,2
8237,2
8238,1
8239,0
8240,4
8241,4
8242,8
8243,2
8244,0
8245,3
8246,6
8247,1
8248,4
8249,4
8250,8
8251,6
8252,8
8253,4
8254,0
8255,8
8256,4
8257,2
8258,4
8259,2
8260,6
8261,4
8262,4
8263,0
8264,2
8265,2
8266,8
8267,8
8268,2
8269,4
8270,4
8271,8
8272,4
8273,0
8274,8
8275,4
8276,1
8277,6
8278,0
8279,4
8280,4
8281,4
8282,4
8283,2
8284,8
8285,4
8286,0
8287,3
8288,8
8289,4
8290,4
8291,8
8292,4
8293,8
8294,4
8295,4
8296,2
8297,1
8298,3
8299,0
8300,0
8301,4
8302,3
8303,2
8304,3
8305,4
8306,2
8307,4
8308,0
8309,1
8310,4
8311,6
8312,8
8313,4
8314,8
8315,0
8316,2
8317,8
8318,8
8319,2
8320,4
8321,1
8322,0
8323,6
8324,0
8325,3
8326,8
8327,2
8328,8
8329,3
8330,4
8331,2
8332,8
8333,0
8334,8
8335,2
8336,4
8337,2
8338,4
8339,8
8340,8
8341,4
8342,4
8343,0
8344,4
8345,4
8346,8
8347,1
8348,4
8349,2
8350,3
8351,2
8352,6
8353,4
8354,4
8355,4
8356,8
8357,4
8358,0
8359,3
8360,8
8361,8
8362,8
8363,1
8364,6
8365,2
8366,0
8367,4
8368,8
8369,2
8370,0
8371,0
8372,8
8373,2
8374,1
8375,2
8376,0
8377,8
8378,2
8379,0
8380,6
8381,2
8382,2
8383,2
8384,6
8385,0
8386,1
8387,0
8388,0
8389,0
8390,3
8391,8
8392,1
8393,6
8394,8
8395,8
8396,6
8397,6
8398,8
8399,4
8400,2
8401,4
8402,3
8403,0
8404,8
8405,2
8406,0
8407,8
8408,4
8409,3
8410,8
8411,4
8412,6
8413,0
8414,0
8415,8
8416,2
8417,6
8418,1
8419,8
8420,0
8421,8
8422,0
8423,0
8424,6
8425,2
8426,8
8427,8
8428,8
8429,4
8430,2
8431,8
8432,2
8433,8
8434,8
8435,8
8436,8
8437,6
8438,6
8439,6
8440,4
8441,1
8442,0
8443,8
8444,1
8445,3
8446,2
8447,2
8448,8
8449,3
8450,8
8451,0
8452,8
8453,4
8454,2
8455,7
8456,0
8457,4
8458,6
8459,2
8460,6
8461,6
8462,0
8463,6
8464,6
8465,8
8466,4
8467,4
8468,8
8469,4
8470,3
8471,6
8472,2
8473,2
8474,3
8475,2
8476,0
8477,4
8478,2
8479,6
8480,2
8481,0
8482,4
8483,8
8484,8
8485,6
8486,1
8487,8
8488,4
8489,4
8490,2
8491,4
8492,4
8493,3
8494,8
8495,2
8496,2
8497,8
8498,2
8499,8
8500,2
8501,4
8502,4
8503,8
8504,6
8505,2
8506,6
8507,2
8508,0
8509,4
8510,8
8511,4
8512,0
8513,6
8514,1
8515,8
8516,2
8517,8
8518,4
8519,4
8520,8
8521,8
8522,2
8523,2
8524,2
8525,3
8526,8
8527,8
8528,6
8529,2
8530,4
8531,8
8532,0
8533,0
8534,6
8535,8
8536,8
8537,4
8538,0
8539,2
8540,4
8541,6
8542,4
8543,0
8544,1
8545,0
8546,8
8547,6
8548,8
8549,2
8550,0
8551,2
8552,0
8553,8
8554,4
8555,6
8556,8
8557,4
8558,4
8559,8
8560,8
8561,4
8562,4
8563,1
8564,1
8565,1
8566,1
8567,4
8568,4
8569,8
8570,4
8571,3
8572,2
8573,3
8574,6
8575,0
8576,0
8577,2
8578,8
8579,8
8580,2
8581,8
8582,0
8583,1
8584,4
8585,2
8586,4
8587,3
8588,3
8589,8
8590,8
8591,4
8592,8
8593,4
8594,2
8595,3
8596,4
8597,8
8598,1
8599,2
8600,0
8601,2
8602,2
8603,2
8604,4
8605,8
8606,8
8607,2
8608,3
8609,6
8610,8
8611,0
8612,4
8613,3
8614,8
8615,4
8616,3
8617,4
8618,8
8619,8
8620,4
8621,4
8622,8
8623,2
8624,0
8625,4
8626,6
8627,1
8628,0
8629,2
8630,8
8631,7
8632,4
8633,2
8634,8
8635,8
8636,0
8637,1
8638,4
8639,7
8640,6
8641,2
8642,4
8643,2
8644,4
8645,4
8646,4
8647,6
8648,3
8649,8
8650,2
8651,0
8652,6
8653,7
8654,4
8655,8
8656,2
8657,0
8658,4
8659,2
8660,8
8661,2
8662,4
8663,2
8664,0
8665,2
8666,0
8667,4
8668,0
8669,2
8670,4
8671,4
8672,2
8673,0
8674,3
8675,4
8676,8
8677,8
8678,0
8679,4
8680,4
8681,4
8682,2
8683,4
8684,6
8685,8
8686,4
8687,4
8688,4
8689,4
8690,2
8691,6
8692,2
8693,2
8694,8
8695,8
8696,6
8697,8
8698,6
8699,4
8700,1
8701,1
8702,8
8703,2
8704,1
8705,2
8706,8
8707,0
8708,0
8709,2
8710,8
8711,2
8712,0
8713,4
8714,2
8715,0
8716,4
8717,1
8718,2
8719,1
8720,6
8721,4
8722,4
8723,4
8724,6
8725,2
8726,4
8727,6
8728,2
8729,0
8730,8
8731,4
8732,3
8733,8
8734,8
8735,6
8736,8
8737,8
8738,0
8739,8
8740,8
8741,6
8742,4
8743,4
8744,3
8745,1
8746,4
8747,8
8748,4
8749,8
8750,4
8751,0
8752,1
8753,4
8754,1
8755,8
8756,8
8757,2
8758,4
8759,8
8760,2
8761,4
8762,8
8763,2
8764,3
8765,1
8766,2
8767,1
8768,0
8769,8
8770,8
8771,4
8772,4
8773,8
8774,2
8775,2
8776,8
8777,0
8778,8
8779,2
8780,2
8781,1
8782,4
8783,2
8784,8
8785,0
8786,2
8787,8
8788,6
8789,0
8790,7
8791,0
8792,1
8793,4
8794,2
8795,4
8796,2
8797,0
8798,2
8799,2
8800,1
8801,4
8802,2
8803,8
8804,1
8805,4
8806,4
8807,8
8808,8
8809,2
8810,4
8811,2
8812,4
8813,8
8814,4
8815,2
8816,6
8817,6
8818,6
8819,0
8820,8
8821,0
8822,0
8823,1
8824,0
8825,0
8826,2
8827,8
8828,4
8829,8
8830,2
8831,8
8832,0
8833,8
8834,8
8835,2
8836,8
8837,0
8838,7
8839,0
8840,1
8841,4
8842,6
8843,2
8844,0
8845,8
8846,2
8847,6
8848,4
8849,2
8850,8
8851,6
8852,2
8853,4
8854,3
8855,6
8856,4
8857,8
8858,8
8859,6
8860,2
8861,0
8862,2
8863,2
8864,4
8865,2
8866,4
8867,8
8868,8
8869,8
8870,7
8871,8
8872,4
8873,0
8874,4
8875,8
8876,3
8877,4
8878,1
8879,2
8880,2
8881,4
8882,1
8883,3
8884,4
8885,8
8886,1
8887,3
8888,0
8889,2
8890,0
8891,2
8892,8
8893,8
8894,2
8895,0
8896,2
8897,4
8898,8
8899,4
8900,4
8901,2
8902,3
8903,1
8904,2
8905,7
8906,4
8907,2
8908,1
8909,8
8910,8
8911,3
8912,2
8913,0
8914,0
8915,6
8916,2
8917,1
8918,0
8919,8
8920,8
8921,2
8922,4
8923,2
8924,2
8925,4
8926,3
8927,4
8928,2
8929,8
8930,1
8931,8
8932,2
8933,4
8934,3
8935,3
8936,2
8937,1
8938,4
8939,0
8940,4
8941,6
8942,4
8943,8
8944,2
8945,2
8946,8
8947,0
8948,3
8949,2
8950,3
8951,2
8952,8
8953,6
8954,0
8955,1
8956,1
8957,2
8958,4
8959,8
8960,2
8961,4
8962,1
8963,4
8964,2
8965,8
8966,8
8967,8
8968,1
8969,1
8970,8
8971,2
8972,4
8973,1
8974,2
8975,4
8976,2
8977,0
8978,1
8979,1
8980,8
8981,2
8982,2
8983,4
8984,4
8985,8
8986,8
8987,2
8988,1
8989,1
8990,6
8991,4
8992,6
8993,2
8994,4
8995,0
8996,2
8997,4
8998,8
8999,4
9000,1
9001,4
9002,6
9003,4
9004,3
9005,1
9006,7
9007,8
9008,1
9009,2
9010,0
9011,8
9012,3
9013,8
9014,4
9015,1
9016,4
9017,4
9018,4
9019,6
9020,1
9021,6
9022,1
9023,2
9024,3
9025,2
9026,2
9027,4
9028,6
9029,6
9030,4
9031,2
9032,2
9033,0
9034,6
9035,0
9036,3
9037,4
9038,8
9039,4
9040,0
9041,0
9042,2
9043,4
9044,0
9045,0
9046,0
9047,8
9048,0
9049,2
9050,4
9051,3
9052,0
9053,1
9054,3
9055,4
9056,8
9057,2
9058,1
9059,2
9060,0
9061,0
9062,8
9063,2
9064,2
9065,6
9066,4
9067,4
9068,6
9069,4
9070,4
9071,4
9072,8
9073,4
9074,6
9075,6
9076,4
9077,2
9078,2
9079,4
9080,8
9081,6
9082,8
9083,4
9084,8
9085,2
9086,1
9087,6
9088,8
9089,2
9090,4
9091,8
9092,2
9093,1
9094,6
9095,2
9096,2
9097,3
9098,2
9099,4
9100,8
9101,3
9102,6
9103,1
9104,8
9105,4
9106,4
9107,2
9108,8
9109,1
9110,8
9111,6
9112,0
9113,1
9114,4
9115,8
9116,6
9117,0
9118,8
9119,6
9120,2
9121,2
9122,2
9123,8
9124,2
9125,2
9126,4
9127,4
9128,4
9129,8
9130,8
9131,8
9132,4
9133,4
9134,6
9135,2
9136,4
9137,2
9138,4
9139,3
9140,4
9141,8
9142,4
9143,4
9144,4
9145,1
9146,2
9147,4
9148,2
9149,4
9150,0
9151,4
9152,4
9153,3
9154,8
9155,6
9156,8
9157,8
9158,4
9159,4
9160,8
9161,4
9162,4
9163,8
9164,8
9165,4
9166,4
9167,6
9168,4
9169,6
9170,0
9171,8
9172,7
9173,4
9174,4
9175,3
9176,4
9177,4
9178,4
9179,3
9180,6
9181,6
9182,4
9183,6
9184,4
9185,8
9186,8
9187,3
9188,8
9189,6
9190,4
9191,6
9192,1
9193,3
9194,0
9195,8
9196,4
9197,2
9198,8
9199,8
9200,6
9201,8
9202,8
9203,4
9204,3
9205,6
9206,4
9207,4
9208,4
9209,2
9210,6
9211,2
9212,4
9213,8
9214,7
9215,6
9216,1
9217,8
9218,4
9219,2
9220,4
9221,3
9222,8
9223,6
9224,8
9225,4
9226,4
9227,2
9228,1
9229,1
9230,1
9231,0
9232,8
9233,0
9234,2
9235,0
9236,2
9237,4
9238,6
9239,4
9240,6
9241,3
9242,4
9243,2
9244,6
9245,8
9246,2
9247,8
9248,1
9249,0
9250,8
9251,2
9252,8
9253,2
9254,8
9255,4
9256,4
9257,6
9258,2
9259,8
9260,4
9261,3
9262,8
9263,3
9264,8
9265,0
9266,8
9267,6
9268,4
9269,2
9270,4
9271,2
9272,4
9273,2
9274,0
9275,0
9276,2
9277,1
9278,2
9279,4
9280,4
9281,0
9282,4
9283,8
9284,6
9285,6
9286,4
9287,7
9288,2
9289,4
9290,8
9291,2
9292,6
9293,6
9294,6
9295,8
9296,4
9297,3
9298,2
9299,7
9300,3
9301,4
9302,4
9303,8
9304,4
9305,4
9306,7
9307,2
9308,6
9309,2
9310,4
9311,4
9312,4
9313,6
9314,4
9315,7
9316,3
9317,8
9318,0
9319,8
9320,8
9321,3
9322,6
9323,4
9324,4
9325,8
9326,4
9327,1
9328,4
9329,6
9330,2
9331,6
9332,4
9333,2
9334,8
9335,6
9336,8
9337,4
9338,8
9339,8
9340,4
9341,6
9342,2
9343,4
9344,8
9345,4
9346,4
9347,4
9348,4
9349,4
9350,4
9351,8
9352,0
9353,4
9354,4
9355,3
9356,2
9357,0
9358,8
9359,6
9360,4
9361,4
9362,4
9363,4
9364,4
9365,1
9366,6
9367,4
9368,2
9369,6
9370,4
9371,4
9372,4
9373,4
9374,6
9375,4
9376,4
9377,3
9378,8
9379,0
9380,4
9381,4
9382,8
9383,1
9384,8
9385,1
9386,4
9387,0
9388,0
9389,4
9390,4
9391,6
9392,0
9393,2
9394,6
9395,4
9396,4
9397,6
9398,7
9399,2
9400,7
9401,0
9402,2
9403,7
9404,4
9405,2
9406,8
9407,6
9408,0
9409,6
9410,4
9411,2
9412,4
9413,3
9414,4
9415,0
9416,0
9417,8
9418,4
9419,4
9420,7
9421,4
9422,1
9423,4
9424,2
9425,8
9426,4
9427,6
9428,8
9429,4
9430,2
9431,4
9432,7
9433,2
9434,4
9435,3
9436,6
9437,4
9438,6
9439,7
9440,6
9441,2
9442,1
9443,4
9444,1
9445,8
9446,0
9447,3
9448,4
9449,7
9450,2
9451,8
9452,4
9453,2
9454,8
9455,1
9456,0
9457,2
9458,1
9459,8
9460,1
9461,8
9462,7
9463,8
9464,4
9465,6
9466,8
9467,4
9468,1
9469,8
9470,4
9471,7
9472,4
9473,6
9474,6
9475,8
9476,4
9477,0
9478,6
9479,4
9480,1
9481,4
9482,3
9483,4
9484,4
9485,0
9486,4
9487,2
9488,7
9489,8
9490,4
9491,6
9492,7
9493,2
9494,4
9495,7
9496,7
9497,6
9498,4
9499,4
9500,2
9501,6
9502,3
9503,7
9504,6
9505,1
9506,2
9507,4
9508,4
9509,4
9510,3
9511,4
9512,3
9513,4
9514,7
9515,2
9516,4
9517,4
9518,4
9519,6
9520,4
9521,1
9522,4
9523,7
9524,4
9525,1
9526,6
9527,7
9528,4
9529,4
9530,4
9531,2
9532,4
9533,3
9534,4
9535,7
9536,1
9537,7
9538,4
9539,1
9540,4
9541,4
9542,4
9543,3
9544,2
9545,0
9546,3
9547,0
9548,6
9549,7
9550,1
9551,7
9552,2
9553,8
9554,0
9555,3
9556,6
9557,2
9558,5
9559,0
9560,6
9561,4
9562,6
9563,7
9564,4
9565,7
9566,7
9567,3
9568,8
9569,6
9570,2
9571,2
9572,1
9573,4
9574,4
9575,8
9576,4
9577,4
9578,4
9579,4
9580,4
9581,4
9582,6
9583,4
9584,4
9585,8
9586,0
9587,8
9588,6
9589,1
9590,2
9591,7
9592,4
9593,4
9594,8
9595,7
9596,3
9597,4
9598,2
9599,8
9600,4
9601,4
9602,4
9603,2
9604,4
9605,4
9606,2
9607,1
9608,4
9609,8
9610,2
9611,4
9612,4
9613,4
9614,1
9615,1
9616,1
9617,1
9618,8
9619,4
9620,4
9621,0
9622,1
9623,4
9624,0
9625,4
9626,0
9627,1
9628,4
9629,3
9630,6
9631,5
9632,0
9633,4
9634,7
9635,4
9636,0
9637,4
9638,7
9639,1
9640,1
9641,4
9642,4
9643,4
9644,4
9645,4
9646,3
9647,4
9648,3
9649,4
9650,6
9651,2
9652,1
9653,2
9654,3
9655,8
9656,1
9657,4
9658,1
9659,4
9660,4
9661,4
9662,4
9663,4
9664,4
9665,4
9666,1
9667,6
9668,4
9669,4
9670,4
9671,4
9672,3
9673,8
9674,6
9675,4
9676,2
9677,2
9678,8
9679,1
9680,2
9681,4
9682,4
9683,7
9684,0
9685,1
9686,6
9687,1
9688,0
9689,0
9690,3
9691,1
9692,1
9693,4
9694,4
9695,4
9696,4
9697,6
9698,4
9699,0
9700,4
9701,4
9702,0
9703,4
9704,6
9705,0
9706,4
9707,0
9708,8
9709,3
9710,1
9711,4
9712,4
9713,4
9714,4
9715,2
9716,8
9717,4
9718,4
9719,2
9720,7
9721,2
9722,6
9723,4
9724,2
9725,4
9726,4
9727,4
9728,1
9729,1
9730,4
9731,4
9732,4
9733,2
9734,4
9735,4
9736,2
9737,4
9738,0
9739,2
9740,3
9741,4
9742,2
9743,4
9744,6
9745,4
9746,6
9747,0
9748,4
9749,4
9750,0
9751,5
9752,4
9753,3
9754,4
9755,7
9756,0
9757,1
9758,4
9759,1
9760,3
9761,4
9762,4
9763,3
9764,1
9765,6
9766,2
9767,4
9768,4
9769,7
9770,6
9771,7
9772,2
9773,2
9774,2
9775,6
9776,6
9777,7
9778,4
9779,7
9780,0
9781,7
9782,6
9783,0
9784,3
9785,8
9786,8
9787,4
9788,1
9789,3
9790,2
9791,0
9792,0
9793,5
9794,0
9795,4
9796,0
9797,4
9798,4
9799,8
9800,4
9801,2
9802,4
9803,2
9804,0
9805,7
9806,4
9807,0
9808,6
9809,8
9810,1
9811,8
9812,7
9813,0
9814,8
9815,4
9816,4
9817,4
9818,7
9819,6
9820,7
9821,6
9822,2
9823,4
9824,6
9825,8
9826,4
9827,8
9828,8
9829,1
9830,0
9831,4
9832,7
9833,6
9834,4
9835,4
9836,2
9837,8
9838,4
9839,2
9840,0
9841,3
9842,4
9843,4
9844,1
9845,4
9846,8
9847,8
9848,7
9849,0
9850,2
9851,4
9852,7
9853,0
9854,8
9855,4
9856,4
9857,1
9858,4
9859,4
9860,1
9861,4
9862,0
9863,2
9864,7
9865,4
9866,1
9867,8
9868,7
9869,4
9870,8
9871,7
9872,5
9873,0
9874,2
9875,8
9876,8
9877,4
9878,1
9879,8
9880,4
9881,2
9882,6
9883,4
9884,4
9885,4
9886,7
9887,4
9888,4
9889,4
9890,7
9891,8
9892,4
9893,4
9894,6
9895,8
9896,8
9897,0
9898,4
9899,4
9900,2
9901,7
9902,4
9903,4
9904,4
9905,0
9906,0
9907,6
9908,2
9909,8
9910,4
9911,4
9912,4
9913,6
9914,6
9915,0
9916,0
9917,2
9918,4
9919,7
9920,6
9921,4
9922,8
9923,1
9924,4
9925,8
9926,0
9927,6
9928,8
9929,8
9930,8
9931,2
9932,6
9933,4
9934,4
9935,0
9936,2
9937,1
9938,2
9939,1
9940,4
9941,4
9942,0
9943,1
9944,4
9945,4
9946,7
9947,2
9948,0
9949,7
9950,4
9951,0
9952,2
9953,2
9954,4
9955,7
9956,0
9957,4
9958,4
9959,2
9960,4
9961,7
9962,7
9963,0
9964,0
9965,7
9966,4
9967,6
9968,4
9969,2
9970,7
9971,0
9972,4
9973,8
9974,1
9975,4
9976,0
9977,4
9978,8
9979,7
9980,7
9981,4
9982,2
9983,4
9984,4
9985,6
9986,7
9987,4
9988,3
9989,3
9990,4
9991,4
9992,4
9993,4
9994,4
9995,2
9996,4
9997,7
9998,0
9999,0
10000,4
10001,1
10002,4
10003,4
10004,2
10005,5
10006,0
10007,4
10008,4
10009,4
10010,2
10011,3
10012,2
10013,1
10014,4
10015,4
10016,2
10017,2
10018,5
10019,6
10020,2
10021,6
10022,6
10023,0
10024,4
10025,1
10026,4
10027,4
10028,4
10029,7
10030,0
10031,4
10032,7
10033,0
10034,0
10035,1
10036,6
10037,2
10038,2
10039,2
10040,4
10041,8
10042,4
10043,5
10044,0
10045,7
10046,2
10047,2
10048,6
10049,4
10050,8
10051,4
10052,4
10053,0
10054,2
10055,1
10056,4
10057,4
10058,1
10059,5
10060,7
10061,0
10062,4
10063,3
10064,1
10065,4
10066,2
10067,7
10068,2
10069,2
10070,7
10071,7
10072,5
10073,1
10074,8
10075,1
10076,0
10077,6
10078,0
10079,2
10080,0
10081,8
10082,4
10083,2
10084,4
10085,7
10086,6
10087,4
10088,0
10089,2
10090,0
10091,6
10092,1
10093,4
10094,7
10095,4
10096,1
10097,2
10098,5
10099,0
10100,4
10101,3
10102,4
10103,2
10104,4
10105,1
10106,5
10107,6
10108,7
10109,4
10110,4
10111,2
10112,2
10113,1
10114,0
10115,6
10116,2
10117,1
10118,4
10119,6
10120,7
10121,4
10122,4
10123,4
10124,4
10125,7
10126,1
10127,7
10128,6
10129,6
10130,5
10131,7
10132,6
10133,0
10134,7
10135,5
10136,0
10137,7
10138,6
10139,4
10140,5
10141,4
10142,6
10143,4
10144,8
10145,5
10146,7
10147,4
10148,0
10149,2
10150,6
10151,0
10152,5
10153,3
10154,2
10155,0
10156,4
10157,4
10158,0
10159,4
10160,4
10161,7
10162,2
10163,3
10164,2
10165,0
10166,7
10167,4
10168,8
10169,4
10170,2
10171,7
10172,4
10173,0
10174,4
10175,5
10176,0
10177,4
10178,0
10179,4
10180,4
10181,7
10182,2
10183,8
10184,0
10185,4
10186,7
10187,4
10188,0
10189,8
10190,7
10191,2
10192,0
10193,4
10194,4
10195,4
10196,7
10197,1
10198,4
10199,4
10200,7
10201,2
10202,2
10203,2
10204,6
10205,4
10206,4
10207,2
10208,4
10209,3
10210,2
10211,0
10212,0
10213,4
10214,7
10215,4
10216,0
10217,2
10218,0
10219,2
10220,3
10221,2
10222,6
10223,1
10224,4
10225,7
10226,8
10227,1
10228,7
10229,7
10230,4
10231,1
10232,0
10233,4
10234,8
10235,2
10236,5
10237,4
10238,0
10239,0
10240,0
10241,0
10242,3
10243,8
10244,5
10245,0
10246,4
10247,4
10248,4
10249,3
10250,2
10251,0
10252,4
10253,4
10254,4
10255,4
10256,2
10257,7
10258,6
10259,4
10260,4
10261,7
10262,2
10263,0
10264,0
10265,4
10266,2
10267,1
10268,0
10269,4
10270,1
10271,0
10272,5
10273,4
10274,8
10275,3
10276,7
10277,4
10278,4
10279,1
10280,1
10281,4
10282,3
10283,7
10284,4
10285,1
10286,6
10287,7
10288,7
10289,5
10290,7
10291,0
10292,4
10293,4
10294,5
10295,2
10296,4
10297,4
10298,7
10299,6
10300,4
10301,4
10302,8
10303,6
10304,0
10305,5
10306,7
10307,7
10308,7
10309,7
10310,2
10311,0
10312,7
10313,4
10314,3
10315,7
10316,8
10317,8
10318,5
10319,4
10320,1
10321,5
10322,5
10323,7
10324,6
10325,2
10326,6
10327,2
10328,2
10329,2
10330,5
10331,1
10332,4
10333,1
10334,7
10335,0
10336,3
10337,3
10338,4
10339,4
10340,2
10341,7
10342,4
10343,4
10344,7
10345,2
10346,4
10347,4
10348,6
10349,5
10350,4
10351,4
10352,7
10353,4
10354,7
10355,1
10356,1
10357,3
10358,4
10359,0
10360,4
10361,4
10362,4
10363,4
10364,0
10365,4
10366,5
10367,0
10368,7
10369,2
10370,4
10371,8
10372,0
10373,2
10374,4
10375,6
10376,1
10377,4
10378,3
10379,5
10380,4
10381,4
10382,4
10383,0
10384,0
10385,4
10386,7
10387,7
10388,4
10389,7
10390,7
10391,7
10392,0
10393,2
10394,4
10395,7
10396,1
10397,2
10398,4
10399,4
10400,7
10401,2
10402,2
10403,3
10404,4
10405,4
10406,0
10407,7
10408,7
10409,6
10410,2
10411,7
10412,7
10413,8
10414,9
10415,4
10416,5
10417,0
10418,5
10419,2
10420,5
10421,5
10422,4
10423,6
10424,3
10425,2
10426,3
10427,7
10428,4
10429,3
10430,6
10431,8
10432,2
10433,0
10434,1
10435,4
10436,6
10437,0
10438,4
10439,9
10440,5
10441,7
10442,7
10443,4
10444,0
10445,3
10446,7
10447,4
10448,7
10449,7
10450,5
10451,2
10452,4
10453,5
10454,0
10455,7
10456,4
10457,4
10458,4
10459,7
10460,4
10461,1
10462,4
10463,1
10464,4
10465,2
10466,0
10467,4
10468,4
10469,4
10470,6
10471,4
10472,8
10473,8
10474,5
10475,2
10476,8
10477,4
10478,7
10479,6
10480,4
10481,0
10482,7
10483,4
10484,4
10485,5
10486,4
10487,9
10488,2
10489,6
10490,4
10491,6
10492,1
10493,5
10494,5
10495,4
10496,5
10497,5
10498,4
10499,0
10500,6
10501,5
10502,6
10503,4
10504,0
10505,0
10506,5
10507,1
10508,0
10509,4
10510,0
10511,2
10512,2
10513,7
10514,0
10515,4
10516,4
10517,4
10518,4
10519,0
10520,7
10521,8
10522,7
10523,6
10524,7
10525,7
10526,4
10527,5
10528,4
10529,4
10530,4
10531,5
10532,7
10533,5
10534,6
10535,4
10536,0
10537,4
10538,4
10539,4
10540,4
10541,3
10542,3
10543,0
10544,4
10545,5
10546,7
10547,4
10548,7
10549,5
10550,0
10551,7
10552,3
10553,4
10554,4
10555,2
10556,3
10557,4
10558,6
10559,1
10560,4
10561,5
10562,3
10563,6
10564,6
10565,7
10566,7
10567,4
10568,4
10569,2
10570,4
10571,4
10572,4
10573,5
10574,7
10575,1
10576,2
10577,5
10578,7
10579,2
10580,5
10581,4
10582,4
10583,6
10584,5
10585,7
10586,7
10587,7
10588,6
10589,7
10590,6
10591,3
10592,1
10593,0
10594,4
10595,5
10596,0
10597,7
10598,4
10599,2
10600,5
10601,4
10602,6
10603,7
10604,7
10605,0
10606,5
10607,6
10608,7
10609,4
10610,6
10611,1
10612,2
10613,4
10614,1
10615,7
10616,5
10617,4
10618,3
10619,4
10620,6
10621,7
10622,7
10623,0
10624,1
10625,0
10626,5
10627,5
10628,1
10629,4
10630,2
10631,3
10632,2
10633,7
10634,4
10635,5
10636,3
10637,2
10638,6
10639,3
10640,6
10641,6
10642,4
10643,7
10644,6
10645,7
10646,6
10647,5
10648,0
10649,5
10650,7
10651,2
10652,2
10653,4
10654,2
10655,2
10656,4
10657,2
10658,0
10659,7
10660,4
10661,4
10662,3
10663,5
10664,2
10665,9
10666,4
10667,0
10668,4
10669,4
10670,6
10671,5
10672,2
10673,4
10674,0
10675,7
10676,5
10677,3
10678,5
10679,1
10680,4
10681,3
10682,1
10683,6
10684,1
10685,5
10686,2
10687,4
10688,4
10689,5
10690,6
10691,5
10692,4
10693,2
10694,4
10695,7
10696,2
10697,7
10698,0
10699,1
10700,2
10701,7
10702,0
10703,0
10704,7
10705,4
10706,2
10707,3
10708,4
10709,6
10710,4
10711,4
10712,2
10713,7
10714,0
10715,5
10716,7
10717,4
10718,7
10719,5
10720,5
10721,4
10722,1
10723,3
10724,1
10725,0
10726,5
10727,5
10728,7
10729,3
10730,0
10731,5
10732,0
10733,6
10734,5
10735,4
10736,2
10737,2
10738,7
10739,7
10740,6
10741,7
10742,3
10743,7
10744,0
10745,2
10746,7
10747,5
10748,3
10749,5
10750,4
10751,0
10752,4
10753,7
10754,9
10755,5
10756,7
10757,1
10758,2
10759,7
10760,4
10761,6
10762,7
10763,4
10764,4
10765,0
10766,5
10767,4
10768,5
10769,0
10770,7
10771,7
10772,4
10773,7
10774,3
10775,6
10776,8
10777,2
10778,9
10779,7
10780,7
10781,7
10782,7
10783,7
10784,1
10785,3
10786,4
10787,4
10788,2
10789,7
10790,4
10791,7
10792,5
10793,7
10794,7
10795,5
10796,2
10797,0
10798,7
10799,2
10800,0
10801,4
10802,7
10803,2
10804,4
10805,3
10806,3
10807,3
10808,5
10809,0
10810,5
10811,7
10812,2
10813,0
10814,8
10815,5
10816,6
10817,2
10818,4
10819,5
10820,2
10821,1
10822,4
10823,7
10824,6
10825,1
10826,0
10827,4
10828,4
10829,8
10830,7
10831,2
10832,0
10833,5
10834,4
10835,7
10836,0
10837,5
10838,5
10839,5
10840,2
10841,7
10842,5
10843,7
10844,7
10845,4
10846,5
10847,7
10848,6
10849,9
10850,6
10851,5
10852,4
10853,1
10854,5
10855,7
10856,0
10857,7
10858,7
10859,6
10860,7
10861,0
10862,7
10863,7
10864,6
10865,4
10866,3
10867,2
10868,2
10869,6
10870,0
10871,6
10872,4
10873,3
10874,0
10875,1
10876,4
10877,7
10878,6
10879,1
10880,4
10881,0
10882,0
10883,5
10884,7
10885,2
10886,7
10887,7
10888,0
10889,7
10890,4
10891,7
10892,1
10893,6
10894,6
10895,4
10896,6
10897,4
10898,4
10899,2
10900,5
10901,7
10902,6
10903,4
10904,0
10905,7
10906,5
10907,6
10908,4
10909,0
10910,4
10911,6
10912,4
10913,3
10914,5
10915,0
10916,0
10917,0
10918,7
10919,7
10920,2
10921,3
10922,2
10923,7
10924,6
10925,6
10926,7
10927,4
10928,2
10929,6
10930,5
10931,5
10932,5
10933,1
10934,7
10935,7
10936,3
10937,1
10938,7
10939,0
10940,4
10941,2
10942,5
10943,4
10944,7
10945,4
10946,5
10947,7
10948,5
10949,5
10950,5
10951,5
10952,4
10953,6
10954,0
10955,7
10956,5
10957,5
10958,4
10959,7
10960,7
10961,4
10962,4
10963,3
10964,6
10965,7
10966,4
10967,1
10968,7
10969,7
10970,7
10971,5
10972,0
10973,3
10974,6
10975,4
10976,2
10977,3
10978,3
10979,1
10980,4
10981,7
10982,5
10983,4
10984,2
10985,1
10986,5
10987,5
10988,1
10989,2
10990,5
10991,7
10992,7
10993,0
10994,7
10995,5
10996,0
10997,2
10998,5
10999,0
11000,7
11001,5
11002,2
11003,7
11004,0
11005,7
11006,7
11007,6
11008,5
11009,5
11010,3
11011,2
11012,9
11013,5
11014,5
11015,0
11016,5
11017,4
11018,2
11019,0
11020,5
11021,4
11022,2
11023,2
11024,7
11025,5
11026,0
11027,4
11028,5
11029,7
11030,1
11031,3
11032,4
11033,7
11034,5
11035,1
11036,4
11037,0
11038,7
11039,3
11040,4
11041,2
11042,4
11043,5
11044,9
11045,2
11046,4
11047,2
11048,0
11049,9
11050,1
11051,6
11052,5
11053,7
11054,5
11055,4
11056,1
11057,0
11058,4
11059,2
11060,7
11061,7
11062,5
11063,2
11064,6
11065,3
11066,5
11067,2
11068,5
11069,2
11070,7
11071,9
11072,3
11073,4
11074,7
11075,1
11076,7
11077,7
11078,5
11079,2
11080,4
11081,5
11082,1
11083,1
11084,7
11085,4
11086,2
11087,7
11088,4
11089,4
11090,7
11091,0
11092,0
11093,4
11094,2
11095,2
11096,0
11097,1
11098,7
11099,5
11100,5
11101,7
11102,7
11103,0
11104,9
11105,5
11106,7
11107,7
11108,7
11109,1
11110,2
11111,0
11112,4
11113,5
11114,0
11115,1
11116,5
11117,7
11118,2
11119,9
11120,0
11121,0
11122,1
11123,0
11124,9
11125,6
11126,7
11127,5
11128,1
11129,2
11130,0
11131,7
11132,2
11133,2
11134,5
11135,9
11136,5
11137,0
11138,7
11139,7
11140,7
11141,4
11142,6
11143,5
11144,7
11145,7
11146,6
11147,7
11148,7
11149,7
11150,0
11151,3
11152,9
11153,1
11154,2
11155,9
11156,7
11157,7
11158,7
11159,7
11160,6
11161,4
11162,1
11163,4
11164,0
11165,5
11166,7
11167,0
11168,7
11169,4
11170,2
11171,7
11172,9
11173,1
11174,5
11175,9
11176,7
11177,5
11178,7
11179,9
11180,9
11181,5
11182,7
11183,4
11184,5
11185,5
11186,6
11187,7
11188,7
11189,5
11190,0
11191,5
11192,0
11193,2
11194,7
11195,7
11196,7
11197,1
11198,7
11199,5
11200,5
11201,0
11202,5
11203,9
11204,6
11205,7
11206,7
11207,5
11208,0
11209,7
11210,6
11211,0
11212,7
11213,5
11214,2
11215,0
11216,6
11217,9
11218,1
11219,9
11220,7
11221,6
11222,4
11223,5
11224,5
11225,5
11226,1
11227,1
11228,2
11229,6
11230,7
11231,7
11232,7
11233,2
11234,2
11235,6
11236,7
11237,7
11238,0
11239,1
11240,7
11241,6
11242,7
11243,4
11244,4
11245,7
11246,7
11247,7
11248,7
11249,5
11250,2
11251,2
11252,7
11253,1
11254,0
11255,2
11256,4
11257,7
11258,5
11259,0
11260,7
11261,7
11262,0
11263,7
11264,2
11265,9
11266,7
11267,9
11268,5
11269,1
11270,1
11271,7
11272,0
11273,6
11274,5
11275,7
11276,0
11277,1
11278,0
11279,2
11280,9
11281,5
11282,0
11283,0
11284,6
11285,9
11286,2
11287,2
11288,7
11289,5
11290,5
11291,0
11292,2
11293,7
11294,7
11295,5
11296,1
11297,2
11298,5
11299,6
11300,5
11301,7
11302,9
11303,5
11304,7
11305,7
11306,7
11307,7
11308,5
11309,2
11310,3
11311,6
11312,0
11313,6
11314,7
11315,7
11316,2
11317,5
11318,7
11319,5
11320,7
11321,1
11322,1
11323,7
11324,0
11325,4
11326,5
11327,0
11328,1
11329,7
11330,6
11331,5
11332,0
11333,5
11334,2
11335,5
11336,5
11337,7
11338,5
11339,7
11340,4
11341,5
11342,0
11343,0
11344,5
11345,0
11346,0
11347,1
11348,4
11349,2
11350,6
11351,7
11352,0
11353,3
11354,3
11355,1
11356,6
11357,7
11358,0
11359,5
11360,2
11361,5
11362,0
11363,3
11364,7
11365,3
11366,5
11367,0
11368,7
11369,7
11370,9
11371,0
11372,0
11373,5
11374,5
11375,5
11376,7
11377,7
11378,3
11379,7
11380,7
11381,7
11382,0
11383,9
11384,2
11385,2
11386,9
11387,3
11388,4
11389,3
11390,0
11391,4
11392,0
11393,2
11394,4
11395,4
11396,5
11397,5
11398,0
11399,9
11400,5
11401,9
11402,1
11403,5
11404,6
11405,5
11406,0
11407,7
11408,7
11409,7
11410,1
11411,7
11412,4
11413,5
11414,2
11415,6
11416,0
11417,7
11418,2
11419,0
11420,2
11421,7
11422,2
11423,7
11424,5
11425,0
11426,2
11427,2
11428,7
11429,7
11430,1
11431,7
11432,0
11433,7
11434,2
11435,7
11436,5
11437,0
11438,7
11439,0
11440,6
11441,0
11442,5
11443,5
11444,6
11445,7
11446,4
11447,1
11448,7
11449,7
11450,9
11451,0
11452,4
11453,7
11454,2
11455,1
11456,9
11457,5
11458,3
11459,5
11460,9
11461,5
11462,5
11463,2
11464,5
11465,2
11466,7
11467,0
11468,5
11469,2
11470,0
11471,1
11472,9
11473,7
11474,5
11475,9
11476,5
11477,5
11478,0
11479,7
11480,7
11481,3
11482,5
11483,3
11484,7
11485,5
11486,2
11487,5
11488,7
11489,9
11490,7
11491,7
11492,6
11493,0
11494,7
11495,7
11496,1
11497,7
11498,0
11499,6
11500,7
11501,9
11502,5
11503,0
11504,7
11505,5
11506,1
11507,9
11508,2
11509,7
11510,7
11511,2
11512,7
11513,5
11514,0
11515,5
11516,5
11517,9
11518,0
11519,5
11520,5
11521,5
11522,4
11523,0
11524,5
11525,2
11526,0
11527,7
11528,5
11529,0
11530,0
11531,7
11532,7
11533,0
11534,9
11535,5
11536,7
11537,0
11538,7
11539,9
11540,2
11541,5
11542,9
11543,9
11544,5
11545,2
11546,4
11547,0
11548,2
11549,9
11550,7
11551,0
11552,0
11553,5
11554,2
11555,7
11556,9
11557,7
11558,7
11559,2
11560,7
11561,0
11562,7
11563,5
11564,7
11565,5
11566,5
11567,9
11568,2
11569,0
11570,7
11571,5
11572,7
11573,2
11574,0
11575,5
11576,5
11577,9
11578,6
11579,5
11580,5
11581,9
11582,7
11583,7
11584,2
11585,0
11586,0
11587,5
11588,1
11589,5
11590,2
11591,7
11592,9
11593,5
11594,7
11595,7
11596,0
11597,2
11598,3
11599,7
11600,4
11601,2
11602,2
11603,0
11604,1
11605,7
11606,7
11607,7
11608,5
11609,7
11610,5
11611,5
11612,0
11613,3
11614,0
11615,7
11616,2
11617,7
11618,5
11619,4
11620,2
11621,7
11622,0
11623,9
11624,2
11625,5
11626,5
11627,5
11628,5
11629,2
11630,0
11631,0
11632,7
11633,9
11634,2
11635,7
11636,9
11637,5
11638,2
11639,9
11640,7
11641,7
11642,5
11643,2
11644,1
11645,0
11646,1
11647,9
11648,7
11649,5
11650,5
11651,0
11652,7
11653,6
11654,5
11655,0
11656,9
11657,7
11658,7
11659,9
11660,5
11661,0
11662,0
11663,5
11664,0
11665,0
11666,0
11667,5
11668,9
11669,0
11670,1
11671,5
11672,2
11673,7
11674,2
11675,9
11676,7
11677,3
11678,9
11679,7
11680,1
11681,5
11682,5
11683,0
11684,3
11685,5
11686,7
11687,4
11688,5
11689,2
11690,9
11691,7
11692,5
11693,5
11694,5
11695,5
11696,0
11697,2
11698,0
11699,5
11700,7
11701,4
11702,9
11703,0
11704,5
11705,0
11706,9
11707,9
11708,5
11709,2
11710,9
11711,0
11712,7
11713,0
11714,9
11715,0
11716,7
11717,3
11718,7
11719,0
11720,2
11721,7
11722,2
11723,5
11724,0
11725,5
11726,0
11727,5
11728,7
11729,0
11730,0
11731,0
11732,1
11733,7
11734,5
11735,2
11736,5
11737,9
11738,7
11739,9
11740,9
11741,5
11742,2
11743,0
11744,7
11745,7
11746,0
11747,1
11748,0
11749,0
11750,9
11751,5
11752,9
11753,7
11754,5
11755,5
11756,5
11757,6
11758,0
11759,9
11760,7
11761,9
11762,1
11763,0
11764,7
11765,2
11766,5
11767,5
11768,9
11769,1
11770,7
11771,2
11772,9
11773,5
11774,7
11775,2
11776,1
11777,9
11778,2
11779,0
11780,9
11781,2
11782,0
11783,5
11784,3
11785,1
11786,9
11787,5
11788,2
11789,7
11790,7
11791,5
11792,5
11793,0
11794,6
11795,9
11796,1
11797,9
11798,7
11799,2
11800,7
11801,2
11802,5
11803,7
11804,2
11805,7
11806,0
11807,1
11808,5
11809,1
11810,5
11811,0
11812,7
11813,0
11814,7
11815,9
11816,2
11817,4
11818,5
11819,7
11820,7
11821,2
11822,9
11823,2
11824,7
11825,9
11826,5
11827,7
11828,7
11829,3
11830,1
11831,7
11832,2
11833,5
11834,1
11835,9
11836,5
11837,9
11838,0
11839,0
11840,0
11841,5
11842,9
11843,9
11844,5
11845,2
11846,0
11847,1
11848,5
11849,0
11850,5
11851,9
11852,5
11853,9
11854,9
11855,7
11856,9
11857,1
11858,7
11859,7
11860,5
11861,9
11862,5
11863,0
11864,7
11865,5
11866,0
11867,0
11868,5
11869,2
11870,0
11871,5
11872,9
11873,5
11874,1
11875,7
11876,0
11877,7
11878,0
11879,0
11880,7
11881,5
11882,5
11883,5
11884,1
11885,9
11886,1
11887,1
11888,0
11889,5
11890,7
11891,5
11892,7
11893,5
11894,5
11895,9
11896,9
11897,9
11898,7
11899,2
11900,9
11901,5
11902,1
11903,9
11904,0
11905,7
11906,9
11907,9
11908,0
11909,7
11910,9
11911,5
11912,9
11913,5
11914,7
11915,1
11916,9
11917,9
11918,5
11919,5
11920,5
11921,9
11922,0
11923,5
11924,7
11925,0
11926,7
11927,9
11928,9
11929,7
11930,7
11931,7
11932,7
11933,9
11934,5
11935,9
11936,0
11937,9
11938,0
11939,5
11940,0
11941,2
11942,5
11943,1
11944,5
11945,9
11946,9
11947,9
11948,9
11949,5
11950,5
11951,1
11952,1
11953,9
11954,2
11955,1
11956,0
11957,5
11958,0
11959,9
11960,7
11961,5
11962,2
11963,2
11964,9
11965,1
11966,9
11967,7
11968,9
11969,9
11970,0
11971,3
11972,9
11973,0
11974,5
11975,9
11976,2
11977,9
11978,9
11979,9
11980,2
11981,0
11982,2
11983,9
11984,7
11985,9
11986,1
11987,5
11988,5
11989,7
11990,7
11991,7
11992,5
11993,0
11994,9
11995,9
11996,5
11997,7
11998,7
11999,9
12000,0
12001,9
12002,5
12003,9
12004,5
12005,5
12006,1
12007,9
12008,0
12009,7
12010,5
12011,9
12012,9
12013,7
12014,7
12015,7
12016,0
12017,2
12018,5
12019,9
12020,7
12021,1
12022,9
12023,5
12024,1
12025,0
12026,1
12027,5
12028,5
12029,0
12030,7
12031,7
12032,0
12033,0
12034,7
12035,1
12036,5
12037,7
12038,7
12039,2
12040,3
12041,1
12042,1
12043,9
12044,9
12045,5
12046,9
12047,9
12048,9
12049,7
12050,9
12051,5
12052,9
12053,2
12054,5
12055,9
12056,7
12057,1
12058,9
12059,2
12060,9
12061,0
12062,7
12063,0
12064,9
12065,5
12066,7
12067,5
12068,0
12069,2
12070,2
12071,0
12072,9
12073,9
12074,9
12075,7
12076,0
12077,2
12078,0
12079,9
12080,9
12081,7
12082,5
12083,0
12084,5
12085,1
12086,1
12087,7
12088,5
12089,5
12090,9
12091,0
12092,5
12093,0
12094,5
12095,9
12096,9
12097,0
12098,7
12099,0
12100,9
12101,7
12102,0
12103,9
12104,9
12105,5
12106,5
12107,5
12108,5
12109,0
12110,2
12111,9
12112,0
12113,1
12114,0
12115,9
12116,5
12117,0
12118,0
12119,9
12120,9
12121,2
12122,9
12123,9
12124,5
12125,2
12126,0
12127,1
12128,7
12129,2
12130,0
12131,5
12132,1
12133,3
12134,2
12135,1
12136,0
12137,3
12138,1
12139,9
12140,7
12141,5
12142,5
12143,9
12144,1
12145,0
12146,5
12147,2
12148,1
12149,5
12150,1
12151,0
12152,1
12153,9
12154,9
12155,7
12156,7
12157,1
12158,0
12159,1
12160,7
12161,2
12162,0
12163,5
12164,9
12165,9
12166,9
12167,9
12168,0
12169,9
12170,1
12171,7
12172,9
12173,5
12174,5
12175,9
12176,5
12177,9
12178,9
12179,9
12180,0
12181,5
12182,1
12183,0
12184,5
12185,1
12186,9
12187,9
12188,5
12189,1
12190,5
12191,5
12192,0
12193,9
12194,9
12195,3
12196,9
12197,9
12198,7
12199,1
12200,5
12201,7
12202,1
12203,1
12204,9
12205,9
12206,5
12207,5
12208,3
12209,1
12210,9
12211,5
12212,7
12213,9
12214,5
12215,0
12216,7
12217,7
12218,1
12219,9
12220,9
12221,9
12222,0
12223,9
12224,0
12225,9
12226,9
12227,3
12228,9
12229,9
12230,7
12231,1
12232,5
12233,7
12234,2
12235,9
12236,5
12237,7
12238,0
12239,5
12240,9
12241,2
12242,0
12243,5
12244,5
12245,9
12246,0
12247,7
12248,3
12249,9
12250,5
12251,0
12252,5
12253,0
12254,5
12255,7
12256,5
12257,2
12258,5
12259,9
12260,0
12261,0
12262,5
12263,2
12264,1
12265,9
12266,7
12267,9
12268,9
12269,0
12270,5
12271,0
12272,5
12273,5
12274,9
12275,9
12276,5
12277,1
12278,9
12279,9
12280,9
12281,5
12282,0
12283,9
12284,5
12285,5
12286,0
12287,7
12288,0
12289,0
12290,7
12291,7
12292,9
12293,7
12294,9
12295,9
12296,7
12297,2
12298,9
12299,0
12300,0
12301,0
12302,3
12303,9
12304,5
12305,5
12306,9
12307,0
12308,9
12309,5
12310,7
12311,7
12312,2
12313,7
12314,9
12315,9
12316,7
12317,9
12318,1
12319,9
12320,1
12321,7
12322,7
12323,9
12324,5
12325,7
12326,0
12327,7
12328,9
12329,9
12330,7
12331,2
12332,9
12333,1
12334,9
12335,5
12336,5
12337,5
12338,7
12339,9
12340,0
12341,9
12342,9
12343,7
12344,9
12345,2
12346,9
12347,7
12348,5
12349,0
12350,9
12351,5
12352,2
12353,9
12354,9
12355,0
12356,5
12357,9
12358,5
12359,9
12360,9
12361,9
12362,7
12363,5
12364,9
12365,9
12366,5
12367,9
12368,9
12369,5
12370,0
12371,9
12372,7
12373,9
12374,0
12375,7
12376,7
12377,9
12378,9
12379,9
12380,1
12381,7
12382,7
12383,0
12384,7
12385,7
12386,7
12387,5
12388,1
12389,7
12390,0
12391,0
12392,9
12393,9
12394,9
12395,9
12396,9
12397,5
12398,7
12399,7
12400,7
12401,9
12402,0
12403,7
12404,0
12405,9
12406,5
12407,7
12408,2
12409,9
12410,9
12411,7
12412,0
12413,9
12414,9
12415,9
12416,5
12417,9
12418,9
12419,3
12420,2
12421,9
12422,5
12423,9
12424,2
12425,2
12426,9
12427,0
12428,7
12429,2
12430,9
12431,9
12432,7
12433,0
12434,9
12435,9
12436,9
12437,9
12438,7
12439,2
12440,2
12441,5
12442,2
12443,7
12444,5
12445,9
12446,2
12447,7
12448,9
12449,9
12450,9
12451,5
12452,2
12453,9
12454,9
12455,5
12456,5
12457,7
12458,9
12459,7
12460,9
12461,5
12462,0
12463,9
12464,7
12465,9
12466,7
12467,9
12468,2
12469,9
12470,5
12471,5
12472,1
12473,7
12474,9
12475,0
12476,0
12477,9
12478,0
12479,9
12480,9
12481,0
12482,6
12483,2
12484,6
12485,4
12486,4
12487,4
12488,2
12489,6
12490,4
12491,6
12492,4
12493,0
12494,2
12495,2
12496,8
12497,4
12498,4
12499,4
12500,8
12501,2
12502,8
12503,0
12504,4
12505,8
12506,4
12507,4
12508,4
12509,4
12510,4
12511,6
12512,3
12513,2
12514,8
12515,4
12516,6
12517,3
12518,2
12519,4
12520,3
12521,8
12522,6
12523,8
12524,2
12525,0
12526,4
12527,0
12528,0
12529,6
12530,8
12531,4
12532,2
12533,2
12534,0
12535,3
12536,6
12537,6
12538,6
12539,0
12540,1
12541,1
12542,8
12543,3
12544,2
12545,4
12546,1
12547,2
12548,3
12549,8
12550,4
12551,8
12552,3
12553,2
12554,6
12555,1
12556,3
12557,4
12558,3
12559,1
12560,2
12561,4
12562,2
12563,4
12564,0
12565,2
12566,2
12567,3
12568,4
12569,8
12570,0
12571,0
12572,2
12573,8
12574,2
12575,0
12576,8
12577,4
12578,2
12579,8
12580,1
12581,0
12582,4
12583,4
12584,2
12585,8
12586,2
12587,4
12588,4
12589,4
12590,4
12591,4
12592,2
12593,4
12594,3
12595,3
12596,0
12597,0
12598,0
12599,2
12600,2
12601,8
12602,8
12603,4
12604,2
12605,4
12606,8
12607,3
12608,2
12609,6
12610,2
12611,1
12612,2
12613,2
12614,6
12615,0
12616,3
12617,4
12618,2
12619,3
12620,2
12621,2
12622,3
12623,4
12624,3
12625,3
12626,3
12627,0
12628,2
12629,4
12630,4
12631,1
12632,0
12633,8
12634,2
12635,2
12636,8
12637,3
12638,0
12639,4
12640,6
12641,6
12642,4
12643,0
12644,2
12645,8
12646,3
12647,2
12648,0
12649,1
12650,2
12651,8
12652,3
12653,6
12654,6
12655,2
12656,2
12657,0
12658,8
12659,6
12660,8
12661,8
12662,2
12663,3
12664,2
12665,2
12666,4
12667,3
12668,4
12669,4
12670,4
12671,4
12672,3
12673,8
12674,0
12675,1
12676,6
12677,0
12678,8
12679,4
12680,2
12681,2
12682,3
12683,8
12684,0
12685,8
12686,3
12687,8
12688,6
12689,0
12690,6
12691,6
12692,6
12693,2
12694,2
12695,8
12696,8
12697,6
12698,3
12699,8
12700,1
12701,3
12702,4
12703,2
12704,6
12705,2
12706,3
12707,0
12708,3
12709,1
12710,0
12711,4
12712,0
12713,6
12714,1
12715,8
12716,2
12717,1
12718,2
12719,3
12720,4
12721,2
12722,0
12723,4
12724,4
12725,8
12726,2
12727,3
12728,2
12729,0
12730,0
12731,2
12732,6
12733,6
12734,2
12735,2
12736,3
12737,4
12738,1
12739,1
12740,2
12741,8
12742,2
12743,3
12744,8
12745,2
12746,8
12747,1
12748,4
12749,1
12750,3
12751,6
12752,4
12753,6
12754,6
12755,6
12756,4
12757,6
12758,2
12759,3
12760,2
12761,4
12762,3
12763,1
12764,3
12765,0
12766,6
12767,2
12768,0
12769,6
12770,2
12771,2
12772,2
12773,2
12774,8
12775,4
12776,8
12777,2
12778,2
12779,8
12780,4
12781,3
12782,6
12783,3
12784,3
12785,6
12786,8
12787,6
12788,6
12789,1
12790,4
12791,2
12792,0
12793,0
12794,0
12795,3
12796,2
12797,6
12798,3
12799,4
12800,6
12801,2
12802,2
12803,4
12804,8
12805,6
12806,3
12807,2
12808,0
12809,6
12810,2
12811,2
12812,0
12813,2
12814,8
12815,3
12816,3
12817,2
12818,8
12819,4
12820,4
12821,1
12822,8
12823,8
12824,8
12825,4
12826,2
12827,4
12828,8
12829,4
12830,8
12831,8
12832,2
12833,8
12834,4
12835,4
12836,4
12837,8
12838,2
12839,1
12840,8
12841,8
12842,6
12843,3
12844,2
12845,4
12846,4
12847,6
12848,8
12849,6
12850,6
12851,4
12852,8
12853,3
12854,6
12855,8
12856,2
12857,4
12858,2
12859,4
12860,3
12861,2
12862,3
12863,6
12864,8
12865,8
12866,4
12867,4
12868,2
12869,3
12870,2
12871,8
12872,6
12873,2
12874,1
12875,8
12876,3
12877,8
12878,8
12879,4
12880,8
12881,6
12882,3
12883,2
12884,8
12885,8
12886,6
12887,8
12888,2
12889,4
12890,6
12891,6
12892,2
12893,6
12894,8
12895,6
12896,8
12897,6
12898,8
12899,2
12900,2
12901,2
12902,6
12903,6
12904,3
12905,2
12906,4
12907,8
12908,6
12909,8
12910,8
12911,2
12912,3
12913,3
12914,4
12915,4
12916,6
12917,4
12918,3
12919,6
12920,2
12921,0
12922,3
12923,2
12924,4
12925,1
12926,2
12927,4
12928,4
12929,6
12930,8
12931,8
12932,8
12933,8
12934,2
12935,6
12936,8
12937,0
12938,6
12939,2
12940,4
12941,4
12942,4
12943,4
12944,6
12945,2
12946,3
12947,3
12948,4
12949,6
12950,1
12951,3
12952,0
12953,2
12954,6
12955,2
12956,6
12957,3
12958,4
12959,4
12960,4
12961,2
12962,4
12963,2
12964,3
12965,2
12966,6
12967,8
12968,3
12969,4
12970,2
12971,4
12972,3
12973,1
12974,7
12975,8
12976,4
12977,8
12978,8
12979,1
12980,1
12981,4
12982,8
12983,6
12984,1
12985,0
12986,8
12987,3
12988,0
12989,8
12990,0
12991,0
12992,1
12993,4
12994,2
12995,6
12996,1
12997,2
12998,2
12999,2
13000,8
13001,4
13002,2
13003,3
13004,6
13005,2
13006,4
13007,2
13008,2
13009,4
13010,8
13011,8
13012,4
13013,2
13014,8
13015,3
13016,8
13017,4
13018,8
13019,2
13020,4
13021,2
13022,6
13023,4
13024,2
13025,2
13026,3
13027,4
13028,1
13029,8
13030,4
13031,2
13032,4
13033,2
13034,4
13035,4
13036,0
13037,6
13038,4
13039,1
13040,4
13041,1
13042,2
13043,8
13044,3
13045,8
13046,8
13047,8
13048,4
13049,4
13050,2
13051,3
13052,2
13053,4
13054,8
13055,8
13056,3
13057,3
13058,2
13059,6
13060,6
13061,2
13062,1
13063,6
13064,4
13065,8
13066,2
13067,4
13068,2
13069,2
13070,4
13071,4
13072,3
13073,4
13074,4
13075,0
13076,3
13077,2
13078,3
13079,6
13080,0
13081,2
13082,0
13083,6
13084,4
13085,1
13086,2
13087,4
13088,6
13089,1
13090,6
13091,6
13092,4
13093,4
13094,4
13095,4
13096,2
13097,1
13098,4
13099,2
13100,1
13101,4
13102,8
13103,4
13104,8
13105,4
13106,4
13107,6
13108,4
13109,4
13110,1
13111,2
13112,6
13113,4
13114,2
13115,2
13116,4
13117,3
13118,4
13119,4
13120,2
13121,1
13122,0
13123,2
13124,8
13125,6
13126,4
13127,3
13128,4
13129,2
13130,3
13131,4
13132,8
13133,0
13134,8
13135,0
13136,2
13137,2
13138,3
13139,7
13140,6
13141,1
13142,0
13143,6
13144,4
13145,8
13146,6
13147,1
13148,3
13149,2
13150,2
13151,2
13152,1
13153,8
13154,4
13155,0
13156,0
13157,4
13158,8
13159,3
13160,4
13161,8
13162,8
13163,6
13164,1
13165,4
13166,6
13167,0
13168,8
13169,2
13170,8
13171,2
13172,0
13173,4
13174,3
13175,4
13176,4
13177,4
13178,4
13179,1
13180,1
13181,6
13182,2
13183,2
13184,3
13185,8
13186,8
13187,1
13188,1
13189,0
13190,1
13191,4
13192,8
13193,2
13194,6
13195,4
13196,0
13197,8
13198,3
13199,2
13200,1
13201,4
13202,4
13203,8
13204,2
13205,0
13206,6
13207,3
13208,3
13209,8
13210,4
13211,6
13212,4
13213,8
13214,2
13215,8
13216,8
13217,8
13218,8
13219,8
13220,6
13221,2
13222,8
13223,4
13224,2
13225,4
13226,8
13227,4
13228,4
13229,6
13230,6
13231,2
13232,2
13233,2
13234,7
13235,6
13236,4
13237,8
13238,4
13239,4
13240,8
13241,6
13242,2
13243,2
13244,3
13245,8
13246,2
13247,6
13248,2
13249,8
13250,4
13251,0
13252,2
13253,2
13254,2
13255,3
13256,0
13257,4
13258,3
13259,0
13260,8
13261,1
13262,4
13263,6
13264,2
13265,8
13266,2
13267,4
13268,0
13269,0
13270,2
13271,4
13272,0
13273,2
13274,3
13275,8
13276,6
13277,4
13278,1
13279,2
13280,1
13281,4
13282,3
13283,2
13284,2
13285,4
13286,2
13287,4
13288,8
13289,6
13290,8
13291,6
13292,0
13293,6
13294,2
13295,8
13296,4
13297,0
13298,8
13299,0
13300,0
13301,0
13302,8
13303,8
13304,2
13305,1
13306,4
13307,0
13308,4
13309,8
13310,8
13311,8
13312,8
13313,4
13314,0
13315,8
13316,0
13317,4
13318,4
13319,0
13320,0
13321,0
13322,8
13323,6
13324,2
13325,1
13326,6
13327,6
13328,4
13329,6
13330,4
13331,8
13332,4
13333,3
13334,0
13335,4
13336,1
13337,0
13338,8
13339,6
13340,3
13341,8
13342,4
13343,0
13344,1
13345,1
13346,8
13347,8
13348,8
13349,0
13350,6
13351,0
13352,6
13353,1
13354,0
13355,0
13356,8
13357,4
13358,8
13359,1
13360,4
13361,2
13362,2
13363,8
13364,4
13365,1
13366,2
13367,1
13368,8
13369,4
13370,1
13371,1
13372,8
13373,2
13374,1
13375,3
13376,4
13377,8
13378,8
13379,2
13380,8
13381,0
13382,8
13383,0
13384,4
13385,2
13386,3
13387,0
13388,8
13389,6
13390,0
13391,2
13392,6
13393,2
13394,2
13395,2
13396,4
13397,0
13398,8
13399,6
13400,8
13401,1
13402,0
13403,8
13404,0
13405,2
13406,1
13407,6
13408,0
13409,0
13410,0
13411,6
13412,2
13413,8
13414,0
13415,8
13416,8
13417,6
13418,8
13419,6
13420,8
13421,0
13422,0
13423,2
13424,2
13425,4
13426,6
13427,8
13428,8
13429,8
13430,6
13431,4
13432,2
13433,1
13434,2
13435,2
13436,4
13437,4
13438,4
13439,0
13440,2
13441,0
13442,2
13443,6
13444,1
13445,6
13446,2
13447,0
13448,2
13449,0
13450,4
13451,8
13452,1
13453,6
13454,8
13455,8
13456,2
13457,4
13458,0
13459,2
13460,4
13461,4
13462,6
13463,0
13464,0
13465,4
13466,0
13467,6
13468,2
13469,8
13470,8
13471,8
13472,4
13473,8
13474,8
13475,8
13476,8
13477,8
13478,2
13479,4
13480,8
13481,7
13482,2
13483,3
13484,0
13485,8
13486,0
13487,0
13488,0
13489,4
13490,3
13491,8
13492,0
13493,0
13494,0
13495,0
13496,4
13497,1
13498,2
13499,1
13500,0
13501,1
13502,0
13503,0
13504,4
13505,8
13506,0
13507,4
13508,0
13509,6
13510,1
13511,0
13512,1
13513,6
13514,0
13515,6
13516,8
13517,4
13518,3
13519,4
13520,4
13521,8
13522,2
13523,0
13524,6
13525,1
13526,4
13527,1
13528,4
13529,8
13530,8
13531,8
13532,8
13533,0
13534,6
13535,8
13536,0
13537,8
13538,6
13539,2
13540,1
13541,6
13542,0
13543,8
13544,2
13545,1
13546,8
13547,8
13548,4
13549,2
13550,6
13551,0
13552,3
13553,4
13554,2
13555,2
13556,2
13557,6
13558,4
13559,1
13560,4
13561,4
13562,0
13563,8
13564,4
13565,8
13566,0
13567,0
13568,8
13569,6
13570,8
13571,8
13572,2
13573,0
13574,0
13575,4
13576,2
13577,2
13578,4
13579,2
13580,4
13581,0
13582,4
13583,4
13584,8
13585,8
13586,3
13587,0
13588,6
13589,2
13590,6
13591,8
13592,0
13593,0
13594,2
13595,2
13596,8
13597,8
13598,6
13599,8
13600,2
13601,8
13602,8
13603,2
13604,3
13605,8
13606,2
13607,8
13608,0
13609,1
13610,8
13611,0
13612,0
13613,6
13614,8
13615,8
13616,6
13617,2
13618,0
13619,0
13620,2
13621,2
13622,8
13623,4
13624,1
13625,6
13626,8
13627,1
13628,6
13629,1
13630,8
13631,4
13632,6
13633,8
13634,8
13635,2
13636,8
13637,4
13638,8
13639,1
13640,1
13641,8
13642,0
13643,2
13644,2
13645,4
13646,8
13647,1
13648,8
13649,8
13650,8
13651,8
13652,4
13653,8
13654,4
13655,2
13656,4
13657,4
13658,6
13659,2
13660,2
13661,0
13662,6
13663,8
13664,6
13665,2
13666,0
13667,1
13668,2
13669,2
13670,4
13671,3
13672,1
13673,6
13674,6
13675,4
13676,0
13677,8
13678,2
13679,1
13680,4
13681,4
13682,6
13683,2
13684,8
13685,4
13686,6
13687,2
13688,0
13689,6
13690,4
13691,4
13692,4
13693,3
13694,1
13695,1
13696,2
13697,0
13698,2
13699,0
13700,0
13701,6
13702,1
13703,4
13704,4
13705,0
13706,6
13707,8
13708,8
13709,6
13710,8
13711,8
13712,4
13713,4
13714,0
13715,2
13716,2
13717,2
13718,8
13719,8
13720,6
13721,2
13722,8
13723,6
13724,6
13725,7
13726,0
13727,4
13728,8
13729,4
13730,8
13731,4
13732,2
13733,0
13734,2
13735,1
13736,6
13737,6
13738,6
13739,8
13740,2
13741,4
13742,6
13743,8
13744,6
13745,8
13746,2
13747,8
13748,2
13749,8
13750,0
13751,2
13752,2
13753,0
13754,2
13755,4
13756,8
13757,0
13758,8
13759,0
13760,2
13761,4
13762,8
13763,8
13764,2
13765,2
13766,4
13767,1
13768,8
13769,6
13770,0
13771,0
13772,1
13773,3
13774,3
13775,4
13776,3
13777,2
13778,6
13779,2
13780,4
13781,0
13782,2
13783,2
13784,0
13785,1
13786,0
13787,6
13788,3
13789,8
13790,2
13791,2
13792,3
13793,8
13794,8
13795,4
13796,0
13797,6
13798,4
13799,4
13800,0
13801,0
13802,8
13803,8
13804,0
13805,2
13806,0
13807,6
13808,1
13809,6
13810,2
13811,2
13812,1
13813,8
13814,1
13815,2
13816,1
13817,8
13818,2
13819,3
13820,2
13821,8
13822,8
13823,8
13824,6
13825,8
13826,4
13827,6
13828,0
13829,2
13830,0
13831,0
13832,4
13833,4
13834,0
13835,0
13836,4
13837,2
13838,0
13839,6
13840,0
13841,8
13842,4
13843,0
13844,8
13845,8
13846,1
13847,3
13848,6
13849,6
13850,4
13851,6
13852,0
13853,8
13854,2
13855,1
13856,2
13857,8
13858,4
13859,6
13860,0
13861,0
13862,4
13863,6
13864,3
13865,4
13866,6
13867,6
13868,8
13869,2
13870,1
13871,6
13872,4
13873,1
13874,6
13875,1
13876,0
13877,3
13878,2
13879,1
13880,2
13881,4
13882,0
13883,1
13884,2
13885,2
13886,0
13887,2
13888,2
13889,0
13890,2
13891,2
13892,8
13893,4
13894,4
13895,0
13896,3
13897,2
13898,6
13899,3
13900,0
13901,2
13902,3
13903,1
13904,2
13905,4
13906,7
13907,0
13908,4
13909,8
13910,0
13911,3
13912,3
13913,8
13914,8
13915,0
13916,4
13917,6
13918,0
13919,4
13920,6
13921,1
13922,6
13923,6
13924,4
13925,0
13926,1
13927,0
13928,1
13929,1
13930,6
13931,8
13932,8
13933,6
13934,4
13935,6
13936,6
13937,1
13938,2
13939,6
13940,8
13941,1
13942,6
13943,6
13944,6
13945,2
13946,4
13947,0
13948,2
13949,8
13950,8
13951,0
13952,6
13953,2
13954,8
13955,4
13956,0
13957,4
13958,6
13959,3
13960,1
13961,2
13962,8
13963,8
13964,1
13965,1
13966,0
13967,0
13968,4
13969,8
13970,0
13971,4
13972,6
13973,6
13974,4
13975,0
13976,4
13977,2
13978,2
13979,1
13980,6
13981,0
13982,1
13983,4
13984,1
13985,2
13986,2
13987,0
13988,0
13989,6
13990,2
13991,0
13992,0
13993,6
13994,4
13995,4
13996,4
13997,4
13998,2
13999,0
14000,0
14001,0
14002,0
14003,4
14004,0
14005,4
14006,2
14007,6
14008,4
14009,8
14010,0
14011,2
14012,6
14013,0
14014,4
14015,4
14016,4
14017,8
14018,0
14019,2
14020,0
14021,4
14022,6
14023,4
14024,6
14025,0
14026,0
14027,2
14028,4
14029,8
14030,4
14031,0
14032,8
14033,2
14034,0
14035,4
14036,2
14037,1
14038,3
14039,1
14040,2
14041,1
14042,0
14043,0
14044,1
14045,0
14046,4
14047,8
14048,8
14049,1
14050,3
14051,7
14052,8
14053,0
14054,8
14055,0
14056,6
14057,1
14058,4
14059,0
14060,4
14061,8
14062,0
14063,6
14064,1
14065,0
14066,2
14067,0
14068,6
14069,8
14070,1
14071,4
14072,4
14073,4
14074,8
14075,4
14076,0
14077,3
14078,0
14079,4
14080,4
14081,0
14082,4
14083,4
14084,6
14085,6
14086,4
14087,8
14088,0
14089,0
14090,4
14091,2
14092,7
14093,6
14094,4
14095,8
14096,6
14097,4
14098,8
14099,0
14100,3
14101,8
14102,7
14103,6
14104,8
14105,4
14106,8
14107,1
14108,1
14109,6
14110,0
14111,3
14112,0
14113,2
14114,7
14115,8
14116,0
14117,3
14118,0
14119,4
14120,8
14121,3
14122,0
14123,1
14124,0
14125,0
14126,0
14127,0
14128,1
14129,0
14130,3
14131,0
14132,0
14133,8
14134,0
14135,0
14136,6
14137,1
14138,6
14139,2
14140,2
14141,1
14142,8
14143,0
14144,1
14145,7
14146,6
14147,4
14148,0
14149,4
14150,0
14151,8
14152,0
14153,4
14154,1
14155,0
14156,0
14157,0
14158,0
14159,0
14160,6
14161,6
14162,0
14163,7
14164,0
14165,6
14166,4
14167,0
14168,0
14169,4
14170,6
14171,0
14172,4
14173,1
14174,4
14175,0
14176,0
14177,1
14178,1
14179,4
14180,4
14181,2
14182,0
14183,6
14184,3
14185,2
14186,4
14187,4
14188,6
14189,3
14190,3
14191,8
14192,0
14193,1
14194,4
14195,0
14196,6
14197,0
14198,6
14199,1
14200,0
14201,4
14202,7
14203,4
14204,0
14205,0
14206,8
14207,6
14208,0
14209,0
14210,8
14211,0
14212,4
14213,2
14214,4
14215,2
14216,1
14217,0
14218,0
14219,4
14220,0
14221,2
14222,6
14223,0
14224,8
14225,2
14226,0
14227,0
14228,7
14229,0
14230,3
14231,0
14232,0
14233,4
14234,0
14235,2
14236,4
14237,3
14238,0
14239,1
14240,4
14241,0
14242,4
14243,4
14244,0
14245,4
14246,4
14247,7
14248,6
14249,2
14250,0
14251,0
14252,4
14253,4
14254,2
14255,8
14256,6
14257,6
14258,0
14259,0
14260,6
14261,0
14262,4
14263,7
14264,0
14265,0
14266,2
14267,1
14268,6
14269,4
14270,0
14271,4
14272,4
14273,4
14274,3
14275,0
14276,4
14277,6
14278,6
14279,8
14280,4
14281,1
14282,0
14283,8
14284,6
14285,6
14286,0
14287,0
14288,4
14289,0
14290,8
14291,6
14292,0
14293,2
14294,6
14295,8
14296,0
14297,4
14298,8
14299,0
14300,8
14301,0
14302,4
14303,6
14304,4
14305,1
14306,0
14307,3
14308,4
14309,0
14310,0
14311,2
14312,7
14313,0
14314,0
14315,0
14316,6
14317,2
14318,2
14319,6
14320,0
14321,2
14322,0
14323,0
14324,0
14325,1
14326,4
14327,8
14328,2
14329,6
14330,7
14331,0
14332,2
14333,7
14334,4
14335,4
14336,6
14337,4
14338,8
14339,0
14340,6
14341,8
14342,0
14343,0
14344,4
14345,8
14346,0
14347,8
14348,6
14349,4
14350,0
14351,8
14352,0
14353,6
14354,6
14355,0
14356,8
14357,6
14358,2
14359,6
14360,8
14361,6
14362,2
14363,6
14364,0
14365,0
14366,1
14367,0
14368,7
14369,4
14370,0
14371,8
14372,1
14373,1
14374,0
14375,4
14376,8
14377,0
14378,0
14379,3
14380,6
14381,0
14382,1
14383,6
14384,0
14385,4
14386,6
14387,6
14388,0
14389,4
14390,0
14391,2
14392,6
14393,1
14394,4
14395,0
14396,0
14397,8
14398,8
14399,0
14400,6
14401,8
14402,0
14403,8
14404,0
14405,1
14406,4
14407,7
14408,0
14409,4
14410,3
14411,0
14412,2
14413,4
14414,4
14415,0
14416,2
14417,0
14418,2
14419,8
14420,4
14421,4
14422,0
14423,0
14424,8
14425,7
14426,8
14427,6
14428,1
14429,4
14430,7
14431,0
14432,6
14433,4
14434,1
14435,4
14436,2
14437,4
14438,2
14439,4
14440,6
14441,3
14442,8
14443,7
14444,4
14445,4
14446,6
14447,4
14448,6
14449,6
14450,4
14451,2
14452,2
14453,4
14454,7
14455,1
14456,9
14457,3
14458,0
14459,0
14460,1
14461,4
14462,7
14463,0
14464,6
14465,2
14466,0
14467,4
14468,4
14469,4
14470,0
14471,0
14472,2
14473,8
14474,0
14475,8
14476,4
14477,7
14478,0
14479,0
14480,1
14481,2
14482,1
14483,7
14484,3
14485,4
14486,6
14487,1
14488,0
14489,6
14490,8
14491,8
14492,6
14493,6
14494,4
14495,0
14496,3
14497,2
14498,6
14499,3
14500,3
14501,4
14502,6
14503,7
14504,2
14505,7
14506,4
14507,4
14508,6
14509,2
14510,4
14511,0
14512,2
14513,6
14514,8
14515,7
14516,2
14517,0
14518,1
14519,2
14520,6
14521,1
14522,0
14523,3
14524,8
14525,1
14526,6
14527,6
14528,8
14529,0
14530,2
14531,6
14532,1
14533,4
14534,7
14535,4
14536,2
14537,4
14538,0
14539,2
14540,4
14541,3
14542,2
14543,6
14544,6
14545,7
14546,1
14547,0
14548,4
14549,6
14550,7
14551,7
14552,2
14553,4
14554,2
14555,6
14556,2
14557,4
14558,0
14559,2
14560,1
14561,3
14562,1
14563,4
14564,7
14565,0
14566,0
14567,4
14568,0
14569,2
14570,0
14571,4
14572,4
14573,7
14574,3
14575,4
14576,0
14577,3
14578,4
14579,4
14580,2
14581,2
14582,4
14583,3
14584,2
14585,0
14586,6
14587,6
14588,4
14589,4
14590,0
14591,4
14592,4
14593,6
14594,8
14595,4
14596,3
14597,4
14598,2
14599,0
14600,6
14601,4
14602,8
14603,0
14604,0
14605,0
14606,4
14607,6
14608,4
14609,0
14610,6
14611,4
14612,8
14613,3
14614,0
14615,6
14616,6
14617,6
14618,6
14619,0
14620,6
14621,4
14622,3
14623,7
14624,2
14625,0
14626,2
14627,6
14628,4
14629,3
14630,6
14631,0
14632,6
14633,3
14634,0
14635,3
14636,1
14637,0
14638,0
14639,2
14640,4
14641,7
14642,4
14643,4
14644,2
14645,2
14646,4
14647,4
14648,0
14649,0
14650,1
14651,8
14652,9
14653,0
14654,2
14655,4
14656,2
14657,8
14658,3
14659,3
14660,1
14661,7
14662,0
14663,6
14664,6
14665,0
14666,4
14667,0
14668,5
14669,1
14670,4
14671,0
14672,4
14673,4
14674,6
14675,0
14676,0
14677,9
14678,4
14679,1
14680,1
14681,0
14682,4
14683,7
14684,4
14685,1
14686,8
14687,1
14688,4
14689,7
14690,1
14691,3
14692,0
14693,4
14694,4
14695,6
14696,0
14697,8
14698,6
14699,6
14700,6
14701,0
14702,2
14703,6
14704,8
14705,7
14706,3
14707,4
14708,3
14709,4
14710,4
14711,2
14712,6
14713,7
14714,3
14715,4
14716,0
14717,4
14718,0
14719,0
14720,3
14721,8
14722,7
14723,2
14724,2
14725,6
14726,6
14727,2
14728,2
14729,1
14730,0
14731,0
14732,2
14733,4
14734,2
14735,6
14736,0
14737,4
14738,4
14739,0
14740,8
14741,2
14742,6
14743,3
14744,6
14745,2
14746,7
14747,6
14748,6
14749,8
14750,6
14751,5
14752,1
14753,7
14754,4
14755,0
14756,4
14757,6
14758,0
14759,2
14760,7
14761,5
14762,9
14763,0
14764,2
14765,0
14766,7
14767,4
14768,7
14769,0
14770,8
14771,0
14772,1
14773,1
14774,6
14775,0
14776,2
14777,6
14778,7
14779,6
14780,4
14781,4
14782,1
14783,3
14784,7
14785,7
14786,0
14787,4
14788,4
14789,6
14790,0
14791,2
14792,3
14793,4
14794,0
14795,4
14796,5
14797,7
14798,4
14799,4
14800,3
14801,3
14802,2
14803,2
14804,4
14805,3
14806,2
14807,0
14808,6
14809,0
14810,2
14811,0
14812,7
14813,6
14814,0
14815,0
14816,0
14817,9
14818,4
14819,5
14820,6
14821,2
14822,8
14823,5
14824,2
14825,6
14826,3
14827,4
14828,7
14829,4
14830,7
14831,5
14832,4
14833,7
14834,6
14835,3
14836,0
14837,7
14838,6
14839,2
14840,3
14841,4
14842,6
14843,6
14844,0
14845,8
14846,1
14847,6
14848,2
14849,1
14850,6
14851,4
14852,2
14853,1
14854,7
14855,6
14856,4
14857,2
14858,0
14859,7
14860,6
14861,7
14862,7
14863,4
14864,4
14865,6
14866,3
14867,2
14868,4
14869,1
14870,3
14871,2
14872,4
14873,4
14874,1
14875,0
14876,0
14877,2
14878,7
14879,7
14880,0
14881,8
14882,5
14883,0
14884,3
14885,2
14886,2
14887,4
14888,4
14889,1
14890,1
14891,0
14892,0
14893,3
14894,7
14895,5
14896,7
14897,4
14898,4
14899,4
14900,2
14901,2
14902,3
14903,0
14904,7
14905,6
14906,5
14907,1
14908,0
14909,0
14910,3
14911,0
14912,7
14913,4
14914,2
14915,1
14916,1
14917,0
14918,6
14919,2
14920,0
14921,0
14922,0
14923,2
14924,6
14925,6
14926,7
14927,2
14928,7
14929,0
14930,2
14931,0
14932,0
14933,6
14934,2
14935,8
14936,2
14937,4
14938,1
14939,4
14940,6
14941,0
14942,3
14943,0
14944,0
14945,7
14946,0
14947,7
14948,2
14949,6
14950,6
14951,0
14952,6
14953,2
14954,4
14955,7
14956,1
14957,0
14958,8
14959,0
14960,2
14961,0
14962,0
14963,6
14964,6
14965,7
14966,2
14967,7
14968,3
14969,4
14970,0
14971,2
14972,2
14973,2
14974,6
14975,3
14976,8
14977,7
14978,2
14979,0
14980,0
14981,0
14982,7
14983,0
14984,6
14985,6
14986,2
14987,0
14988,4
14989,0
14990,0
14991,6
14992,7
14993,7
14994,3
14995,2
14996,0
14997,5
14998,2
14999,4
15000,0
15001,0
15002,6
15003,5
15004,0
15005,1
15006,0
15007,4
15008,7
15009,7
15010,4
15011,0
15012,2
15013,6
15014,6
15015,3
15016,2
15017,6
15018,5
15019,4
15020,4
15021,7
15022,4
15023,0
15024,1
15025,2
15026,3
15027,0
15028,0
15029,1
15030,7
15031,7
15032,0
15033,0
15034,1
15035,0
15036,4
15037,0
15038,4
15039,9
15040,0
15041,4
15042,6
15043,4
15044,6
15045,1
15046,4
15047,4
15048,7
15049,2
15050,7
15051,7
15052,8
15053,0
15054,5
15055,2
15056,0
15057,0
15058,6
15059,0
15060,6
15061,0
15062,0
15063,4
15064,7
15065,3
15066,7
15067,4
15068,2
15069,6
15070,5
15071,4
15072,7
15073,2
15074,8
15075,6
15076,6
15077,2
15078,4
15079,7
15080,6
15081,1
15082,7
15083,2
15084,0
15085,2
15086,5
15087,0
15088,7
15089,4
15090,5
15091,6
15092,1
15093,4
15094,0
15095,0
15096,5
15097,5
15098,1
15099,9
15100,4
15101,7
15102,6
15103,2
15104,1
15105,6
15106,6
15107,8
15108,4
15109,0
15110,0
15111,4
15112,7
15113,2
15114,4
15115,5
15116,0
15117,6
15118,1
15119,4
15120,2
15121,7
15122,6
15123,2
15124,8
15125,0
15126,9
15127,4
15128,4
15129,4
15130,5
15131,0
15132,6
15133,0
15134,2
15135,4
15136,0
15137,7
15138,2
15139,0
15140,0
15141,6
15142,6
15143,4
15144,3
15145,7
15146,6
15147,7
15148,2
15149,5
15150,1
15151,4
15152,2
15153,9
15154,3
15155,3
15156,0
15157,9
15158,2
15159,7
15160,6
15161,7
15162,1
15163,6
15164,4
15165,3
15166,6
15167,4
15168,0
15169,4
15170,0
15171,0
15172,7
15173,0
15174,6
15175,2
15176,7
15177,0
15178,0
15179,4
15180,0
15181,0
15182,4
15183,4
15184,7
15185,0
15186,9
15187,7
15188,0
15189,7
15190,0
15191,3
15192,3
15193,1
15194,7
15195,4
15196,2
15197,6
15198,0
15199,0
15200,1
15201,0
15202,4
15203,4
15204,7
15205,5
15206,4
15207,7
15208,7
15209,2
15210,0
15211,0
15212,4
15213,0
15214,5
15215,0
15216,5
15217,7
15218,7
15219,9
15220,0
15221,3
15222,5
15223,5
15224,7
15225,7
15226,6
15227,4
15228,7
15229,2
15230,3
15231,3
15232,4
15233,2
15234,0
15235,2
15236,4
15237,4
15238,7
15239,2
15240,3
15241,4
15242,2
15243,9
15244,4
15245,4
15246,2
15247,2
15248,7
15249,6
15250,7
15251,4
15252,0
15253,5
15254,8
15255,7
15256,5
15257,2
15258,1
15259,6
15260,1
15261,0
15262,4
15263,0
15264,0
15265,9
15266,0
15267,0
15268,1
15269,2
15270,7
15271,0
15272,6
15273,9
15274,4
15275,3
15276,9
15277,4
15278,9
15279,6
15280,7
15281,0
15282,2
15283,3
15284,2
15285,9
15286,6
15287,4
15288,0
15289,7
15290,3
15291,0
15292,1
15293,5
15294,0
15295,2
15296,2
15297,0
15298,0
15299,0
15300,4
15301,7
15302,0
15303,6
15304,2
15305,5
15306,0
15307,4
15308,6
15309,4
15310,0
15311,0
15312,1
15313,4
15314,2
15315,7
15316,4
15317,5
15318,5
15319,1
15320,0
15321,7
15322,2
15323,9
15324,5
15325,1
15326,0
15327,5
15328,0
15329,7
15330,5
15331,5
15332,7
15333,5
15334,5
15335,7
15336,4
15337,1
15338,0
15339,1
15340,4
15341,2
15342,9
15343,0
15344,2
15345,1
15346,0
15347,6
15348,2
15349,4
15350,4
15351,7
15352,0
15353,9
15354,9
15355,9
15356,2
15357,0
15358,0
15359,0
15360,0
15361,5
15362,9
15363,9
15364,4
15365,0
15366,7
15367,7
15368,6
15369,6
15370,2
15371,0
15372,6
15373,7
15374,5
15375,0
15376,1
15377,0
15378,3
15379,6
15380,7
15381,0
15382,0
15383,7
15384,5
15385,7
15386,7
15387,0
15388,9
15389,0
15390,0
15391,0
15392,7
15393,0
15394,5
15395,2
15396,6
15397,0
15398,7
15399,1
15400,4
15401,2
15402,7
15403,9
15404,0
15405,7
15406,4
15407,0
15408,2
15409,0
15410,0
15411,3
15412,7
15413,0
15414,0
15415,3
15416,9
15417,0
15418,7
15419,7
15420,0
15421,4
15422,0
15423,0
15424,2
15425,2
15426,0
15427,2
15428,0
15429,6
15430,1
15431,5
15432,0
15433,0
15434,5
15435,0
15436,6
15437,7
15438,0
15439,4
15440,7
15441,0
15442,1
15443,0
15444,9
15445,1
15446,1
15447,8
15448,5
15449,7
15450,5
15451,7
15452,0
15453,0
15454,7
15455,5
15456,5
15457,2
15458,0
15459,5
15460,6
15461,7
15462,2
15463,5
15464,7
15465,9
15466,7
15467,2
15468,6
15469,7
15470,0
15471,0
15472,0
15473,0
15474,0
15475,5
15476,5
15477,5
15478,0
15479,2
15480,5
15481,7
15482,5
15483,2
15484,5
15485,0
15486,5
15487,7
15488,7
15489,5
15490,6
15491,5
15492,5
15493,0
15494,0
15495,7
15496,0
15497,6
15498,5
15499,4
15500,2
15501,9
15502,0
15503,9
15504,3
15505,7
15506,2
15507,2
15508,0
15509,9
15510,2
15511,0
15512,6
15513,0
15514,4
15515,2
15516,1
15517,9
15518,5
15519,2
15520,7
15521,1
15522,1
15523,0
15524,0
15525,0
15526,3
15527,9
15528,6
15529,7
15530,2
15531,2
15532,0
15533,3
15534,4
15535,0
15536,2
15537,7
15538,5
15539,0
15540,9
15541,5
15542,2
15543,6
15544,6
15545,5
15546,5
15547,9
15548,0
15549,4
15550,2
15551,2
15552,5
15553,5
15554,5
15555,0
15556,0
15557,4
15558,9
15559,0
15560,6
15561,1
15562,9
15563,7
15564,0
15565,7
15566,2
15567,0
15568,1
15569,5
15570,0
15571,3
15572,5
15573,3
15574,5
15575,5
15576,7
15577,4
15578,2
15579,0
15580,0
15581,5
15582,4
15583,5
15584,9
15585,2
15586,7
15587,0
15588,2
15589,7
15590,5
15591,5
15592,6
15593,9
15594,7
15595,5
15596,7
15597,7
15598,1
15599,7
15600,2
15601,9
15602,7
15603,3
15604,9
15605,5
15606,5
15607,7
15608,0
15609,9
15610,7
15611,2
15612,2
15613,2
15614,7
15615,1
15616,7
15617,5
15618,5
15619,9
15620,7
15621,5
15622,3
15623,9
15624,6
15625,2
15626,0
15627,0
15628,9
15629,6
15630,0
15631,0
15632,0
15633,0
15634,0
15635,7
15636,7
15637,2
15638,0
15639,5
15640,0
15641,5
15642,3
15643,6
15644,0
15645,0
15646,1
15647,2
15648,0
15649,0
15650,9
15651,5
15652,9
15653,9
15654,9
15655,2
15656,9
15657,0
15658,1
15659,7
15660,0
15661,6
15662,2
15663,5
15664,7
15665,0
15666,7
15667,3
15668,0
15669,3
15670,2
15671,0
15672,2
15673,5
15674,0
15675,0
15676,1
15677,4
15678,9
15679,0
15680,0
15681,3
15682,9
15683,0
15684,0
15685,9
15686,2
15687,5
15688,0
15689,0
15690,0
15691,0
15692,0
15693,5
15694,2
15695,2
15696,0
15697,0
15698,0
15699,7
15700,9
15701,1
15702,6
15703,5
15704,7
15705,6
15706,4
15707,2
15708,1
15709,4
15710,0
15711,5
15712,0
15713,5
15714,7
15715,0
15716,7
15717,2
15718,6
15719,0
15720,1
15721,9
15722,1
15723,3
15724,9
15725,5
15726,9
15727,2
15728,0
15729,2
15730,2
15731,7
15732,2
15733,9
15734,5
15735,1
15736,0
15737,0
15738,0
15739,3
15740,3
15741,5
15742,0
15743,3
15744,2
15745,5
15746,5
15747,9
15748,1
15749,5
15750,0
15751,5
15752,3
15753,0
15754,0
15755,1
15756,5
15757,7
15758,5
15759,0
15760,0
15761,5
15762,0
15763,1
15764,9
15765,0
15766,9
15767,5
15768,7
15769,0
15770,1
15771,0
15772,7
15773,3
15774,1
15775,2
15776,3
15777,0
15778,2
15779,0
15780,3
15781,4
15782,0
15783,2
15784,3
15785,9
15786,0
15787,5
15788,9
15789,9
15790,5
15791,5
15792,5
15793,9
15794,6
15795,9
15796,3
15797,7
15798,0
15799,0
15800,4
15801,5
15802,7
15803,2
15804,0
15805,7
15806,0
15807,7
15808,0
15809,6
15810,7
15811,7
15812,5
15813,0
15814,5
15815,7
15816,9
15817,7
15818,2
15819,2
15820,0
15821,2
15822,2
15823,0
15824,5
15825,1
15826,7
15827,9
15828,1
15829,0
15830,5
15831,3
15832,1
15833,0
15834,3
15835,1
15836,0
15837,2
15838,5
15839,7
15840,9
15841,0
15842,5
15843,7
15844,1
15845,9
15846,7
15847,7
15848,0
15849,3
15850,9
15851,9
15852,0
15853,2
15854,0
15855,9
15856,7
15857,0
15858,2
15859,6
15860,6
15861,2
15862,2
15863,0
15864,5
15865,2
15866,7
15867,5
15868,5
15869,3
15870,2
15871,6
15872,7
15873,0
15874,0
15875,1
15876,2
15877,3
15878,1
15879,5
15880,1
15881,7
15882,7
15883,5
15884,1
15885,0
15886,9
15887,6
15888,7
15889,5
15890,4
15891,2
15892,0
15893,7
15894,0
15895,0
15896,5
15897,0
15898,2
15899,0
15900,9
15901,0
15902,5
15903,6
15904,1
15905,7
15906,0
15907,3
15908,1
15909,1
15910,3
15911,1
15912,3
15913,5
15914,7
15915,1
15916,7
15917,5
15918,5
15919,5
15920,2
15921,2
15922,1
15923,7
15924,9
15925,7
15926,5
15927,9
15928,6
15929,6
15930,7
15931,0
15932,9
15933,0
15934,3
15935,9
15936,5
15937,0
15938,1
15939,5
15940,3
15941,3
15942,7
15943,3
15944,3
15945,0
15946,0
15947,5
15948,0
15949,9
15950,2
15951,2
15952,0
15953,3
15954,1
15955,3
15956,2
15957,0
15958,0
15959,7
15960,5
15961,5
15962,5
15963,0
15964,5
15965,7
15966,5
15967,0
15968,0
15969,5
15970,5
15971,0
15972,2
15973,5
15974,9
15975,2
15976,5
15977,1
15978,1
15979,0
15980,5
15981,7
15982,7
15983,5
15984,0
15985,2
15986,6
15987,0
15988,5
15989,6
15990,7
15991,0
15992,9
15993,2
15994,5
15995,7
15996,4
15997,3
15998,2
15999,9
16000,2
16001,7
16002,2
16003,1
16004,2
16005,7
16006,5
16007,9
16008,5
16009,7
16010,5
16011,0
16012,9
16013,0
16014,0
16015,9
16016,5
16017,7
16018,6
16019,5
16020,9
16021,3
16022,9
16023,7
16024,5
16025,0
16026,1
16027,7
16028,5
16029,2
16030,5
16031,5
16032,0
16033,0
16034,0
16035,9
16036,2
16037,5
16038,6
16039,5
16040,0
16041,0
16042,5
16043,5
16044,0
16045,5
16046,1
16047,7
16048,9
16049,5
16050,9
16051,0
16052,0
16053,5
16054,7
16055,1
16056,0
16057,9
16058,5
16059,0
16060,5
16061,9
16062,0
16063,5
16064,0
16065,1
16066,9
16067,7
16068,3
16069,0
16070,7
16071,0
16072,5
16073,2
16074,0
16075,1
16076,2
16077,0
16078,0
16079,0
16080,6
16081,2
16082,7
16083,1
16084,2
16085,2
16086,5
16087,9
16088,9
16089,5
16090,1
16091,9
16092,5
16093,4
16094,5
16095,0
16096,9
16097,0
16098,0
16099,5
16100,4
16101,0
16102,0
16103,1
16104,1
16105,2
16106,7
16107,5
16108,7
16109,9
16110,7
16111,0
16112,9
16113,5
16114,9
16115,1
16116,2
16117,7
16118,9
16119,3
16120,3
16121,5
16122,6
16123,2
16124,5
16125,5
16126,2
16127,0
16128,0
16129,2
16130,9
16131,9
16132,0
16133,0
16134,2
16135,5
16136,0
16137,2
16138,9
16139,7
16140,7
16141,5
16142,5
16143,1
16144,5
16145,0
16146,2
16147,0
16148,6
16149,0
16150,0
16151,0
16152,1
16153,0
16154,5
16155,1
16156,3
16157,7
16158,7
16159,5
16160,3
16161,5
16162,5
16163,0
16164,7
16165,3
16166,2
16167,6
16168,9
16169,0
16170,0
16171,0
16172,0
16173,0
16174,0
16175,0
16176,7
16177,0
16178,7
16179,7
16180,5
16181,7
16182,7
16183,7
16184,0
16185,1
16186,1
16187,3
16188,7
16189,7
16190,0
16191,0
16192,2
16193,2
16194,2
16195,5
16196,5
16197,7
16198,0
16199,1
16200,5
16201,0
16202,9
16203,2
16204,2
16205,9
16206,0
16207,5
16208,2
16209,2
16210,2
16211,0
16212,1
16213,0
16214,0
16215,5
16216,0
16217,9
16218,0
16219,5
16220,5
16221,0
16222,0
16223,2
16224,2
16225,5
16226,7
16227,1
16228,9
16229,5
16230,7
16231,1
16232,7
16233,7
16234,2
16235,2
16236,7
16237,5
16238,1
16239,0
16240,0
16241,0
16242,0
16243,5
16244,0
16245,6
16246,7
16247,0
16248,2
16249,0
16250,2
16251,9
16252,2
16253,7
16254,3
16255,9
16256,9
16257,0
16258,9
16259,2
16260,0
16261,7
16262,0
16263,0
16264,0
16265,9
16266,2
16267,9
16268,5
16269,5
16270,5
16271,5
16272,7
16273,5
16274,7
16275,7
16276,9
16277,0
16278,5
16279,7
16280,0
16281,5
16282,0
16283,7
16284,2
16285,9
16286,9
16287,5
16288,7
16289,7
16290,5
16291,7
16292,0
16293,9
16294,5
16295,0
16296,0
16297,0
16298,9
16299,1
16300,2
16301,0
16302,5
16303,0
16304,5
16305,7
16306,7
16307,9
16308,2
16309,5
16310,7
16311,0
16312,0
16313,7
16314,5
16315,0
16316,2
16317,2
16318,0
16319,5
16320,5
16321,0
16322,5
16323,1
16324,1
16325,1
16326,5
16327,5
16328,0
16329,5
16330,6
16331,0
16332,3
16333,3
16334,7
16335,7
16336,2
16337,2
16338,5
16339,9
16340,0
16341,5
16342,1
16343,7
16344,9
16345,0
16346,3
16347,0
16348,9
16349,9
16350,7
16351,2
16352,5
16353,7
16354,0
16355,9
16356,0
16357,5
16358,0
16359,0
16360,6
16361,0
16362,7
16363,2
16364,9
16365,5
16366,2
16367,0
16368,2
16369,0
16370,5
16371,0
16372,0
16373,9
16374,0
16375,1
16376,7
16377,9
16378,9
16379,1
16380,1
16381,0
16382,5
16383,5
16384,9
16385,9
16386,0
16387,7
16388,0
16389,5
16390,9
16391,9
16392,5
16393,3
16394,7
16395,5
16396,2
16397,1
16398,7
16399,7
16400,0
16401,0
16402,0
16403,1
16404,0
16405,7
16406,0
16407,0
16408,1
16409,2
16410,0
16411,2
16412,9
16413,5
16414,2
16415,1
16416,0
16417,0
16418,5
16419,7
16420,0
16421,0
16422,5
16423,5
16424,7
16425,0
16426,0
16427,3
16428,0
16429,9
16430,7
16431,9
16432,5
16433,2
16434,2
16435,9
16436,5
16437,5
16438,0
16439,9
16440,3
16441,0
16442,0
16443,0
16444,2
16445,0
16446,7
16447,7
16448,2
16449,5
16450,7
16451,7
16452,7
16453,5
16454,0
16455,0
16456,2
16457,7
16458,1
16459,0
16460,0
16461,2
16462,0
16463,5
16464,2
16465,7
16466,2
16467,7
16468,0
16469,1
16470,1
16471,5
16472,5
16473,0
16474,7
16475,7
16476,2
16477,5
16478,0
16479,0
16480,7
16481,0
16482,2
16483,2
16484,1
16485,0
16486,0
16487,7
16488,7
16489,1
16490,0
16491,0
16492,9
16493,7
16494,2
16495,5
16496,7
16497,7
16498,0
16499,5
16500,2
16501,0
16502,5
16503,2
16504,7
16505,0
16506,3
16507,0
16508,5
16509,0
16510,0
16511,2
16512,7
16513,1
16514,0
16515,7
16516,3
16517,0
16518,5
16519,5
16520,9
16521,0
16522,7
16523,7
16524,0
16525,1
16526,0
16527,0
16528,7
16529,9
16530,1
16531,0
16532,9
16533,7
16534,7
16535,2
16536,7
16537,0
16538,4
16539,5
16540,9
16541,1
16542,7
16543,9
16544,3
16545,7
16546,9
16547,7
16548,2
16549,9
16550,5
16551,9
16552,0
16553,9
16554,7
16555,1
16556,0
16557,7
16558,0
16559,7
16560,0
16561,1
16562,2
16563,0
16564,9
16565,7
16566,5
16567,9
16568,9
16569,7
16570,9
16571,0
16572,0
16573,5
16574,5
16575,5
16576,2
16577,5
16578,0
16579,9
16580,0
16581,5
16582,9
16583,0
16584,1
16585,0
16586,5
16587,9
16588,0
16589,0
16590,5
16591,5
16592,0
16593,0
16594,0
16595,2
16596,2
16597,7
16598,0
16599,2
16600,5
16601,2
16602,7
16603,5
16604,7
16605,0
16606,9
16607,9
16608,2
16609,9
16610,5
16611,3
16612,3
16613,0
16614,9
16615,9
16616,0
16617,0
16618,7
16619,3
16620,9
16621,0
16622,5
16623,5
16624,0
16625,0
16626,1
16627,5
16628,0
16629,5
16630,5
16631,0
16632,0
16633,0
16634,5
16635,5
16636,2
16637,0
16638,5
16639,0
16640,0
16641,1
16642,0
16643,2
16644,5
16645,0
16646,0
16647,5
16648,5
16649,1
16650,5
16651,1
16652,0
16653,7
16654,0
16655,9
16656,0
16657,0
16658,3
16659,7
16660,2
16661,5
16662,1
16663,2
16664,9
16665,9
16666,0
16667,7
16668,0
16669,0
16670,0
16671,9
16672,1
16673,0
16674,7
16675,0
16676,0
16677,7
16678,1
16679,7
16680,0
16681,0
16682,0
16683,9
16684,0
16685,5
16686,9
16687,7
16688,2
16689,9
16690,7
16691,0
16692,2
16693,0
16694,9
16695,9
16696,7
16697,9
16698,1
16699,7
16700,0
16701,0
16702,0
16703,2
16704,2
16705,0
16706,7
16707,5
16708,0
16709,1
16710,0
16711,9
16712,9
16713,0
16714,5
16715,0
16716,7
16717,0
16718,7
16719,0
16720,2
16721,0
16722,0
16723,7
16724,2
16725,5
16726,1
16727,2
16728,7
16729,7
16730,7
16731,0
16732,0
16733,7
16734,9
16735,0
16736,0
16737,7
16738,7
16739,0
16740,0
16741,5
16742,5
16743,0
16744,0
16745,2
16746,0
16747,2
16748,1
16749,1
16750,5
16751,3
16752,0
16753,0
16754,3
16755,5
16756,2
16757,7
16758,0
16759,5
16760,2
16761,9
16762,1
16763,0
16764,9
16765,7
16766,0
16767,0
16768,7
16769,1
16770,3
16771,7
16772,9
16773,2
16774,9
16775,1
16776,5
16777,0
16778,2
16779,2
16780,7
16781,7
16782,1
16783,0
16784,0
16785,0
16786,5
16787,0
16788,0
16789,1
16790,2
16791,7
16792,0
16793,1
16794,7
16795,2
16796,1
16797,0
16798,5
16799,4
16800,0
16801,9
16802,7
16803,5
16804,0
16805,5
16806,0
16807,7
16808,0
16809,0
16810,0
16811,2
16812,0
16813,5
16814,2
16815,5
16816,0
16817,7
16818,0
16819,9
16820,7
16821,0
16822,5
16823,7
16824,0
16825,2
16826,0
16827,0
16828,7
16829,0
16830,1
16831,0
16832,5
16833,2
16834,7
16835,5
16836,1
16837,0
16838,0
16839,0
16840,2
16841,9
16842,9
16843,0
16844,5
16845,0
16846,0
16847,0
16848,0
16849,7
16850,0
16851,5
16852,1
16853,0
16854,5
16855,9
16856,0
16857,7
16858,0
16859,2
16860,0
16861,5
16862,3
16863,0
16864,5
16865,9
16866,9
16867,0
16868,7
16869,9
16870,0
16871,7
16872,7
16873,5
16874,0
16875,1
16876,0
16877,5
16878,3
16879,7
16880,9
16881,0
16882,7
16883,0
16884,5
16885,0
16886,2
16887,2
16888,0
16889,7
16890,5
16891,9
16892,1
16893,9
16894,7
16895,7
16896,5
16897,0
16898,5
16899,0
16900,5
16901,7
16902,5
16903,0
16904,0
16905,7
16906,7
16907,0
16908,1
16909,3
16910,5
16911,7
16912,7
16913,7
16914,5
16915,7
16916,9
16917,1
16918,1
16919,1
16920,2
16921,7
16922,1
16923,0
16924,7
16925,0
16926,2
16927,0
16928,7
16929,5
16930,9
16931,5
16932,5
16933,5
16934,2
16935,0
16936,9
16937,0
16938,7
16939,1
16940,9
16941,7
16942,7
16943,5
16944,1
16945,5
16946,5
16947,9
16948,1
16949,0
16950,0
16951,0
16952,7
16953,7
16954,5
16955,0
16956,9
16957,0
16958,5
16959,5
16960,1
16961,4
16962,7
16963,9
16964,1
16965,0
16966,0
16967,0
16968,7
16969,5
16970,0
16971,0
16972,5
16973,5
16974,7
16975,7
16976,7
16977,0
16978,0
16979,5
16980,5
16981,0
16982,5
16983,0
16984,7
16985,2
16986,9
16987,3
16988,5
16989,9
16990,5
16991,5
16992,9
16993,7
16994,7
16995,7
16996,7
16997,9
16998,2
16999,0
17000,5
17001,5
17002,5
17003,0
17004,9
17005,5
17006,0
17007,5
17008,0
17009,9
17010,5
17011,1
17012,0
17013,5
17014,9
17015,9
17016,9
17017,7
17018,0
17019,5
17020,2
17021,0
17022,2
17023,2
17024,5
17025,9
17026,0
17027,1
17028,7
17029,7
17030,0
17031,0
17032,0
17033,7
17034,0
17035,1
17036,9
17037,1
17038,0
17039,9
17040,5
17041,7
17042,0
17043,0
17044,5
17045,0
17046,5
17047,0
17048,1
17049,1
17050,1
17051,1
17052,0
17053,2
17054,7
17055,5
17056,5
17057,2
17058,7
17059,1
17060,0
17061,1
17062,5
17063,0
17064,0
17065,0
17066,0
17067,0
17068,0
17069,0
17070,9
17071,5
17072,5
17073,0
17074,0
17075,2
17076,7
17077,9
17078,7
17079,1
17080,7
17081,2
17082,2
17083,0
17084,7
17085,4
17086,0
17087,2
17088,4
17089,2
17090,3
17091,4
17092,4
17093,4
17094,1
17095,6
17096,3
17097,6
17098,3
17099,3
17100,8
17101,0
17102,2
17103,4
17104,3
17105,3
17106,2
17107,6
17108,2
17109,2
17110,3
17111,2
17112,4
17113,6
17114,2
17115,2
17116,3
17117,4
17118,2
17119,8
17120,2
17121,2
17122,6
17123,4
17124,2
17125,4
17126,2
17127,2
17128,4
17129,6
17130,6
17131,4
17132,3
17133,1
17134,2
17135,1
17136,3
17137,3
17138,2
17139,3
17140,4
17141,4
17142,3
17143,0
17144,2
17145,2
17146,4
17147,2
17148,8
17149,4
17150,3
17151,4
17152,8
17153,2
17154,3
17155,0
17156,2
17157,4
17158,6
17159,4
17160,3
17161,6
17162,2
17163,6
17164,2
17165,2
17166,3
17167,3
17168,4
17169,4
17170,3
17171,2
17172,3
17173,4
17174,4
17175,3
17176,6
17177,6
17178,3
17179,8
17180,3
17181,1
17182,6
17183,3
17184,8
17185,4
17186,6
17187,8
17188,8
17189,2
17190,2
17191,8
17192,2
17193,6
17194,8
17195,2
17196,6
17197,6
17198,3
17199,4
17200,4
17201,6
17202,2
17203,4
17204,4
17205,2
17206,3
17207,2
17208,2
17209,1
17210,6
17211,4
17212,2
17213,6
17214,2
17215,1
17216,2
17217,2
17218,2
17219,8
17220,6
17221,8
17222,6
17223,2
17224,4
17225,2
17226,2
17227,3
17228,1
17229,2
17230,3
17231,4
17232,4
17233,3
17234,3
17235,3
17236,8
17237,8
17238,4
17239,4
17240,3
17241,8
17242,2
17243,6
17244,8
17245,6
17246,6
17247,6
17248,8
17249,4
17250,8
17251,2
17252,3
17253,3
17254,3
17255,1
17256,1
17257,2
17258,4
17259,6
17260,3
17261,8
17262,3
17263,8
17264,3
17265,3
17266,8
17267,4
17268,6
17269,8
17270,3
17271,4
17272,3
17273,4
17274,1
17275,4
17276,0
17277,8
17278,0
17279,4
17280,3
17281,2
17282,2
17283,4
17284,2
17285,3
17286,3
17287,4
17288,6
17289,6
17290,2
17291,4
17292,4
17293,2
17294,6
17295,4
17296,3
17297,3
17298,3
17299,8
17300,8
17301,2
17302,4
17303,2
17304,8
17305,3
17306,4
17307,2
17308,8
17309,2
17310,8
17311,3
17312,4
17313,8
17314,4
17315,2
17316,3
17317,3
17318,3
17319,8
17320,8
17321,6
17322,1
17323,4
17324,8
17325,6
17326,4
17327,4
17328,4
17329,3
17330,4
17331,8
17332,3
17333,4
17334,8
17335,3
17336,4
17337,8
17338,6
17339,2
17340,2
17341,4
17342,4
17343,2
17344,8
17345,3
17346,3
17347,4
17348,3
17349,4
17350,8
17351,4
17352,8
17353,3
17354,8
17355,8
17356,3
17357,4
17358,4
17359,1
17360,2
17361,4
17362,3
17363,2
17364,4
17365,3
17366,2
17367,6
17368,8
17369,3
17370,2
17371,2
17372,4
17373,6
17374,2
17375,2
17376,3
17377,6
17378,2
17379,4
17380,4
17381,2
17382,3
17383,1
17384,8
17385,2
17386,4
17387,6
17388,2
17389,3
17390,2
17391,3
17392,4
17393,6
17394,2
17395,8
17396,2
17397,8
17398,4
17399,2
17400,4
17401,2
17402,8
17403,4
17404,2
17405,2
17406,2
17407,8
17408,4
17409,4
17410,6
17411,2
17412,6
17413,1
17414,8
17415,4
17416,6
17417,6
17418,4
17419,8
17420,8
17421,2
17422,4
17423,3
17424,3
17425,2
17426,4
17427,4
17428,3
17429,2
17430,8
17431,1
17432,3
17433,1
17434,4
17435,2
17436,0
17437,4
17438,2
17439,8
17440,4
17441,4
17442,3
17443,4
17444,2
17445,3
17446,1
17447,8
17448,2
17449,2
17450,2
17451,8
17452,4
17453,4
17454,2
17455,3
17456,8
17457,8
17458,2
17459,4
17460,8
17461,8
17462,2
17463,8
17464,8
17465,3
17466,6
17467,6
17468,3
17469,6
17470,8
17471,2
17472,3
17473,2
17474,2
17475,6
17476,2
17477,6
17478,2
17479,1
17480,3
17481,2
17482,2
17483,2
17484,3
17485,8
17486,8
17487,4
17488,3
17489,8
17490,4
17491,8
17492,2
17493,3
17494,4
17495,1
17496,2
17497,2
17498,4
17499,8
17500,0
17501,4
17502,8
17503,0
17504,8
17505,8
17506,2
17507,4
17508,6
17509,4
17510,6
17511,8
17512,6
17513,0
17514,4
17515,8
17516,4
17517,2
17518,8
17519,8
17520,2
17521,0
17522,8
17523,8
17524,2
17525,8
17526,1
17527,3
17528,3
17529,6
17530,6
17531,8
17532,3
17533,2
17534,8
17535,6
17536,3
17537,6
17538,4
17539,4
17540,2
17541,0
17542,8
17543,6
17544,0
17545,8
17546,4
17547,6
17548,8
17549,2
17550,1
17551,3
17552,3
17553,3
17554,4
17555,4
17556,2
17557,4
17558,6
17559,4
17560,6
17561,2
17562,4
17563,4
17564,4
17565,8
17566,4
17567,0
17568,8
17569,8
17570,0
17571,3
17572,3
17573,0
17574,8
17575,8
17576,6
17577,6
17578,4
17579,3
17580,4
17581,2
17582,2
17583,8
17584,0
17585,4
17586,8
17587,2
17588,8
17589,2
17590,2
17591,2
17592,2
17593,2
17594,4
17595,8
17596,4
17597,1
17598,1
17599,8
17600,1
17601,1
17602,6
17603,2
17604,8
17605,0
17606,2
17607,4
17608,2
17609,3
17610,2
17611,6
17612,3
17613,3
17614,3
17615,6
17616,6
17617,2
17618,6
17619,8
17620,8
17621,4
17622,6
17623,2
17624,4
17625,4
17626,8
17627,4
17628,2
17629,1
17630,4
17631,2
17632,8
17633,6
17634,4
17635,3
17636,4
17637,2
17638,2
17639,0
17640,2
17641,6
17642,4
17643,4
17644,4
17645,8
17646,8
17647,3
17648,2
17649,6
17650,2
17651,3
17652,6
17653,8
17654,4
17655,3
17656,8
17657,6
17658,0
17659,2
17660,2
17661,6
17662,4
17663,2
17664,6
17665,1
17666,0
17667,8
17668,2
17669,3
17670,4
17671,3
17672,2
17673,2
17674,4
17675,8
17676,3
17677,6
17678,3
17679,2
17680,4
17681,8
17682,4
17683,2
17684,3
17685,6
17686,8
17687,8
17688,3
17689,0
17690,2
17691,8
17692,2
17693,4
17694,4
17695,2
17696,4
17697,6
17698,4
17699,4
17700,2
17701,8
17702,8
17703,4
17704,8
17705,4
17706,1
17707,4
17708,8
17709,4
17710,4
17711,8
17712,3
17713,6
17714,4
17715,4
17716,4
17717,8
17718,6
17719,4
17720,4
17721,8
17722,8
17723,2
17724,4
17725,3
17726,8
17727,2
17728,4
17729,4
17730,6
17731,4
17732,3
17733,2
17734,4
17735,8
17736,0
17737,8
17738,2
17739,8
17740,8
17741,2
17742,8
17743,4
17744,4
17745,4
17746,2
17747,3
17748,8
17749,8
17750,2
17751,0
17752,2
17753,1
17754,8
17755,2
17756,3
17757,8
17758,2
17759,2
17760,1
17761,2
17762,2
17763,4
17764,4
17765,3
17766,6
17767,4
17768,8
17769,1
17770,8
17771,8
17772,4
17773,4
17774,2
17775,2
17776,8
17777,6
17778,4
17779,2
17780,4
17781,3
17782,4
17783,8
17784,8
17785,2
17786,2
17787,2
17788,6
17789,4
17790,4
17791,2
17792,8
17793,4
17794,3
17795,6
17796,8
17797,2
17798,2
17799,2
17800,4
17801,8
17802,8
17803,4
17804,1
17805,6
17806,4
17807,1
17808,4
17809,0
17810,4
17811,8
17812,4
17813,6
17814,6
17815,1
17816,4
17817,4
17818,4
17819,0
17820,4
17821,3
17822,6
17823,6
17824,4
17825,0
17826,4
17827,1
17828,6
17829,8
17830,0
17831,6
17832,0
17833,8
17834,6
17835,4
17836,1
17837,6
17838,8
17839,2
17840,8
17841,6
17842,2
17843,0
17844,4
17845,6
17846,3
17847,3
17848,3
17849,8
17850,0
17851,8
17852,6
17853,6
17854,8
17855,2
17856,8
17857,4
17858,8
17859,4
17860,4
17861,1
17862,8
17863,3
17864,4
17865,1
17866,1
17867,0
17868,4
17869,0
17870,8
17871,8
17872,1
17873,0
17874,4
17875,4
17876,8
17877,4
17878,6
17879,4
17880,2
17881,8
17882,6
17883,2
17884,0
17885,2
17886,0
17887,8
17888,3
17889,8
17890,8
17891,6
17892,4
17893,0
17894,3
17895,8
17896,2
17897,4
17898,8
17899,8
17900,8
17901,3
17902,6
17903,6
17904,4
17905,6
17906,6
17907,8
17908,8
17909,2
17910,8
17911,0
17912,8
17913,2
17914,0
17915,8
17916,8
17917,7
17918,2
17919,0
17920,2
17921,2
17922,2
17923,8
17924,2
17925,0
17926,1
17927,4
17928,0
17929,8
17930,2
17931,6
17932,0
17933,8
17934,0
17935,3
17936,2
17937,0
17938,4
17939,0
17940,2
17941,8
17942,2
17943,8
17944,2
17945,1
17946,8
17947,6
17948,4
17949,8
17950,4
17951,0
17952,8
17953,8
17954,3
17955,8
17956,4
17957,8
17958,0
17959,4
17960,8
17961,8
17962,6
17963,2
17964,2
17965,6
17966,4
17967,4
17968,8
17969,4
17970,8
17971,8
17972,8
17973,0
17974,6
17975,6
17976,8
17977,4
17978,8
17979,8
17980,8
17981,4
17982,4
17983,4
17984,8
17985,4
17986,8
17987,3
17988,8
17989,4
17990,8
17991,4
17992,0
17993,0
17994,6
17995,8
17996,6
17997,0
17998,2
17999,3
18000,8
18001,8
18002,8
18003,0
18004,0
18005,8
18006,2
18007,0
18008,0
18009,6
18010,8
18011,4
18012,8
18013,3
18014,8
18015,4
18016,3
18017,1
18018,0
18019,8
18020,2
18021,8
18022,2
18023,4
18024,8
18025,6
18026,3
18027,8
18028,8
18029,8
18030,8
18031,6
18032,8
18033,4
18034,0
18035,4
18036,4
18037,3
18038,6
18039,3
18040,8
18041,8
18042,4
18043,4
18044,0
18045,0
18046,1
18047,0
18048,8
18049,6
18050,8
18051,0
18052,4
18053,6
18054,0
18055,8
18056,4
18057,0
18058,4
18059,0
18060,0
18061,6
18062,2
18063,6
18064,8
18065,6
18066,8
18067,6
18068,8
18069,6
18070,8
18071,0
18072,6
18073,8
18074,8
18075,6
18076,4
18077,7
18078,2
18079,8
18080,6
18081,8
18082,2
18083,0
18084,8
18085,2
18086,6
18087,3
18088,0
18089,2
18090,4
18091,8
18092,8
18093,0
18094,8
18095,0
18096,8
18097,2
18098,2
18099,0
18100,0
18101,6
18102,4
18103,8
18104,8
18105,4
18106,0
18107,8
18108,4
18109,0
18110,8
18111,0
18112,2
18113,0
18114,2
18115,0
18116,1
18117,4
18118,8
18119,8
18120,6
18121,0
18122,6
18123,8
18124,8
18125,8
18126,8
18127,6
18128,2
18129,0
18130,1
18131,8
18132,6
18133,0
18134,8
18135,1
18136,2
18137,2
18138,2
18139,6
18140,1
18141,6
18142,4
18143,4
18144,4
18145,2
18146,4
18147,8
18148,8
18149,8
18150,0
18151,2
18152,8
18153,6
18154,0
18155,0
18156,1
18157,4
18158,2
18159,4
18160,8
18161,1
18162,6
18163,8
18164,8
18165,4
18166,2
18167,3
18168,0
18169,6
18170,8
18171,8
18172,6
18173,3
18174,0
18175,2
18176,0
18177,8
18178,8
18179,6
18180,6
18181,3
18182,8
18183,4
18184,0
18185,0
18186,0
18187,4
18188,6
18189,4
18190,8
18191,6
18192,2
18193,2
18194,8
18195,4
18196,2
18197,8
18198,4
18199,0
18200,3
18201,8
18202,4
18203,8
18204,0
18205,8
18206,4
18207,0
18208,0
18209,6
18210,0
18211,1
18212,8
18213,0
18214,1
18215,2
18216,2
18217,6
18218,8
18219,8
18220,4
18221,8
18222,0
18223,4
18224,4
18225,0
18226,8
18227,6
18228,3
18229,1
18230,8
18231,3
18232,8
18233,6
18234,8
18235,2
18236,6
18237,4
18238,4
18239,8
18240,8
18241,8
18242,8
18243,1
18244,3
18245,4
18246,8
18247,8
18248,6
18249,8
18250,8
18251,4
18252,8
18253,1
18254,1
18255,4
18256,4
18257,6
18258,8
18259,0
18260,8
18261,6
18262,6
18263,6
18264,8
18265,8
18266,8
18267,8
18268,0
18269,2
18270,8
18271,3
18272,8
18273,6
18274,1
18275,0
18276,8
18277,2
18278,2
18279,0
18280,7
18281,4
18282,4
18283,8
18284,6
18285,2
18286,1
18287,2
18288,8
18289,2
18290,4
18291,6
18292,4
18293,4
18294,8
18295,8
18296,3
18297,2
18298,4
18299,0
18300,0
18301,1
18302,6
18303,8
18304,8
18305,1
18306,4
18307,2
18308,3
18309,8
18310,0
18311,2
18312,2
18313,2
18314,8
18315,6
18316,8
18317,0
18318,8
18319,2
18320,1
18321,3
18322,2
18323,8
18324,1
18325,2
18326,6
18327,8
18328,2
18329,8
18330,2
18331,4
18332,6
18333,8
18334,8
18335,4
18336,2
18337,1
18338,8
18339,6
18340,8
18341,6
18342,2
18343,6
18344,4
18345,6
18346,4
18347,2
18348,2
18349,2
18350,6
18351,0
18352,8
18353,6
18354,0
18355,6
18356,6
18357,3
18358,4
18359,0
18360,1
18361,8
18362,8
18363,4
18364,4
18365,8
18366,8
18367,4
18368,0
18369,7
18370,2
18371,4
18372,0
18373,0
18374,4
18375,0
18376,4
18377,3
18378,2
18379,4
18380,2
18381,6
18382,2
18383,4
18384,1
18385,8
18386,8
18387,6
18388,4
18389,2
18390,8
18391,6
18392,6
18393,4
18394,6
18395,1
18396,4
18397,0
18398,2
18399,4
18400,2
18401,2
18402,2
18403,6
18404,2
18405,6
18406,4
18407,0
18408,2
18409,4
18410,4
18411,1
18412,2
18413,2
18414,0
18415,1
18416,4
18417,8
18418,8
18419,6
18420,4
18421,2
18422,3
18423,8
18424,6
18425,6
18426,4
18427,8
18428,3
18429,0
18430,6
18431,6
18432,4
18433,7
18434,8
18435,4
18436,1
18437,6
18438,6
18439,6
18440,6
18441,7
18442,6
18443,4
18444,2
18445,8
18446,6
18447,1
18448,3
18449,6
18450,7
18451,7
18452,8
18453,8
18454,8
18455,1
18456,8
18457,6
18458,8
18459,7
18460,4
18461,8
18462,4
18463,8
18464,2
18465,8
18466,0
18467,0
18468,8
18469,4
18470,2
18471,2
18472,2
18473,8
18474,6
18475,3
18476,4
18477,4
18478,2
18479,6
18480,0
18481,7
18482,4
18483,1
18484,1
18485,6
18486,0
18487,2
18488,6
18489,1
18490,4
18491,3
18492,2
18493,8
18494,3
18495,6
18496,4
18497,8
18498,7
18499,4
18500,4
18501,8
18502,4
18503,3
18504,6
18505,8
18506,3
18507,1
18508,8
18509,6
18510,2
18511,2
18512,2
18513,8
18514,6
18515,8
18516,8
18517,6
18518,0
18519,2
18520,8
18521,6
18522,4
18523,2
18524,8
18525,2
18526,6
18527,7
18528,2
18529,4
18530,6
18531,7
18532,8
18533,8
18534,8
18535,1
18536,8
18537,1
18538,0
18539,8
18540,7
18541,4
18542,8
18543,6
18544,7
18545,6
18546,8
18547,1
18548,3
18549,4
18550,0
18551,4
18552,4
18553,0
18554,6
18555,2
18556,8
18557,0
18558,4
18559,7
18560,2
18561,4
18562,4
18563,2
18564,1
18565,8
18566,8
18567,6
18568,4
18569,6
18570,7
18571,4
18572,4
18573,0
18574,1
18575,8
18576,4
18577,4
18578,6
18579,7
18580,0
18581,0
18582,6
18583,6
18584,0
18585,1
18586,6
18587,3
18588,8
18589,0
18590,6
18591,6
18592,0
18593,4
18594,2
18595,2
18596,1
18597,8
18598,6
18599,4
18600,4
18601,4
18602,2
18603,4
18604,7
18605,4
18606,4
18607,6
18608,4
18609,3
18610,8
18611,4
18612,0
18613,0
18614,1
18615,2
18616,4
18617,7
18618,6
18619,0
18620,8
18621,8
18622,0
18623,1
18624,7
18625,4
18626,8
18627,2
18628,4
18629,8
18630,6
18631,0
18632,1
18633,4
18634,8
18635,6
18636,6
18637,7
18638,2
18639,2
18640,1
18641,4
18642,8
18643,7
18644,6
18645,4
18646,2
18647,4
18648,8
18649,7
18650,1
18651,1
18652,4
18653,2
18654,6
18655,6
18656,7
18657,6
18658,7
18659,4
18660,1
18661,6
18662,0
18663,1
18664,0
18665,1
18666,6
18667,0
18668,6
18669,1
18670,0
18671,0
18672,2
18673,3
18674,6
18675,0
18676,0
18677,4
18678,1
18679,0
18680,0
18681,3
18682,0
18683,0
18684,6
18685,6
18686,7
18687,6
18688,2
18689,2
18690,4
18691,3
18692,6
18693,8
18694,8
18695,6
18696,3
18697,4
18698,0
18699,0
18700,6
18701,6
18702,2
18703,7
18704,3
18705,4
18706,6
18707,2
18708,4
18709,6
18710,6
18711,2
18712,8
18713,8
18714,0
18715,4
18716,0
18717,7
18718,6
18719,0
18720,1
18721,4
18722,2
18723,6
18724,0
18725,8
18726,2
18727,8
18728,4
18729,4
18730,1
18731,6
18732,3
18733,7
18734,4
18735,7
18736,7
18737,4
18738,1
18739,1
18740,8
18741,4
18742,6
18743,4
18744,6
18745,4
18746,2
18747,8
18748,4
18749,4
18750,7
18751,8
18752,6
18753,7
18754,7
18755,6
18756,7
18757,6
18758,9
18759,1
18760,0
18761,3
18762,4
18763,8
18764,2
18765,6
18766,1
18767,7
18768,2
18769,4
18770,3
18771,6
18772,8
18773,7
18774,0
18775,3
18776,6
18777,7
18778,7
18779,9
18780,6
18781,8
18782,8
18783,4
18784,6
18785,3
18786,0
18787,1
18788,2
18789,7
18790,1
18791,1
18792,0
18793,1
18794,4
18795,6
18796,4
18797,6
18798,6
18799,4
18800,7
18801,0
18802,2
18803,2
18804,2
18805,4
18806,8
18807,6
18808,3
18809,0
18810,0
18811,4
18812,6
18813,4
18814,4
18815,6
18816,7
18817,2
18818,0
18819,4
18820,2
18821,1
18822,2
18823,0
18824,4
18825,1
18826,4
18827,0
18828,1
18829,6
18830,4
18831,4
18832,3
18833,4
18834,2
18835,2
18836,1
18837,7
18838,8
18839,0
18840,3
18841,0
18842,4
18843,4
18844,4
18845,4
18846,4
18847,0
18848,8
18849,4
18850,2
18851,4
18852,6
18853,3
18854,7
18855,4
18856,0
18857,1
18858,5
18859,4
18860,3
18861,7
18862,7
18863,6
18864,6
18865,7
18866,5
18867,8
18868,7
18869,4
18870,2
18871,1
18872,6
18873,1
18874,4
18875,5
18876,0
18877,0
18878,1
18879,4
18880,6
18881,4
18882,2
18883,6
18884,6
18885,3
18886,7
18887,8
18888,1
18889,6
18890,6
18891,0
18892,2
18893,6
18894,0
18895,7
18896,6
18897,4
18898,6
18899,0
18900,2
18901,7
18902,8
18903,3
18904,6
18905,2
18906,0
18907,0
18908,0
18909,6
18910,6
18911,0
18912,7
18913,0
18914,6
18915,6
18916,6
18917,3
18918,2
18919,1
18920,4
18921,0
18922,7
18923,0
18924,4
18925,6
18926,7
18927,7
18928,7
18929,2
18930,7
18931,8
18932,6
18933,6
18934,6
18935,3
18936,2
18937,5
18938,0
18939,2
18940,4
18941,4
18942,1
18943,0
18944,2
18945,0
18946,7
18947,3
18948,6
18949,7
18950,6
18951,5
18952,6
18953,2
18954,4
18955,3
18956,2
18957,2
18958,8
18959,9
18960,4
18961,2
18962,3
18963,8
18964,0
18965,7
18966,6
18967,6
18968,6
18969,7
18970,6
18971,1
18972,2
18973,5
18974,0
18975,4
18976,8
18977,7
18978,4
18979,4
18980,2
18981,2
18982,4
18983,4
18984,2
18985,2
18986,2
18987,2
18988,6
18989,7
18990,4
18991,4
18992,0
18993,6
18994,0
18995,2
18996,0
18997,4
18998,6
18999,0
19000,7
19001,7
19002,7
19003,0
19004,6
19005,7
19006,2
19007,2
19008,0
19009,0
19010,0
19011,0
19012,0
19013,0
19014,4
19015,2
19016,0
19017,4
19018,8
19019,3
19020,4
19021,0
19022,7
19023,4
19024,0
19025,7
19026,4
19027,7
19028,6
19029,6
19030,6
19031,5
19032,1
19033,4
19034,0
19035,4
19036,6
19037,0
19038,4
19039,7
19040,8
19041,2
19042,2
19043,2
19044,8
19045,7
19046,0
19047,8
19048,3
19049,4
19050,3
19051,8
19052,2
19053,4
19054,4
19055,2
19056,8
19057,6
19058,4
19059,3
19060,0
19061,9
19062,0
19063,6
19064,2
19065,2
19066,1
19067,7
19068,6
19069,0
19070,6
19071,3
19072,1
19073,0
19074,6
19075,4
19076,6
19077,4
19078,9
19079,4
19080,2
19081,6
19082,7
19083,3
19084,2
19085,6
19086,5
19087,7
19088,4
19089,2
19090,6
19091,6
19092,4
19093,6
19094,6
19095,7
19096,6
19097,9
19098,9
19099,6
19100,3
19101,6
19102,7
19103,6
19104,2
19105,4
19106,6
19107,0
19108,7
19109,7
19110,4
19111,6
19112,2
19113,4
19114,6
19115,7
19116,7
19117,4
19118,8
19119,4
19120,2
19121,7
19122,8
19123,2
19124,6
19125,6
19126,8
19127,6
19128,6
19129,4
19130,4
19131,9
19132,7
19133,0
19134,3
19135,4
19136,2
19137,1
19138,6
19139,4
19140,4
19141,4
19142,3
19143,9
19144,6
19145,6
19146,0
19147,6
19148,1
19149,9
19150,6
19151,4
19152,0
19153,4
19154,0
19155,1
19156,2
19157,1
19158,9
19159,4
19160,7
19161,6
19162,2
19163,2
19164,4
19165,7
19166,7
19167,6
19168,6
19169,6
19170,4
19171,3
19172,2
19173,4
19174,7
19175,7
19176,9
19177,6
19178,2
19179,5
19180,6
19181,1
19182,0
19183,6
19184,9
19185,4
19186,5
19187,0
19188,6
19189,2
19190,2
19191,7
19192,3
19193,2
19194,7
19195,4
19196,0
19197,1
19198,7
19199,9
19200,5
19201,7
19202,0
19203,0
19204,6
19205,2
19206,9
19207,0
19208,2
19209,6
19210,6
19211,2
19212,7
19213,6
19214,2
19215,7
19216,3
19217,2
19218,4
19219,9
19220,7
19221,1
19222,2
19223,2
19224,4
19225,7
19226,7
19227,6
19228,7
19229,6
19230,3
19231,7
19232,5
19233,7
19234,6
19235,6
19236,1
19237,0
19238,0
19239,0
19240,0
19241,0
19242,0
19243,7
19244,6
19245,4
19246,2
19247,6
19248,6
19249,7
19250,3
19251,7
19252,2
19253,5
19254,6
19255,6
19256,9
19257,4
19258,0
19259,2
19260,9
19261,6
19262,0
19263,4
19264,6
19265,4
19266,1
19267,6
19268,6
19269,5
19270,7
19271,7
19272,3
19273,5
19274,5
19275,0
19276,7
19277,5
19278,7
19279,0
19280,0
19281,3
19282,0
19283,8
19284,2
19285,7
19286,4
19287,0
19288,2
19289,6
19290,1
19291,6
19292,7
19293,4
19294,1
19295,5
19296,4
19297,7
19298,3
19299,6
19300,0
19301,2
19302,4
19303,7
19304,6
19305,0
19306,5
19307,0
19308,4
19309,7
19310,6
19311,0
19312,6
19313,5
19314,5
19315,6
19316,9
19317,9
19318,5
19319,7
19320,9
19321,7
19322,0
19323,7
19324,0
19325,2
19326,6
19327,3
19328,9
19329,6
19330,9
19331,2
19332,2
19333,5
19334,4
19335,6
19336,2
19337,6
19338,3
19339,4
19340,4
19341,7
19342,3
19343,7
19344,7
19345,5
19346,1
19347,0
19348,9
19349,6
19350,7
19351,7
19352,0
19353,0
19354,9
19355,0
19356,0
19357,0
19358,6
19359,4
19360,9
19361,0
19362,7
19363,7
19364,6
19365,2
19366,0
19367,0
19368,7
19369,7
19370,4
19371,6
19372,0
19373,2
19374,7
19375,9
19376,9
19377,6
19378,0
19379,6
19380,7
19381,9
19382,6
19383,9
19384,9
19385,0
19386,7
19387,0
19388,9
19389,0
19390,4
19391,9
19392,1
19393,4
19394,2
19395,9
19396,6
19397,7
19398,7
19399,0
19400,2
19401,5
19402,6
19403,3
19404,2
19405,4
19406,0
19407,0
19408,5
19409,9
19410,7
19411,9
19412,7
19413,1
19414,0
19415,0
19416,5
19417,6
19418,9
19419,0
19420,5
19421,9
19422,2
19423,7
19424,0
19425,5
19426,7
19427,6
19428,4
19429,9
19430,7
19431,0
19432,4
19433,7
19434,1
19435,9
19436,6
19437,2
19438,5
19439,9
19440,9
19441,0
19442,0
19443,0
19444,9
19445,0
19446,4
19447,9
19448,9
19449,9
19450,0
19451,7
19452,4
19453,7
19454,6
19455,0
19456,5
19457,7
19458,7
19459,7
19460,7
19461,0
19462,3
19463,3
19464,9
19465,7
19466,0
19467,4
19468,7
19469,0
19470,0
19471,9
19472,7
19473,7
19474,3
19475,4
19476,6
19477,4
19478,2
19479,5
19480,2
19481,7
19482,2
19483,0
19484,1
19485,6
19486,7
19487,5
19488,9
19489,6
19490,4
19491,0
19492,7
19493,5
19494,5
19495,5
19496,1
19497,7
19498,5
19499,0
19500,2
19501,6
19502,3
19503,7
19504,9
19505,7
19506,2
19507,7
19508,6
19509,0
19510,0
19511,3
19512,4
19513,7
19514,9
19515,5
19516,5
19517,7
19518,0
19519,4
19520,1
19521,7
19522,0
19523,2
19524,9
19525,6
19526,1
19527,6
19528,9
19529,2
19530,6
19531,6
19532,2
19533,2
19534,1
19535,7
19536,9
19537,5
19538,3
19539,9
19540,7
19541,2
19542,2
19543,7
19544,9
19545,7
19546,7
19547,9
19548,2
19549,1
19550,1
19551,0
19552,5
19553,1
19554,7
19555,9
19556,7
19557,5
19558,0
19559,6
19560,7
19561,7
19562,7
19563,6
19564,7
19565,0
19566,7
19567,7
19568,4
19569,9
19570,9
19571,5
19572,6
19573,5
19574,0
19575,0
19576,2
19577,9
19578,7
19579,7
19580,6
19581,9
19582,2
19583,6
19584,2
19585,0
19586,9
19587,7
19588,6
19589,0
19590,1
19591,4
19592,9
19593,3
19594,9
19595,1
19596,4
19597,4
19598,9
19599,7
19600,3
19601,5
19602,7
19603,0
19604,9
19605,5
19606,0
19607,9
19608,7
19609,9
19610,2
19611,3
19612,7
19613,7
19614,7
19615,1
19616,3
19617,0
19618,5
19619,6
19620,0
19621,5
19622,0
19623,2
19624,5
19625,7
19626,5
19627,7
19628,2
19629,2
19630,9
19631,3
19632,9
19633,1
19634,2
19635,5
19636,5
19637,7
19638,7
19639,0
19640,5
19641,5
19642,7
19643,6
19644,9
19645,5
19646,2
19647,3
19648,8
19649,7
19650,2
19651,0
19652,0
19653,6
19654,1
19655,5
19656,2
19657,0
19658,0
19659,0
19660,6
19661,9
19662,0
19663,6
19664,7
19665,0
19666,0
19667,2
19668,5
19669,0
19670,6
19671,0
19672,0
19673,1
19674,9
19675,9
19676,0
19677,2
19678,4
19679,4
19680,0
19681,1
19682,7
19683,7
19684,2
19685,3
19686,2
19687,7
19688,7
19689,7
19690,5
19691,0
19692,5
19693,7
19694,5
19695,2
19696,9
19697,6
19698,9
19699,3
19700,2
19701,6
19702,7
19703,5
19704,7
19705,7
19706,0
19707,2
19708,5
19709,0
19710,9
19711,2
19712,5
19713,9
19714,5
19715,0
19716,5
19717,2
19718,7
19719,3
19720,2
19721,1
19722,6
19723,5
19724,7
19725,7
19726,9
19727,4
19728,7
19729,4
19730,0
19731,9
19732,9
19733,7
19734,1
19735,7
19736,7
19737,9
19738,5
19739,0
19740,1
19741,5
19742,7
19743,9
19744,0
19745,1
19746,9
19747,5
19748,9
19749,7
19750,7
19751,5
19752,7
19753,7
19754,7
19755,0
19756,7
19757,6
19758,7
19759,9
19760,5
19761,9
19762,0
19763,6
19764,9
19765,1
19766,5
19767,5
19768,0
19769,9
19770,3
19771,7
19772,6
19773,2
19774,9
19775,5
19776,5
19777,9
19778,7
19779,2
19780,0
19781,6
19782,9
19783,0
19784,6
19785,5
19786,5
19787,7
19788,5
19789,0
19790,9
19791,2
19792,7
19793,5
19794,6
19795,7
19796,0
19797,0
19798,0
19799,2
19800,2
19801,9
19802,6
19803,7
19804,9
19805,1
19806,9
19807,5
19808,3
19809,2
19810,4
19811,9
19812,1
19813,0
19814,0
19815,2
19816,5
19817,1
19818,5
19819,2
19820,3
19821,0
19822,3
19823,7
19824,5
19825,5
19826,5
19827,2
19828,5
19829,0
19830,7
19831,0
19832,7
19833,0
19834,0
19835,7
19836,7
19837,0
19838,2
19839,2
19840,3
19841,7
19842,6
19843,7
19844,9
19845,0
19846,2
19847,0
19848,1
19849,0
19850,0
19851,4
19852,9
19853,7
19854,7
19855,0
19856,9
19857,7
19858,3
19859,2
19860,7
19861,7
19862,6
19863,7
19864,5
19865,9
19866,2
19867,9
19868,5
19869,1
19870,7
19871,3
19872,6
19873,0
19874,3
19875,1
19876,5
19877,5
19878,7
19879,3
19880,5
19881,7
19882,1
19883,5
19884,9
19885,0
19886,7
19887,2
19888,1
19889,2
19890,0
19891,0
19892,0
19893,6
19894,7
19895,9
19896,0
19897,0
19898,5
19899,7
19900,0
19901,9
19902,7
19903,0
19904,7
19905,0
19906,5
19907,7
19908,5
19909,2
19910,0
19911,1
19912,7
19913,5
19914,7
19915,4
19916,9
19917,1
19918,7
19919,9
19920,9
19921,2
19922,9
19923,7
19924,9
19925,7
19926,9
19927,7
19928,7
19929,9
19930,0
19931,7
19932,6
19933,6
19934,5
19935,5
19936,9
19937,9
19938,7
19939,0
19940,9
19941,7
19942,0
19943,2
19944,7
19945,3
19946,6
19947,0
19948,7
19949,5
19950,5
19951,7
19952,0
19953,0
19954,9
19955,0
19956,3
19957,0
19958,7
19959,7
19960,2
19961,1
19962,5
19963,9
19964,6
19965,7
19966,2
19967,2
19968,9
19969,0
19970,2
19971,7
19972,9
19973,0
19974,7
19975,5
19976,2
19977,7
19978,3
19979,7
19980,0
19981,9
19982,2
19983,5
19984,1
19985,0
19986,5
19987,7
19988,0
19989,4
19990,7
19991,7
19992,9
19993,2
19994,1
19995,5
19996,0
19997,0
19998,0
19999,7
20000,2
20001,1
20002,5
20003,5
20004,5
20005,9
20006,0
20007,6
20008,9
20009,7
20010,0
20011,0
20012,2
20013,2
20014,1
20015,7
20016,7
20017,0
20018,5
20019,1
20020,9
20021,5
20022,5
20023,7
20024,7
20025,5
20026,9
20027,5
20028,5
20029,0
20030,2
20031,5
20032,2
20033,7
20034,1
20035,1
20036,2
20037,7
20038,7
20039,0
20040,7
20041,5
20042,2
20043,5
20044,9
20045,9
20046,1
20047,0
20048,5
20049,0
20050,2
20051,9
20052,2
20053,5
20054,7
20055,5
20056,7
20057,7
20058,7
20059,5
20060,2
20061,0
20062,0
20063,0
20064,0
20065,5
20066,9
20067,7
20068,4
20069,9
20070,0
20071,2
20072,9
20073,5
20074,5
20075,7
20076,4
20077,0
20078,2
20079,7
20080,0
20081,7
20082,0
20083,5
20084,5
20085,0
20086,0
20087,2
20088,7
20089,0
20090,0
20091,9
20092,0
20093,9
20094,7
20095,5
20096,7
20097,7
20098,9
20099,0
20100,0
20101,0
20102,9
20103,9
20104,0
20105,3
20106,0
20107,2
20108,9
20109,7
20110,5
20111,0
20112,5
20113,0
20114,9
20115,9
20116,0
20117,2
20118,7
20119,1
20120,0
20121,0
20122,2
20123,2
20124,5
20125,5
20126,1
20127,0
20128,0
20129,0
20130,3
20131,1
20132,0
20133,9
20134,1
20135,5
20136,0
20137,7
20138,1
20139,0
20140,5
20141,9
20142,5
20143,5
20144,7
20145,0
20146,9
20147,0
20148,7
20149,2
20150,5
20151,3
20152,3
20153,5
20154,7
20155,1
20156,0
20157,1
20158,7
20159,5
20160,9
20161,1
20162,0
20163,3
20164,2
20165,0
20166,5
20167,9
20168,5
20169,9
20170,0
20171,3
20172,0
20173,5
20174,9
20175,1
20176,2
20177,7
20178,7
20179,2
20180,9
20181,0
20182,9
20183,4
20184,5
20185,2
20186,5
20187,0
20188,5
20189,0
20190,5
20191,0
20192,1
20193,9
20194,2
20195,9
20196,1
20197,0
20198,2
20199,0
20200,7
20201,0
20202,7
20203,7
20204,1
20205,5
20206,0
20207,5
20208,2
20209,9
20210,7
20211,7
20212,5
20213,0
20214,5
20215,2
20216,7
20217,4
20218,5
20219,0
20220,9
20221,0
20222,9
20223,9
20224,7
20225,9
20226,0
20227,0
20228,0
20229,7
20230,0
20231,0
20232,2
20233,0
20234,5
20235,2
20236,7
20237,5
20238,0
20239,7
20240,7
20241,9
20242,0
20243,7
20244,5
20245,3
20246,7
20247,9
20248,7
20249,0
20250,0
20251,7
20252,5
20253,1
20254,0
20255,5
20256,5
20257,5
20258,5
20259,5
20260,0
20261,5
20262,2
20263,0
20264,7
20265,5
20266,0
20267,0
20268,5
20269,5
20270,7
20271,7
20272,9
20273,0
20274,2
20275,7
20276,9
20277,5
20278,2
20279,7
20280,5
20281,9
20282,7
20283,2
20284,1
20285,7
20286,0
20287,5
20288,0
20289,0
20290,9
20291,9
20292,9
20293,0
20294,5
20295,5
20296,1
20297,0
20298,9
20299,0
20300,3
20301,2
20302,5
20303,0
20304,7
20305,7
20306,2
20307,1
20308,9
20309,2
20310,0
20311,9
20312,1
20313,0
20314,2
20315,7
20316,2
20317,0
20318,0
20319,5
20320,7
20321,0
20322,1
20323,2
20324,2
20325,9
20326,5
20327,0
20328,0
20329,5
20330,4
20331,5
20332,0
20333,5
20334,2
20335,3
20336,7
20337,0
20338,5
20339,1
20340,5
20341,9
20342,0
20343,7
20344,0
20345,9
20346,0
20347,5
20348,1
20349,1
20350,0
20351,7
20352,1
20353,0
20354,0
20355,7
20356,0
20357,9
20358,9
20359,3
20360,1
20361,9
20362,0
20363,2
20364,0
20365,0
20366,6
20367,0
20368,3
20369,2
20370,2
20371,0
20372,7
20373,7
20374,0
20375,0
20376,5
20377,2
20378,2
20379,9
20380,7
20381,9
20382,0
20383,9
20384,0
20385,5
20386,1
20387,9
20388,3
20389,2
20390,5
20391,7
20392,2
20393,9
20394,0
20395,0
20396,7
20397,0
20398,0
20399,5
20400,9
20401,7
20402,2
20403,7
20404,0
20405,0
20406,9
20407,9
20408,5
20409,5
20410,0
20411,9
20412,0
20413,0
20414,5
20415,5
20416,7
20417,2
20418,5
20419,0
20420,5
20421,0
20422,7
20423,7
20424,7
20425,0
20426,5
20427,7
20428,5
20429,7
20430,7
20431,9
20432,9
20433,0
20434,0
20435,3
20436,9
20437,7
20438,0
20439,0
20440,7
20441,3
20442,7
20443,5
20444,3
20445,0
20446,0
20447,5
20448,7
20449,5
20450,0
20451,5
20452,5
20453,9
20454,5
20455,9
20456,5
20457,2
20458,0
20459,5
20460,5
20461,5
20462,5
20463,0
20464,0
20465,5
20466,0
20467,0
20468,0
20469,7
20470,9
20471,9
20472,7
20473,5
20474,0
20475,0
20476,7
20477,0
20478,0
20479,5
20480,7
20481,5
20482,1
20483,9
20484,3
20485,9
20486,0
20487,2
20488,2
20489,2
20490,3
20491,0
20492,0
20493,5
20494,7
20495,5
20496,5
20497,9
20498,1
20499,5
20500,9
20501,5
20502,5
20503,5
20504,9
20505,7
20506,9
20507,4
20508,2
20509,9
20510,2
20511,7
20512,9
20513,5
20514,2
20515,7
20516,5
20517,4
20518,5
20519,0
20520,0
20521,9
20522,5
20523,5
20524,9
20525,0
20526,0
20527,4
20528,0
20529,1
20530,1
20531,0
20532,9
20533,0
20534,5
20535,2
20536,2
20537,0
20538,3
20539,5
20540,4
20541,1
20542,9
20543,5
20544,9
20545,7
20546,1
20547,7
20548,5
20549,9
20550,2
20551,9
20552,5
20553,7
20554,7
20555,9
20556,5
20557,7
20558,5
20559,7
20560,9
20561,9
20562,5
20563,0
20564,7
20565,0
20566,7
20567,0
20568,0
20569,5
20570,0
20571,0
20572,0
20573,1
20574,9
20575,1
20576,0
20577,1
20578,0
20579,7
20580,2
20581,5
20582,0
20583,3
20584,3
20585,5
20586,0
20587,0
20588,9
20589,7
20590,7
20591,0
20592,7
20593,9
20594,5
20595,5
20596,7
20597,5
20598,0
20599,5
20600,5
20601,9
20602,0
20603,7
20604,0
20605,7
20606,0
20607,1
20608,0
20609,0
20610,2
20611,1
20612,7
20613,9
20614,2
20615,0
20616,3
20617,9
20618,0
20619,0
20620,9
20621,5
20622,4
20623,0
20624,0
20625,0
20626,0
20627,0
20628,0
20629,0
20630,1
20631,1
20632,0
20633,7
20634,0
20635,3
20636,7
20637,2
20638,5
20639,0
20640,0
20641,7
20642,9
20643,7
20644,2
20645,0
20646,1
20647,0
20648,7
20649,7
20650,5
20651,9
20652,7
20653,5
20654,0
20655,2
20656,5
20657,0
20658,9
20659,0
20660,0
20661,0
20662,2
20663,0
20664,5
20665,0
20666,9
20667,9
20668,0
20669,7
20670,0
20671,0
20672,0
20673,7
20674,5
20675,0
20676,9
20677,0
20678,5
20679,5
20680,9
20681,7
20682,2
20683,9
20684,0
20685,7
20686,0
20687,5
20688,7
20689,2
20690,0
20691,5
20692,7
20693,9
20694,7
20695,7
20696,0
20697,9
20698,7
20699,1
20700,3
20701,9
20702,9
20703,9
20704,7
20705,0
20706,9
20707,0
20708,1
20709,0
20710,9
20711,0
20712,2
20713,9
20714,7
20715,9
20716,3
20717,5
20718,7
20719,1
20720,9
20721,9
20722,7
20723,7
20724,7
20725,9
20726,5
20727,0
20728,5
20729,0
20730,0
20731,0
20732,7
20733,5
20734,5
20735,5
20736,9
20737,9
20738,7
20739,0
20740,7
20741,0
20742,5
20743,7
20744,5
20745,5
20746,5
20747,7
20748,7
20749,7
20750,9
20751,2
20752,0
20753,0
20754,3
20755,9
20756,5
20757,0
20758,0
20759,0
20760,2
20761,0
20762,7
20763,2
20764,9
20765,7
20766,0
20767,5
20768,7
20769,5
20770,5
20771,5
20772,7
20773,0
20774,7
20775,7
20776,5
20777,2
20778,1
20779,0
20780,0
20781,7
20782,5
20783,0
20784,5
20785,5
20786,9
20787,9
20788,0
20789,2
20790,0
20791,5
20792,7
20793,2
20794,0
20795,7
20796,5
20797,9
20798,7
20799,7
20800,9
20801,5
20802,1
20803,5
20804,9
20805,9
20806,2
20807,5
20808,5
20809,0
20810,0
20811,0
20812,9
20813,0
20814,9
20815,0
20816,0
20817,9
20818,7
20819,5
20820,0
20821,1
20822,5
20823,7
20824,0
20825,1
20826,7
20827,9
20828,0
20829,0
20830,0
20831,7
20832,2
20833,2
20834,0
20835,9
20836,0
20837,9
20838,2
20839,7
20840,0
20841,5
20842,0
20843,7
20844,0
20845,0
20846,0
20847,5
20848,5
20849,0
20850,0
20851,0
20852,9
20853,2
20854,9
20855,0
20856,5
20857,5
20858,0
20859,1
20860,2
20861,7
20862,1
20863,7
20864,7
20865,5
20866,1
20867,7
20868,9
20869,0
20870,9
20871,5
20872,0
20873,0
20874,1
20875,0
20876,5
20877,0
20878,7
20879,5
20880,0
20881,1
20882,5
20883,9
20884,0
20885,7
20886,0
20887,7
20888,5
20889,9
20890,9
20891,2
20892,0
20893,5
20894,0
20895,2
20896,3
20897,7
20898,9
20899,7
20900,9
20901,9
20902,0
20903,7
20904,7
20905,9
20906,3
20907,3
20908,2
20909,5
20910,9
20911,2
20912,5
20913,5
20914,0
20915,0
20916,0
20917,0
20918,0
20919,9
20920,0
20921,7
20922,5
20923,0
20924,9
20925,9
20926,9
20927,9
20928,5
20929,6
20930,0
20931,8
20932,0
20933,6
20934,0
20935,8
20936,6
20937,1
20938,4
20939,1
20940,6
20941,6
20942,6
20943,8
20944,3
20945,6
20946,2
20947,0
20948,4
20949,8
20950,8
20951,6
20952,8
20953,8
20954,4
20955,8
20956,6
20957,2
20958,8
20959,4
20960,4
20961,4
20962,4
20963,4
20964,6
20965,2
20966,6
20967,6
20968,8
20969,4
20970,3
20971,1
20972,1
20973,3
20974,1
20975,4
20976,0
20977,4
20978,6
20979,8
20980,6
20981,6
20982,8
20983,4
20984,6
20985,2
20986,2
20987,8
20988,3
20989,0
20990,2
20991,8
20992,1
20993,3
20994,0
20995,2
20996,8
20997,2
20998,8
20999,1
21000,0
21001,6
21002,4
21003,6
21004,6
21005,8
21006,2
21007,6
21008,0
21009,6
21010,6
21011,8
21012,4
21013,8
21014,8
21015,6
21016,6
21017,8
21018,8
21019,4
21020,0
21021,8
21022,0
21023,2
21024,8
21025,8
21026,4
21027,4
21028,0
21029,1
21030,4
21031,8
21032,8
21033,8
21034,8
21035,8
21036,4
21037,8
21038,6
21039,6
21040,6
21041,6
21042,8
21043,4
21044,0
21045,4
21046,6
21047,0
21048,0
21049,1
21050,3
21051,0
21052,3
21053,2
21054,6
21055,0
21056,0
21057,8
21058,1
21059,8
21060,0
21061,0
21062,8
21063,2
21064,2
21065,8
21066,2
21067,6
21068,2
21069,0
21070,2
21071,2
21072,1
21073,8
21074,7
21075,2
21076,6
21077,0
21078,6
21079,4
21080,6
21081,4
21082,8
21083,0
21084,4
21085,8
21086,1
21087,8
21088,6
21089,2
21090,1
21091,8
21092,4
21093,6
21094,6
21095,2
21096,2
21097,6
21098,6
21099,8
21100,8
21101,8
21102,6
21103,8
21104,0
21105,8
21106,0
21107,6
21108,0
21109,6
21110,0
21111,3
21112,8
21113,1
21114,8
21115,0
21116,6
21117,0
21118,4
21119,4
21120,8
21121,4
21122,8
21123,8
21124,6
21125,0
21126,8
21127,4
21128,2
21129,0
21130,0
21131,0
21132,8
21133,8
21134,0
21135,6
21136,6
21137,8
21138,4
21139,1
21140,0
21141,3
21142,8
21143,4
21144,8
21145,2
21146,0
21147,4
21148,8
21149,8
21150,2
21151,0
21152,8
21153,0
21154,1
21155,8
21156,4
21157,1
21158,0
21159,0
21160,0
21161,0
21162,6
21163,6
21164,8
21165,8
21166,8
21167,8
21168,0
21169,1
21170,8
21171,3
21172,6
21173,8
21174,0
21175,2
21176,4
21177,0
21178,3
21179,0
21180,0
21181,8
21182,0
21183,2
21184,4
21185,0
21186,1
21187,2
21188,8
21189,2
21190,8
21191,4
21192,2
21193,2
21194,8
21195,4
21196,6
21197,4
21198,8
21199,0
21200,0
21201,6
21202,8
21203,8
21204,8
21205,1
21206,1
21207,8
21208,8
21209,3
21210,2
21211,0
21212,6
21213,0
21214,0
21215,6
21216,0
21217,0
21218,4
21219,8
21220,0
21221,0
21222,4
21223,0
21224,2
21225,8
21226,6
21227,2
21228,8
21229,0
21230,0
21231,2
21232,0
21233,1
21234,4
21235,8
21236,0
21237,6
21238,1
21239,6
21240,2
21241,8
21242,0
21243,8
21244,0
21245,4
21246,6
21247,6
21248,8
21249,2
21250,6
21251,8
21252,8
21253,1
21254,4
21255,4
21256,2
21257,2
21258,0
21259,0
21260,8
21261,0
21262,1
21263,6
21264,0
21265,8
21266,6
21267,2
21268,0
21269,8
21270,6
21271,0
21272,6
21273,6
21274,8
21275,3
21276,6
21277,8
21278,6
21279,6
21280,6
21281,2
21282,6
21283,4
21284,6
21285,7
21286,0
21287,4
21288,0
21289,0
21290,0
21291,0
21292,0
21293,4
21294,0
21295,2
21296,6
21297,7
21298,6
21299,1
21300,6
21301,6
21302,8
21303,0
21304,0
21305,0
21306,8
21307,0
21308,8
21309,0
21310,0
21311,0
21312,0
21313,1
21314,6
21315,0
21316,0
21317,6
21318,3
21319,1
21320,4
21321,8
21322,0
21323,0
21324,6
21325,8
21326,0
21327,0
21328,0
21329,0
21330,0
21331,7
21332,7
21333,8
21334,1
21335,2
21336,0
21337,2
21338,6
21339,6
21340,4
21341,6
21342,6
21343,6
21344,2
21345,0
21346,6
21347,2
21348,4
21349,6
21350,8
21351,8
21352,0
21353,6
21354,6
21355,8
21356,8
21357,2
21358,6
21359,6
21360,0
21361,6
21362,0
21363,1
21364,8
21365,8
21366,6
21367,6
21368,2
21369,4
21370,6
21371,0
21372,8
21373,4
21374,0
21375,6
21376,0
21377,8
21378,6
21379,3
21380,6
21381,2
21382,0
21383,6
21384,6
21385,7
21386,0
21387,6
21388,6
21389,4
21390,8
21391,2
21392,6
21393,8
21394,6
21395,8
21396,8
21397,6
21398,8
21399,8
21400,6
21401,0
21402,0
21403,7
21404,0
21405,0
21406,6
21407,6
21408,4
21409,8
21410,4
21411,7
21412,4
21413,0
21414,8
21415,8
21416,4
21417,8
21418,4
21419,6
21420,8
21421,6
21422,1
21423,0
21424,3
21425,2
21426,6
21427,4
21428,6
21429,8
21430,0
21431,4
21432,1
21433,6
21434,6
21435,8
21436,4
21437,6
21438,8
21439,6
21440,6
21441,6
21442,4
21443,6
21444,6
21445,0
21446,6
21447,2
21448,6
21449,6
21450,0
21451,7
21452,4
21453,8
21454,2
21455,6
21456,2
21457,7
21458,7
21459,2
21460,0
21461,4
21462,7
21463,0
21464,0
21465,8
21466,8
21467,0
21468,8
21469,6
21470,0
21471,0
21472,7
21473,7
21474,6
21475,4
21476,6
21477,8
21478,1
21479,6
21480,7
21481,0
21482,6
21483,6
21484,2
21485,4
21486,2
21487,0
21488,4
21489,0
21490,0
21491,6
21492,6
21493,6
21494,6
21495,2
21496,6
21497,6
21498,7
21499,6
21500,1
21501,6
21502,6
21503,0
21504,4
21505,6
21506,8
21507,4
21508,6
21509,6
21510,6
21511,6
21512,6
21513,6
21514,6
21515,8
21516,3
21517,2
21518,6
21519,1
21520,0
21521,7
21522,4
21523,8
21524,7
21525,6
21526,2
21527,8
21528,1
21529,6
21530,8
21531,6
21532,0
21533,1
21534,6
21535,6
21536,0
21537,0
21538,2
21539,1
21540,4
21541,0
21542,0
21543,2
21544,4
21545,6
21546,6
21547,6
21548,0
21549,0
21550,2
21551,0
21552,7
21553,0
21554,0
21555,0
21556,7
21557,1
21558,0
21559,0
21560,7
21561,6
21562,4
21563,6
21564,0
21565,0
21566,3
21567,2
21568,0
21569,6
21570,6
21571,6
21572,6
21573,0
21574,6
21575,0
21576,6
21577,6
21578,6
21579,0
21580,8
21581,7
21582,0
21583,6
21584,6
21585,6
21586,0
21587,7
21588,3
21589,7
21590,7
21591,0
21592,7
21593,0
21594,0
21595,0
21596,6
21597,3
21598,0
21599,6
21600,2
21601,6
21602,6
21603,2
21604,6
21605,9
21606,5
21607,6
21608,4
21609,0
21610,0
21611,8
21612,6
21613,0
21614,6
21615,6
21616,0
21617,6
21618,7
21619,7
21620,4
21621,2
21622,2
21623,6
21624,2
21625,5
21626,4
21627,6
21628,0
21629,6
21630,9
21631,7
21632,0
21633,8
21634,0
21635,4
21636,7
21637,6
21638,9
21639,8
21640,9
21641,6
21642,6
21643,8
21644,6
21645,6
21646,6
21647,6
21648,6
21649,4
21650,1
21651,6
21652,0
21653,4
21654,6
21655,7
21656,8
21657,6
21658,8
21659,6
21660,8
21661,2
21662,2
21663,4
21664,7
21665,8
21666,6
21667,0
21668,4
21669,8
21670,8
21671,4
21672,6
21673,2
21674,6
21675,2
21676,1
21677,3
21678,8
21679,0
21680,2
21681,6
21682,0
21683,1
21684,2
21685,8
21686,4
21687,6
21688,9
21689,6
21690,6
21691,6
21692,6
21693,9
21694,4
21695,0
21696,4
21697,2
21698,9
21699,7
21700,2
21701,0
21702,6
21703,7
21704,1
21705,0
21706,6
21707,6
21708,7
21709,6
21710,1
21711,6
21712,4
21713,0
21714,2
21715,4
21716,6
21717,6
21718,0
21719,0
21720,1
21721,6
21722,1
21723,7
21724,7
21725,1
21726,6
21727,5
21728,9
21729,4
21730,6
21731,6
21732,0
21733,6
21734,6
21735,6
21736,6
21737,6
21738,6
21739,6
21740,6
21741,6
21742,2
21743,7
21744,6
21745,6
21746,7
21747,5
21748,2
21749,2
21750,7
21751,7
21752,7
21753,7
21754,7
21755,7
21756,6
21757,2
21758,7
21759,0
21760,9
21761,0
21762,0
21763,7
21764,4
21765,7
21766,8
21767,4
21768,4
21769,6
21770,6
21771,7
21772,6
21773,6
21774,7
21775,7
21776,7
21777,4
21778,7
21779,6
21780,6
21781,6
21782,4
21783,9
21784,7
21785,6
21786,0
21787,2
21788,2
21789,6
21790,9
21791,6
21792,5
21793,4
21794,6
21795,3
21796,3
21797,6
21798,1
21799,0
21800,7
21801,2
21802,7
21803,7
21804,4
21805,2
21806,4
21807,7
21808,0
21809,5
21810,2
21811,8
21812,6
21813,0
21814,7
21815,0
21816,0
21817,6
21818,2
21819,0
21820,7
21821,7
21822,7
21823,2
21824,7
21825,0
21826,3
21827,6
21828,2
21829,0
21830,6
21831,6
21832,0
21833,7
21834,0
21835,7
21836,4
21837,0
21838,1
21839,4
21840,0
21841,6
21842,6
21843,7
21844,0
21845,6
21846,6
21847,6
21848,6
21849,7
21850,4
21851,5
21852,6
21853,7
21854,0
21855,0
21856,7
21857,5
21858,6
21859,6
21860,2
21861,6
21862,6
21863,6
21864,5
21865,6
21866,6
21867,3
21868,9
21869,2
21870,6
21871,0
21872,0
21873,2
21874,6
21875,7
21876,6
21877,2
21878,0
21879,5
21880,6
21881,9
21882,6
21883,6
21884,6
21885,5
21886,7
21887,6
21888,2
21889,7
21890,7
21891,0
21892,6
21893,0
21894,2
21895,2
21896,7
21897,6
21898,6
21899,4
21900,6
21901,0
21902,7
21903,7
21904,6
21905,6
21906,2
21907,0
21908,0
21909,4
21910,5
21911,1
21912,6
21913,4
21914,0
21915,4
21916,2
21917,0
21918,6
21919,7
21920,7
21921,1
21922,7
21923,7
21924,2
21925,0
21926,6
21927,7
21928,1
21929,7
21930,6
21931,7
21932,7
21933,7
21934,0
21935,0
21936,7
21937,7
21938,0
21939,4
21940,7
21941,7
21942,7
21943,7
21944,6
21945,1
21946,0
21947,0
21948,9
21949,9
21950,7
21951,0
21952,0
21953,1
21954,6
21955,9
21956,4
21957,9
21958,0
21959,9
21960,0
21961,6
21962,0
21963,9
21964,6
21965,4
21966,7
21967,6
21968,9
21969,0
21970,7
21971,7
21972,6
21973,0
21974,0
21975,7
21976,9
21977,6
21978,2
21979,7
21980,3
21981,9
21982,7
21983,7
21984,8
21985,0
21986,0
21987,2
21988,7
21989,9
21990,7
21991,2
21992,0
21993,7
21994,0
21995,9
21996,9
21997,4
21998,5
21999,7
22000,0
22001,6
22002,2
22003,7
22004,1
22005,7
22006,0
22007,0
22008,6
22009,9
22010,5
22011,2
22012,7
22013,2
22014,6
22015,6
22016,7
22017,6
22018,1
22019,7
22020,6
22021,6
22022,6
22023,5
22024,0
22025,7
22026,2
22027,0
22028,7
22029,2
22030,7
22031,7
22032,7
22033,7
22034,9
22035,2
22036,9
22037,1
22038,0
22039,6
22040,6
22041,9
22042,7
22043,0
22044,7
22045,1
22046,0
22047,6
22048,6
22049,0
22050,9
22051,6
22052,0
22053,9
22054,7
22055,3
22056,0
22057,5
22058,0
22059,6
22060,9
22061,0
22062,6
22063,0
22064,0
22065,7
22066,9
22067,6
22068,3
22069,4
22070,2
22071,6
22072,6
22073,1
22074,4
22075,7
22076,6
22077,0
22078,2
22079,0
22080,1
22081,4
22082,6
22083,6
22084,4
22085,7
22086,6
22087,6
22088,7
22089,6
22090,9
22091,4
22092,7
22093,3
22094,0
22095,4
22096,9
22097,9
22098,4
22099,9
22100,8
22101,7
22102,0
22103,6
22104,9
22105,0
22106,6
22107,7
22108,7
22109,7
22110,1
22111,7
22112,7
22113,6
22114,7
22115,7
22116,6
22117,7
22118,6
22119,7
22120,7
22121,6
22122,0
22123,6
22124,4
22125,6
22126,6
22127,7
22128,6
22129,7
22130,9
22131,0
22132,1
22133,0
22134,0
22135,9
22136,7
22137,6
22138,0
22139,7
22140,7
22141,6
22142,7
22143,5
22144,0
22145,9
22146,9
22147,7
22148,4
22149,0
22150,0
22151,6
22152,7
22153,7
22154,9
22155,3
22156,7
22157,7
22158,0
22159,7
22160,7
22161,8
22162,7
22163,6
22164,2
22165,7
22166,7
22167,9
22168,9
22169,0
22170,6
22171,7
22172,0
22173,6
22174,9
22175,7
22176,0
22177,2
22178,9
22179,9
22180,6
22181,6
22182,0
22183,7
22184,7
22185,7
22186,0
22187,0
22188,6
22189,0
22190,5
22191,0
22192,0
22193,9
22194,6
22195,7
22196,7
22197,0
22198,5
22199,7
22200,7
22201,9
22202,4
22203,6
22204,0
22205,2
22206,6
22207,5
22208,7
22209,1
22210,5
22211,7
22212,7
22213,7
22214,0
22215,6
22216,6
22217,9
22218,9
22219,7
22220,4
22221,9
22222,9
22223,6
22224,0
22225,9
22226,0
22227,1
22228,1
22229,9
22230,3
22231,5
22232,7
22233,0
22234,2
22235,9
22236,5
22237,0
22238,7
22239,0
22240,0
22241,0
22242,0
22243,6
22244,2
22245,7
22246,5
22247,0
22248,2
22249,9
22250,0
22251,0
22252,2
22253,7
22254,0
22255,0
22256,9
22257,7
22258,1
22259,0
22260,7
22261,0
22262,9
22263,0
22264,3
22265,0
22266,9
22267,6
22268,5
22269,4
22270,3
22271,5
22272,1
22273,1
22274,7
22275,7
22276,0
22277,7
22278,5
22279,4
22280,5
22281,5
22282,5
22283,7
22284,7
22285,9
22286,0
22287,9
22288,6
22289,0
22290,7
22291,0
22292,2
22293,0
22294,2
22295,7
22296,7
22297,9
22298,2
22299,6
22300,0
22301,6
22302,0
22303,6
22304,9
22305,9
22306,5
22307,0
22308,0
22309,7
22310,1
22311,3
22312,9
22313,7
22314,7
22315,7
22316,2
22317,0
22318,7
22319,7
22320,7
22321,7
22322,6
22323,0
22324,9
22325,2
22326,0
22327,0
22328,6
22329,7
22330,7
22331,9
22332,9
22333,7
22334,7
22335,9
22336,9
22337,7
22338,7
22339,0
22340,0
22341,9
22342,2
22343,0
22344,5
22345,7
22346,9
22347,6
22348,5
22349,0
22350,7
22351,2
22352,0
22353,7
22354,6
22355,0
22356,1
22357,0
22358,1
22359,9
22360,7
22361,7
22362,9
22363,5
22364,7
22365,2
22366,6
22367,9
22368,1
22369,6
22370,0
22371,7
22372,5
22373,9
22374,7
22375,6
22376,7
22377,7
22378,4
22379,9
22380,7
22381,7
22382,9
22383,0
22384,2
22385,0
22386,1
22387,9
22388,2
22389,9
22390,6
22391,2
22392,0
22393,6
22394,2
22395,0
22396,0
22397,4
22398,0
22399,7
22400,7
22401,2
22402,9
22403,0
22404,0
22405,0
22406,5
22407,2
22408,1
22409,2
22410,5
22411,9
22412,2
22413,7
22414,0
22415,2
22416,0
22417,1
22418,9
22419,2
22420,9
22421,7
22422,0
22423,1
22424,2
22425,7
22426,3
22427,9
22428,0
22429,9
22430,1
22431,0
22432,6
22433,7
22434,7
22435,1
22436,0
22437,7
22438,7
22439,0
22440,9
22441,5
22442,0
22443,9
22444,0
22445,0
22446,0
22447,7
22448,1
22449,0
22450,0
22451,7
22452,2
22453,3
22454,9
22455,0
22456,7
22457,0
22458,7
22459,0
22460,0
22461,7
22462,0
22463,2
22464,7
22465,7
22466,0
22467,0
22468,1
22469,7
22470,2
22471,7
22472,2
22473,5
22474,9
22475,7
22476,9
22477,2
22478,5
22479,7
22480,1
22481,0
22482,7
22483,7
22484,5
22485,7
22486,5
22487,2
22488,0
22489,5
22490,0
22491,0
22492,7
22493,7
22494,0
22495,0
22496,6
22497,9
22498,0
22499,5
22500,2
22501,3
22502,9
22503,6
22504,2
22505,7
22506,0
22507,7
22508,2
22509,0
22510,7
22511,7
22512,0
22513,7
22514,0
22515,5
22516,7
22517,7
22518,9
22519,5
22520,1
22521,9
22522,3
22523,7
22524,0
22525,7
22526,7
22527,6
22528,2
22529,9
22530,6
22531,2
22532,5
22533,5
22534,7
22535,0
22536,9
22537,5
22538,0
22539,5
22540,7
22541,7
22542,2
22543,9
22544,7
22545,7
22546,1
22547,9
22548,9
22549,5
22550,0
22551,5
22552,0
22553,6
22554,5
22555,1
22556,0
22557,5
22558,9
22559,0
22560,1
22561,0
22562,0
22563,9
22564,5
22565,0
22566,0
22567,7
22568,5
22569,0
22570,9
22571,3
22572,5
22573,9
22574,7
22575,7
22576,7
22577,0
22578,9
22579,9
22580,7
22581,0
22582,1
22583,7
22584,6
22585,0
22586,5
22587,7
22588,9
22589,5
22590,4
22591,9
22592,0
22593,7
22594,0
22595,7
22596,1
22597,7
22598,9
22599,1
22600,7
22601,7
22602,1
22603,1
22604,7
22605,5
22606,5
22607,7
22608,0
22609,9
22610,7
22611,9
22612,9
22613,7
22614,9
22615,7
22616,9
22617,2
22618,0
22619,1
22620,9
22621,0
22622,0
22623,6
22624,1
22625,5
22626,9
22627,2
22628,9
22629,5
22630,7
22631,0
22632,5
22633,9
22634,0
22635,5
22636,0
22637,0
22638,1
22639,0
22640,9
22641,0
22642,9
22643,0
22644,7
22645,5
22646,1
22647,0
22648,0
22649,9
22650,9
22651,5
22652,7
22653,7
22654,9
22655,5
22656,2
22657,0
22658,0
22659,9
22660,9
22661,9
22662,7
22663,2
22664,1
22665,7
22666,5
22667,9
22668,0
22669,7
22670,0
22671,2
22672,0
22673,1
22674,0
22675,9
22676,0
22677,5
22678,2
22679,9
22680,9
22681,9
22682,7
22683,0
22684,7
22685,9
22686,2
22687,9
22688,9
22689,0
22690,2
22691,9
22692,1
22693,2
22694,9
22695,7
22696,9
22697,2
22698,9
22699,1
22700,2
22701,3
22702,0
22703,9
22704,0
22705,9
22706,9
22707,2
22708,1
22709,0
22710,9
22711,0
22712,7
22713,9
22714,9
22715,9
22716,9
22717,0
22718,7
22719,0
22720,0
22721,2
22722,7
22723,5
22724,0
22725,0
22726,9
22727,7
22728,1
22729,9
22730,2
22731,5
22732,0
22733,5
22734,7
22735,1
22736,9
22737,9
22738,2
22739,9
22740,0
22741,0
22742,9
22743,1
22744,7
22745,7
22746,9
22747,7
22748,2
22749,7
22750,9
22751,0
22752,5
22753,0
22754,9
22755,5
22756,0
22757,9
22758,2
22759,7
22760,0
22761,0
22762,0
22763,5
22764,0
22765,7
22766,7
22767,7
22768,7
22769,0
22770,9
22771,7
22772,9
22773,5
22774,9
22775,0
22776,0
22777,9
22778,5
22779,7
22780,5
22781,7
22782,1
22783,7
22784,1
22785,0
22786,7
22787,7
22788,7
22789,5
22790,5
22791,7
22792,1
22793,1
22794,1
22795,5
22796,9
22797,7
22798,7
22799,0
22800,0
22801,7
22802,5
22803,0
22804,9
22805,9
22806,9
22807,1
22808,9
22809,5
22810,9
22811,7
22812,7
22813,0
22814,9
22815,9
22816,0
22817,7
22818,5
22819,9
22820,9
22821,7
22822,2
22823,9
22824,9
22825,0
22826,9
22827,0
22828,0
22829,7
22830,5
22831,7
22832,5
22833,7
22834,9
22835,7
22836,2
22837,6
22838,7
22839,6
22840,0
22841,7
22842,7
22843,5
22844,0
22845,2
22846,7
22847,0
22848,1
22849,9
22850,1
22851,3
22852,9
22853,5
22854,9
22855,7
22856,5
22857,2
22858,7
22859,9
22860,6
22861,0
22862,9
22863,0
22864,0
22865,2
22866,0
22867,2
22868,7
22869,5
22870,2
22871,6
22872,0
22873,9
22874,0
22875,0
22876,9
22877,7
22878,5
22879,5
22880,5
22881,5
22882,5
22883,9
22884,7
22885,1
22886,7
22887,0
22888,7
22889,5
22890,2
22891,9
22892,9
22893,7
22894,9
22895,5
22896,0
22897,0
22898,7
22899,7
22900,0
22901,7
22902,5
22903,5
22904,9
22905,0
22906,9
22907,9
22908,9
22909,0
22910,7
22911,1
22912,2
22913,0
22914,0
22915,5
22916,0
22917,1
22918,5
22919,7
22920,5
22921,9
22922,7
22923,7
22924,9
22925,9
22926,7
22927,0
22928,9
22929,0
22930,9
22931,7
22932,0
22933,7
22934,5
22935,9
22936,7
22937,5
22938,7
22939,7
22940,2
22941,0
22942,0
22943,5
22944,7
22945,5
22946,1
22947,0
22948,0
22949,0
22950,1
22951,9
22952,2
22953,7
22954,9
22955,7
22956,0
22957,1
22958,7
22959,2
22960,7
22961,5
22962,0
22963,9
22964,7
22965,0
22966,5
22967,7
22968,0
22969,1
22970,5
22971,0
22972,7
22973,9
22974,7
22975,9
22976,0
22977,1
22978,9
22979,5
22980,0
22981,5
22982,5
22983,7
22984,5
22985,2
22986,7
22987,0
22988,9
22989,9
22990,7
22991,9
22992,2
22993,0
22994,7
22995,7
22996,0
22997,9
22998,0
22999,9
23000,7
23001,9
23002,9
23003,7
23004,7
23005,2
23006,0
23007,0
23008,5
23009,5
23010,7
23011,2
23012,7
23013,5
23014,1
23015,0
23016,5
23017,7
23018,2
23019,0
23020,0
23021,7
23022,0
23023,7
23024,9
23025,9
23026,1
23027,0
23028,5
23029,9
23030,9
23031,2
23032,7
23033,7
23034,7
23035,9
23036,7
23037,9
23038,7
23039,6
23040,7
23041,5
23042,7
23043,0
23044,1
23045,9
23046,5
23047,2
23048,5
23049,0
23050,9
23051,2
23052,9
23053,7
23054,9
23055,7
23056,0
23057,7
23058,0
23059,7
23060,0
23061,0
23062,1
23063,2
23064,9
23065,9
23066,7
23067,0
23068,9
23069,0
23070,5
23071,0
23072,7
23073,7
23074,9
23075,7
23076,5
23077,0
23078,7
23079,5
23080,5
23081,0
23082,2
23083,5
23084,5
23085,0
23086,9
23087,2
23088,7
23089,0
23090,7
23091,7
23092,0
23093,0
23094,7
23095,0
23096,9
23097,0
23098,5
23099,7
23100,9
23101,5
23102,0
23103,0
23104,9
23105,0
23106,0
23107,7
23108,7
23109,7
23110,7
23111,0
23112,2
23113,9
23114,0
23115,0
23116,5
23117,9
23118,5
23119,7
23120,7
23121,9
23122,0
23123,0
23124,9
23125,9
23126,0
23127,9
23128,9
23129,9
23130,9
23131,0
23132,9
23133,9
23134,7
23135,5
23136,9
23137,5
23138,1
23139,9
23140,7
23141,5
23142,7
23143,9
23144,9
23145,5
23146,0
23147,5
23148,0
23149,7
23150,7
23151,0
23152,2
23153,9
23154,9
23155,0
23156,9
23157,0
23158,2
23159,9
23160,1
23161,7
23162,2
23163,5
23164,7
23165,7
23166,9
23167,5
23168,9
23169,0
23170,5
23171,1
23172,9
23173,9
23174,0
23175,7
23176,7
23177,5
23178,0
23179,9
23180,0
23181,0
23182,7
23183,5
23184,9
23185,5
23186,5
23187,9
23188,7
23189,0
23190,1
23191,9
23192,7
23193,1
23194,7
23195,7
23196,1
23197,7
23198,5
23199,9
23200,9
23201,9
23202,1
23203,1
23204,2
23205,7
23206,7
23207,7
23208,0
23209,7
23210,7
23211,2
23212,0
23213,7
23214,7
23215,2
23216,5
23217,0
23218,9
23219,7
23220,5
23221,2
23222,0
23223,7
23224,0
23225,9
23226,5
23227,2
23228,9
23229,2
23230,7
23231,9
23232,0
23233,0
23234,7
23235,9
23236,0
23237,0
23238,7
23239,7
23240,7
23241,0
23242,9
23243,9
23244,0
23245,1
23246,9
23247,0
23248,2
23249,5
23250,5
23251,9
23252,5
23253,7
23254,5
23255,1
23256,5
23257,9
23258,2
23259,0
23260,5
23261,9
23262,0
23263,5
23264,5
23265,0
23266,7
23267,7
23268,9
23269,9
23270,9
23271,9
23272,7
23273,7
23274,5
23275,0
23276,9
23277,7
23278,9
23279,5
23280,1
23281,9
23282,5
23283,2
23284,5
23285,1
23286,0
23287,5
23288,7
23289,0
23290,9
23291,0
23292,0
23293,9
23294,5
23295,7
23296,0
23297,9
23298,7
23299,9
23300,7
23301,2
23302,3
23303,9
23304,1
23305,7
23306,7
23307,9
23308,7
23309,5
23310,7
23311,3
23312,9
23313,5
23314,2
23315,9
23316,9
23317,9
23318,9
23319,7
23320,9
23321,1
23322,9
23323,0
23324,9
23325,7
23326,0
23327,5
23328,7
23329,9
23330,7
23331,0
23332,0
23333,3
23334,1
23335,9
23336,3
23337,2
23338,7
23339,0
23340,0
23341,0
23342,7
23343,0
23344,5
23345,0
23346,9
23347,1
23348,2
23349,5
23350,0
23351,2
23352,2
23353,0
23354,5
23355,9
23356,9
23357,7
23358,7
23359,9
23360,7
23361,1
23362,0
23363,5
23364,7
23365,7
23366,0
23367,5
23368,9
23369,0
23370,7
23371,9
23372,7
23373,9
23374,0
23375,5
23376,9
23377,1
23378,9
23379,0
23380,0
23381,9
23382,5
23383,9
23384,5
23385,5
23386,0
23387,9
23388,5
23389,9
23390,7
23391,0
23392,9
23393,7
23394,0
23395,9
23396,9
23397,7
23398,9
23399,9
23400,3
23401,7
23402,1
23403,0
23404,2
23405,5
23406,5
23407,9
23408,2
23409,7
23410,0
23411,7
23412,9
23413,9
23414,9
23415,9
23416,5
23417,9
23418,5
23419,9
23420,7
23421,9
23422,7
23423,9
23424,5
23425,7
23426,4
23427,6
23428,2
23429,6
23430,2
23431,4
23432,3
23433,2
23434,3
23435,8
23436,2
23437,2
23438,4
23439,1
23440,3
23441,6
23442,2
23443,0
23444,1
23445,3
23446,6
23447,6
23448,6
23449,8
23450,6
23451,0
23452,3
23453,2
23454,8
23455,2
23456,8
23457,6
23458,1
23459,2
23460,3
23461,4
23462,4
23463,3
23464,6
23465,4
23466,6
23467,2
23468,2
23469,3
23470,4
23471,3
23472,1
23473,2
23474,0
23475,4
23476,4
23477,0
23478,0
23479,8
23480,0
23481,3
23482,0
23483,8
23484,6
23485,8
23486,3
23487,3
23488,8
23489,3
23490,2
23491,3
23492,4
23493,2
23494,8
23495,4
23496,0
23497,6
23498,3
23499,2
23500,1
23501,4
23502,1
23503,8
23504,2
23505,3
23506,2
23507,2
23508,1
23509,2
23510,1
23511,0
23512,0
23513,3
23514,2
23515,8
23516,4
23517,6
23518,3
23519,4
23520,1
23521,8
23522,4
23523,8
23524,2
23525,8
23526,2
23527,8
23528,2
23529,4
23530,2
23531,4
23532,8
23533,0
23534,4
23535,8
23536,4
23537,0
23538,0
23539,4
23540,3
23541,8
23542,3
23543,3
23544,3
23545,3
23546,4
23547,8
23548,1
23549,1
23550,6
23551,8
23552,6
23553,6
23554,3
23555,4
23556,4
23557,0
23558,6
23559,1
23560,8
23561,4
23562,2
23563,1
23564,0
23565,2
23566,6
23567,0
23568,1
23569,6
23570,3
23571,0
23572,0
23573,2
23574,3
23575,3
23576,4
23577,4
23578,4
23579,2
23580,4
23581,3
23582,8
23583,1
23584,2
23585,3
23586,6
23587,4
23588,3
23589,3
23590,6
23591,4
23592,4
23593,4
23594,0
23595,0
23596,2
23597,4
23598,6
23599,6
23600,4
23601,2
23602,8
23603,6
23604,3
23605,4
23606,0
23607,4
23608,3
23609,4
23610,8
23611,4
23612,2
23613,6
23614,3
23615,8
23616,6
23617,8
23618,2
23619,3
23620,3
23621,8
23622,2
23623,3
23624,2
23625,3
23626,4
23627,3
23628,3
23629,3
23630,2
23631,1
23632,1
23633,6
23634,6
23635,1
23636,4
23637,8
23638,1
23639,2
23640,2
23641,3
23642,0
23643,0
23644,4
23645,2
23646,2
23647,8
23648,4
23649,8
23650,1
23651,4
23652,4
23653,8
23654,3
23655,1
23656,8
23657,4
23658,3
23659,1
23660,4
23661,4
23662,8
23663,1
23664,0
23665,4
23666,0
23667,2
23668,4
23669,4
23670,0
23671,1
23672,8
23673,3
23674,4
23675,1
23676,4
23677,8
23678,2
23679,0
23680,2
23681,2
23682,8
23683,4
23684,0
23685,1
23686,4
23687,8
23688,1
23689,3
23690,6
23691,4
23692,0
23693,8
23694,1
23695,2
23696,4
23697,6
23698,1
23699,1
23700,8
23701,4
23702,2
23703,1
23704,1
23705,8
23706,1
23707,4
23708,6
23709,0
23710,8
23711,4
23712,1
23713,1
23714,0
23715,2
23716,2
23717,4
23718,8
23719,8
23720,4
23721,2
23722,8
23723,8
23724,0
23725,6
23726,0
23727,2
23728,2
23729,4
23730,0
23731,6
23732,2
23733,2
23734,0
23735,8
23736,4
23737,0
23738,2
23739,2
23740,4
23741,4
23742,3
23743,2
23744,0
23745,1
23746,6
23747,0
23748,4
23749,4
23750,1
23751,1
23752,1
23753,0
23754,8
23755,4
23756,1
23757,0
23758,0
23759,8
23760,4
23761,0
23762,6
23763,1
23764,1
23765,3
23766,2
23767,4
23768,0
23769,0
23770,0
23771,2
23772,8
23773,4
23774,8
23775,1
23776,2
23777,3
23778,0
23779,2
23780,0
23781,4
23782,1
23783,4
23784,8
23785,2
23786,4
23787,2
23788,2
23789,2
23790,6
23791,8
23792,8
23793,8
23794,2
23795,2
23796,8
23797,4
23798,2
23799,0
23800,0
23801,2
23802,4
23803,4
23804,0
23805,8
23806,0
23807,2
23808,2
23809,0
23810,4
23811,4
23812,8
23813,2
23814,0
23815,0
23816,6
23817,8
23818,0
23819,1
23820,8
23821,6
23822,4
23823,6
23824,1
23825,0
23826,2
23827,1
23828,2
23829,2
23830,0
23831,0
23832,3
23833,3
23834,0
23835,4
23836,2
23837,8
23838,0
23839,3
23840,3
23841,8
23842,2
23843,8
23844,4
23845,4
23846,8
23847,4
23848,2
23849,8
23850,2
23851,4
23852,4
23853,3
23854,8
23855,6
23856,2
23857,2
23858,8
23859,4
23860,8
23861,3
23862,8
23863,8
23864,0
23865,2
23866,8
23867,0
23868,1
23869,8
23870,0
23871,1
23872,8
23873,0
23874,4
23875,0
23876,2
23877,8
23878,4
23879,6
23880,0
23881,3
23882,1
23883,4
23884,4
23885,4
23886,8
23887,1
23888,0
23889,8
23890,4
23891,2
23892,8
23893,4
23894,2
23895,2
23896,2
23897,4
23898,8
23899,0
23900,0
23901,1
23902,3
23903,8
23904,8
23905,8
23906,3
23907,4
23908,1
23909,2
23910,8
23911,8
23912,8
23913,2
23914,6
23915,0
23916,4
23917,8
23918,0
23919,1
23920,8
23921,8
23922,0
23923,8
23924,8
23925,4
23926,8
23927,4
23928,3
23929,4
23930,8
23931,0
23932,4
23933,0
23934,8
23935,0
23936,4
23937,1
23938,0
23939,8
23940,8
23941,8
23942,6
23943,4
23944,4
23945,2
23946,6
23947,8
23948,0
23949,2
23950,6
23951,8
23952,0
23953,4
23954,8
23955,4
23956,6
23957,2
23958,1
23959,1
23960,0
23961,8
23962,4
23963,6
23964,8
23965,8
23966,8
23967,6
23968,8
23969,6
23970,3
23971,4
23972,4
23973,8
23974,2
23975,4
23976,1
23977,2
23978,6
23979,2
23980,0
23981,8
23982,4
23983,8
23984,6
23985,8
23986,8
23987,3
23988,0
23989,8
23990,1
23991,6
23992,0
23993,6
23994,0
23995,2
23996,3
23997,2
23998,2
23999,8
24000,6
24001,8
24002,2
24003,0
24004,2
24005,0
24006,8
24007,6
24008,8
24009,0
24010,8
24011,3
24012,8
24013,6
24014,1
24015,8
24016,0
24017,0
24018,8
24019,8
24020,8
24021,8
24022,1
24023,6
24024,4
24025,2
24026,2
24027,2
24028,4
24029,4
24030,8
24031,8
24032,1
24033,4
24034,4
24035,0
24036,0
24037,4
24038,4
24039,3
24040,4
24041,0
24042,8
24043,2
24044,0
24045,6
24046,8
24047,1
24048,4
24049,8
24050,6
24051,8
24052,8
24053,0
24054,2
24055,8
24056,1
24057,2
24058,8
24059,4
24060,8
24061,2
24062,8
24063,3
24064,0
24065,2
24066,4
24067,0
24068,0
24069,4
24070,8
24071,2
24072,4
24073,8
24074,8
24075,6
24076,4
24077,6
24078,1
24079,8
24080,0
24081,0
24082,0
24083,4
24084,4
24085,6
24086,8
24087,8
24088,2
24089,8
24090,4
24091,2
24092,4
24093,8
24094,6
24095,4
24096,8
24097,6
24098,0
24099,1
24100,3
24101,4
24102,0
24103,4
24104,4
24105,2
24106,2
24107,2
24108,8
24109,1
24110,4
24111,8
24112,2
24113,6
24114,8
24115,4
24116,2
24117,0
24118,4
24119,1
24120,6
24121,8
24122,0
24123,1
24124,2
24125,0
24126,2
24127,8
24128,0
24129,8
24130,2
24131,0
24132,0
24133,4
24134,4
24135,4
24136,0
24137,7
24138,8
24139,4
24140,8
24141,2
24142,0
24143,6
24144,1
24145,6
24146,4
24147,6
24148,6
24149,2
24150,8
24151,3
24152,7
24153,1
24154,0
24155,6
24156,0
24157,3
24158,6
24159,7
24160,1
24161,4
24162,6
24163,0
24164,1
24165,4
24166,4
24167,3
24168,4
24169,8
24170,0
24171,0
24172,1
24173,0
24174,4
24175,4
24176,2
24177,4
24178,4
24179,8
24180,2
24181,4
24182,8
24183,6
24184,0
24185,1
24186,0
24187,0
24188,1
24189,8
24190,3
24191,0
24192,7
24193,8
24194,4
24195,0
24196,8
24197,8
24198,2
24199,6
24200,8
24201,8
24202,4
24203,6
24204,2
24205,0
24206,8
24207,0
24208,2
24209,2
24210,8
24211,8
24212,8
24213,0
24214,4
24215,0
24216,0
24217,1
24218,4
24219,4
24220,8
24221,6
24222,8
24223,1
24224,1
24225,8
24226,2
24227,8
24228,4
24229,1
24230,4
24231,8
24232,0
24233,8
24234,0
24235,4
24236,6
24237,8
24238,6
24239,6
24240,0
24241,1
24242,0
24243,1
24244,3
24245,8
24246,0
24247,4
24248,8
24249,8
24250,8
24251,1
24252,8
24253,6
24254,0
24255,4
24256,6
24257,0
24258,8
24259,8
24260,1
24261,4
24262,8
24263,8
24264,1
24265,4
24266,4
24267,0
24268,1
24269,4
24270,0
24271,3
24272,2
24273,0
24274,8
24275,4
24276,1
24277,3
24278,8
24279,4
24280,8
24281,0
24282,1
24283,2
24284,1
24285,6
24286,4
24287,4
24288,0
24289,4
24290,0
24291,2
24292,0
24293,6
24294,2
24295,2
24296,8
24297,8
24298,0
24299,8
24300,0
24301,8
24302,8
24303,0
24304,2
24305,6
24306,7
24307,8
24308,1
24309,0
24310,1
24311,0
24312,4
24313,0
24314,8
24315,2
24316,6
24317,8
24318,8
24319,8
24320,0
24321,2
24322,2
24323,4
24324,0
24325,2
24326,4
24327,0
24328,1
24329,8
24330,2
24331,8
24332,6
24333,3
24334,4
24335,1
24336,8
24337,4
24338,0
24339,0
24340,1
24341,4
24342,0
24343,0
24344,2
24345,2
24346,4
24347,0
24348,0
24349,3
24350,4
24351,0
24352,4
24353,0
24354,2
24355,4
24356,4
24357,2
24358,4
24359,2
24360,0
24361,6
24362,4
24363,8
24364,8
24365,4
24366,0
24367,4
24368,2
24369,8
24370,8
24371,4
24372,1
24373,4
24374,2
24375,0
24376,2
24377,0
24378,0
24379,4
24380,8
24381,1
24382,4
24383,0
24384,0
24385,0
24386,4
24387,4
24388,4
24389,4
24390,4
24391,6
24392,1
24393,4
24394,0
24395,0
24396,8
24397,0
24398,6
24399,1
24400,0
24401,6
24402,6
24403,6
24404,4
24405,2
24406,8
24407,7
24408,0
24409,0
24410,4
24411,6
24412,3
24413,0
24414,4
24415,0
24416,8
24417,8
24418,6
24419,8
24420,4
24421,4
24422,3
24423,0
24424,0
24425,7
24426,7
24427,1
24428,6
24429,6
24430,0
24431,6
24432,4
24433,4
24434,0
24435,3
24436,4
24437,0
24438,6
24439,6
24440,3
24441,6
24442,1
24443,8
24444,8
24445,0
24446,4
24447,6
24448,4
24449,4
24450,0
24451,8
24452,6
24453,2
24454,0
24455,4
24456,2
24457,0
24458,4
24459,6
24460,1
24461,8
24462,4
24463,1
24464,0
24465,8
24466,2
24467,6
24468,0
24469,0
24470,4
24471,8
24472,8
24473,7
24474,4
24475,6
24476,0
24477,4
24478,4
24479,6
24480,0
24481,0
24482,0
24483,8
24484,2
24485,0
24486,0
24487,1
24488,0
24489,4
24490,7
24491,2
24492,0
24493,1
24494,1
24495,0
24496,0
24497,4
24498,2
24499,4
24500,4
24501,4
24502,6
24503,2
24504,4
24505,4
24506,7
24507,4
24508,2
24509,1
24510,0
24511,4
24512,1
24513,0
24514,4
24515,0
24516,1
24517,0
24518,7
24519,0
24520,7
24521,0
24522,6
24523,4
24524,8
24525,6
24526,8
24527,4
24528,2
24529,1
24530,1
24531,4
24532,4
24533,6
24534,6
24535,1
24536,0
24537,4
24538,6
24539,4
24540,1
24541,4
24542,8
24543,3
24544,4
24545,0
24546,4
24547,8
24548,8
24549,7
24550,1
24551,6
24552,4
24553,4
24554,8
24555,1
24556,8
24557,6
24558,4
24559,0
24560,8
24561,1
24562,2
24563,2
24564,8
24565,0
24566,0
24567,4
24568,0
24569,4
24570,8
24571,0
24572,4
24573,8
24574,8
24575,4
24576,8
24577,7
24578,7
24579,0
24580,6
24581,8
24582,4
24583,0
24584,8
24585,4
24586,4
24587,6
24588,8
24589,2
24590,6
24591,0
24592,2
24593,0
24594,2
24595,4
24596,1
24597,6
24598,0
24599,4
24600,4
24601,0
24602,4
24603,1
24604,4
24605,4
24606,8
24607,8
24608,8
24609,0
24610,0
24611,0
24612,8
24613,2
24614,0
24615,8
24616,2
24617,0
24618,2
24619,0
24620,0
24621,6
24622,2
24623,0
24624,1
24625,1
24626,8
24627,0
24628,2
24629,7
24630,0
24631,1
24632,4
24633,0
24634,4
24635,0
24636,4
24637,0
24638,0
24639,8
24640,8
24641,2
24642,0
24643,0
24644,7
24645,0
24646,8
24647,0
24648,1
24649,5
24650,0
24651,0
24652,4
24653,6
24654,0
24655,8
24656,4
24657,0
24658,0
24659,7
24660,4
24661,0
24662,6
24663,4
24664,0
24665,0
24666,0
24667,0
24668,8
24669,6
24670,0
24671,7
24672,4
24673,4
24674,4
24675,8
24676,8
24677,6
24678,4
24679,4
24680,8
24681,4
24682,4
24683,1
24684,0
24685,6
24686,4
24687,0
24688,0
24689,0
24690,0
24691,1
24692,1
24693,0
24694,4
24695,0
24696,6
24697,0
24698,8
24699,2
24700,3
24701,4
24702,4
24703,6
24704,0
24705,4
24706,1
24707,7
24708,0
24709,1
24710,1
24711,8
24712,6
24713,0
24714,1
24715,0
24716,4
24717,0
24718,4
24719,6
24720,0
24721,4
24722,4
24723,0
24724,0
24725,4
24726,4
24727,0
24728,0
24729,6
24730,4
24731,4
24732,0
24733,4
24734,0
24735,4
24736,0
24737,4
24738,6
24739,1
24740,0
24741,4
24742,4
24743,0
24744,4
24745,6
24746,0
24747,0
24748,0
24749,1
24750,0
24751,4
24752,8
24753,0
24754,4
24755,7
24756,2
24757,4
24758,0
24759,0
24760,0
24761,0
24762,1
24763,0
24764,0
24765,4
24766,4
24767,4
24768,7
24769,4
24770,0
24771,0
24772,3
24773,8
24774,8
24775,6
24776,8
24777,8
24778,4
24779,4
24780,1
24781,3
24782,0
24783,4
24784,8
24785,4
24786,6
24787,0
24788,8
24789,8
24790,4
24791,0
24792,4
24793,0
24794,0
24795,4
24796,0
24797,4
24798,4
24799,6
24800,2
24801,8
24802,4
24803,2
24804,0
24805,0
24806,0
24807,8
24808,7
24809,0
24810,0
24811,0
24812,4
24813,2
24814,0
24815,0
24816,7
24817,3
24818,0
24819,8
24820,2
24821,2
24822,7
24823,0
24824,0
24825,0
24826,4
24827,0
24828,8
24829,4
24830,0
24831,8
24832,4
24833,4
24834,7
24835,8
24836,4
24837,6
24838,0
24839,0
24840,0
24841,4
24842,4
24843,1
24844,6
24845,0
24846,0
24847,0
24848,2
24849,0
24850,0
24851,4
24852,4
24853,0
24854,1
24855,0
24856,7
24857,0
24858,4
24859,4
24860,2
24861,0
24862,0
24863,8
24864,0
24865,2
24866,8
24867,0
24868,2
24869,0
24870,0
24871,7
24872,0
24873,0
24874,0
24875,1
24876,0
24877,7
24878,4
24879,2
24880,0
24881,0
24882,0
24883,7
24884,4
24885,4
24886,2
24887,2
24888,8
24889,8
24890,6
24891,0
24892,4
24893,5
24894,4
24895,8
24896,4
24897,0
24898,4
24899,0
24900,4
24901,3
24902,1
24903,0
24904,0
24905,1
24906,0
24907,0
24908,0
24909,4
24910,0
24911,2
24912,8
24913,8
24914,6
24915,0
24916,2
24917,0
24918,6
24919,0
24920,4
24921,1
24922,0
24923,0
24924,4
24925,3
24926,8
24927,8
24928,4
24929,4
24930,7
24931,4
24932,0
24933,4
24934,0
24935,1
24936,3
24937,4
24938,3
24939,7
24940,0
24941,4
24942,8
24943,8
24944,7
24945,3
24946,2
24947,0
24948,0
24949,8
24950,0
24951,6
24952,8
24953,7
24954,4
24955,4
24956,4
24957,0
24958,1
24959,4
24960,7
24961,6
24962,7
24963,8
24964,0
24965,4
24966,8
24967,7
24968,2
24969,8
24970,0
24971,4
24972,6
24973,4
24974,0
24975,0
24976,0
24977,8
24978,1
24979,0
24980,0
24981,6
24982,2
24983,0
24984,9
24985,0
24986,0
24987,4
24988,0
24989,1
24990,0
24991,4
24992,0
24993,8
24994,2
24995,8
24996,0
24997,4
24998,0
24999,1
25000,6
25001,7
25002,0
25003,7
25004,1
25005,0
25006,0
25007,8
25008,6
25009,8
25010,7
25011,1
25012,0
25013,0
25014,0
25015,6
25016,6
25017,0
25018,0
25019,6
25020,0
25021,7
25022,0
25023,8
25024,7
25025,1
25026,1
25027,4
25028,8
25029,8
25030,0
25031,7
25032,0
25033,0
25034,2
25035,4
25036,0
25037,4
25038,6
25039,0
25040,6
25041,4
25042,0
25043,0
25044,6
25045,4
25046,6
25047,4
25048,1
25049,7
25050,0
25051,6
25052,6
25053,0
25054,7
25055,0
25056,1
25057,1
25058,7
25059,0
25060,4
25061,0
25062,0
25063,2
25064,0
25065,8
25066,0
25067,1
25068,7
25069,0
25070,4
25071,0
25072,0
25073,4
25074,7
25075,0
25076,2
25077,8
25078,0
25079,7
25080,1
25081,2
25082,6
25083,7
25084,1
25085,1
25086,2
25087,4
25088,4
25089,0
25090,0
25091,4
25092,6
25093,0
25094,2
25095,2
25096,0
25097,8
25098,0
25099,0
25100,8
25101,0
25102,0
25103,8
25104,0
25105,0
25106,4
25107,4
25108,0
25109,7
25110,0
25111,0
25112,0
25113,0
25114,0
25115,1
25116,8
25117,8
25118,8
25119,5
25120,0
25121,0
25122,2
25123,4
25124,7
25125,0
25126,0
25127,0
25128,4
25129,6
25130,2
25131,2
25132,2
25133,4
25134,8
25135,7
25136,8
25137,0
25138,4
25139,0
25140,4
25141,4
25142,0
25143,0
25144,6
25145,0
25146,7
25147,0
25148,7
25149,0
25150,0
25151,4
25152,0
25153,5
25154,0
25155,4
25156,6
25157,0
25158,8
25159,4
25160,6
25161,1
25162,4
25163,7
25164,6
25165,0
25166,0
25167,0
25168,4
25169,1
25170,6
25171,0
25172,5
25173,6
25174,4
25175,4
25176,0
25177,4
25178,0
25179,7
25180,0
25181,5
25182,7
25183,7
25184,8
25185,5
25186,6
25187,0
25188,7
25189,6
25190,8
25191,7
25192,4
25193,8
25194,6
25195,0
25196,0
25197,4
25198,5
25199,1
25200,2
25201,4
25202,0
25203,2
25204,0
25205,4
25206,0
25207,4
25208,0
25209,6
25210,4
25211,0
25212,0
25213,4
25214,0
25215,0
25216,0
25217,0
25218,0
25219,7
25220,0
25221,6
25222,0
25223,0
25224,7
25225,0
25226,0
25227,8
25228,0
25229,0
25230,0
25231,0
25232,9
25233,6
25234,7
25235,7
25236,0
25237,0
25238,0
25239,7
25240,2
25241,2
25242,6
25243,1
25244,7
25245,0
25246,0
25247,0
25248,0
25249,7
25250,0
25251,0
25252,2
25253,0
25254,6
25255,6
25256,0
25257,0
25258,7
25259,0
25260,0
25261,0
25262,4
25263,6
25264,6
25265,0
25266,0
25267,0
25268,5
25269,0
25270,8
25271,8
25272,4
25273,7
25274,1
25275,0
25276,0
25277,0
25278,7
25279,0
25280,0
25281,0
25282,1
25283,2
25284,8
25285,7
25286,8
25287,7
25288,0
25289,4
25290,0
25291,4
25292,0
25293,1
25294,4
25295,8
25296,7
25297,0
25298,4
25299,7
25300,2
25301,0
25302,7
25303,4
25304,0
25305,4
25306,6
25307,4
25308,1
25309,9
25310,0
25311,7
25312,2
25313,4
25314,1
25315,0
25316,1
25317,0
25318,0
25319,0
25320,0
25321,0
25322,7
25323,5
25324,6
25325,1
25326,0
25327,0
25328,6
25329,0
25330,4
25331,0
25332,4
25333,7
25334,7
25335,0
25336,0
25337,6
25338,2
25339,5
25340,6
25341,7
25342,0
25343,6
25344,0
25345,4
25346,2
25347,0
25348,0
25349,0
25350,0
25351,4
25352,0
25353,4
25354,0
25355,8
25356,7
25357,4
25358,0
25359,6
25360,0
25361,5
25362,0
25363,0
25364,7
25365,3
25366,0
25367,6
25368,0
25369,7
25370,6
25371,7
25372,0
25373,7
25374,6
25375,4
25376,4
25377,2
25378,7
25379,0
25380,7
25381,7
25382,7
25383,0
25384,0
25385,6
25386,3
25387,9
25388,5
25389,7
25390,5
25391,6
25392,6
25393,0
25394,6
25395,4
25396,6
25397,6
25398,0
25399,4
25400,0
25401,0
25402,7
25403,7
25404,6
25405,9
25406,7
25407,6
25408,0
25409,4
25410,8
25411,6
25412,0
25413,0
25414,0
25415,6
25416,4
25417,0
25418,4
25419,1
25420,0
25421,0
25422,6
25423,0
25424,6
25425,8
25426,0
25427,6
25428,0
25429,1
25430,8
25431,0
25432,5
25433,7
25434,4
25435,0
25436,0
25437,0
25438,0
25439,4
25440,6
25441,7
25442,6
25443,4
25444,4
25445,4
25446,7
25447,5
25448,5
25449,7
25450,6
25451,0
25452,5
25453,0
25454,4
25455,0
25456,0
25457,0
25458,4
25459,4
25460,6
25461,0
25462,7
25463,0
25464,4
25465,1
25466,0
25467,0
25468,4
25469,4
25470,2
25471,0
25472,0
25473,0
25474,0
25475,0
25476,0
25477,0
25478,0
25479,6
25480,5
25481,7
25482,3
25483,0
25484,0
25485,0
25486,0
25487,0
25488,2
25489,6
25490,7
25491,7
25492,7
25493,4
25494,6
25495,0
25496,9
25497,3
25498,0
25499,6
25500,3
25501,0
25502,0
25503,0
25504,0
25505,6
25506,0
25507,7
25508,0
25509,7
25510,6
25511,4
25512,4
25513,8
25514,0
25515,4
25516,0
25517,6
25518,4
25519,6
25520,6
25521,6
25522,4
25523,5
25524,5
25525,0
25526,2
25527,4
25528,5
25529,0
25530,0
25531,6
25532,7
25533,0
25534,8
25535,0
25536,0
25537,0
25538,0
25539,6
25540,3
25541,6
25542,7
25543,4
25544,7
25545,4
25546,7
25547,6
25548,4
25549,0
25550,0
25551,6
25552,6
25553,0
25554,0
25555,0
25556,4
25557,7
25558,0
25559,8
25560,0
25561,7
25562,9
25563,6
25564,2
25565,4
25566,0
25567,1
25568,7
25569,8
25570,2
25571,6
25572,0
25573,7
25574,0
25575,7
25576,4
25577,8
25578,7
25579,0
25580,6
25581,4
25582,0
25583,0
25584,4
25585,4
25586,5
25587,0
25588,2
25589,6
25590,0
25591,4
25592,9
25593,7
25594,1
25595,0
25596,0
25597,0
25598,2
25599,0
25600,0
25601,4
25602,8
25603,7
25604,0
25605,0
25606,6
25607,7
25608,0
25609,0
25610,5
25611,6
25612,4
25613,4
25614,0
25615,0
25616,8
25617,7
25618,4
25619,5
25620,4
25621,0
25622,0
25623,6
25624,0
25625,6
25626,0
25627,6
25628,0
25629,0
25630,0
25631,0
25632,6
25633,0
25634,7
25635,5
25636,0
25637,0
25638,4
25639,4
25640,0
25641,7
25642,7
25643,7
25644,7
25645,7
25646,4
25647,7
25648,0
25649,7
25650,0
25651,0
25652,6
25653,4
25654,0
25655,0
25656,7
25657,0
25658,7
25659,0
25660,6
25661,0
25662,0
25663,7
25664,0
25665,5
25666,5
25667,0
25668,3
25669,5
25670,4
25671,6
25672,7
25673,6
25674,0
25675,0
25676,7
25677,4
25678,6
25679,7
25680,0
25681,4
25682,0
25683,0
25684,7
25685,8
25686,0
25687,0
25688,4
25689,1
25690,1
25691,0
25692,0
25693,0
25694,1
25695,7
25696,0
25697,0
25698,0
25699,6
25700,7
25701,0
25702,0
25703,0
25704,2
25705,6
25706,0
25707,6
25708,0
25709,4
25710,0
25711,0
25712,4
25713,0
25714,2
25715,0
25716,6
25717,6
25718,9
25719,6
25720,4
25721,0
25722,0
25723,5
25724,7
25725,2
25726,9
25727,7
25728,4
25729,7
25730,6
25731,4
25732,0
25733,4
25734,1
25735,7
25736,4
25737,9
25738,1
25739,2
25740,6
25741,0
25742,2
25743,4
25744,0
25745,0
25746,0
25747,5
25748,0
25749,0
25750,0
25751,4
25752,0
25753,0
25754,0
25755,0
25756,0
25757,0
25758,6
25759,0
25760,0
25761,6
25762,0
25763,6
25764,9
25765,0
25766,0
25767,0
25768,1
25769,0
25770,4
25771,3
25772,0
25773,0
25774,1
25775,0
25776,5
25777,4
25778,0
25779,0
25780,0
25781,0
25782,1
25783,5
25784,0
25785,7
25786,6
25787,0
25788,5
25789,0
25790,0
25791,5
25792,0
25793,0
25794,2
25795,9
25796,0
25797,6
25798,4
25799,5
25800,2
25801,0
25802,4
25803,5
25804,4
25805,5
25806,4
25807,7
25808,0
25809,6
25810,1
25811,7
25812,9
25813,0
25814,6
25815,5
25816,1
25817,0
25818,0
25819,0
25820,7
25821,9
25822,0
25823,6
25824,5
25825,0
25826,2
25827,0
25828,4
25829,0
25830,4
25831,0
25832,3
25833,2
25834,0
25835,6
25836,0
25837,5
25838,7
25839,0
25840,7
25841,0
25842,0
25843,0
25844,6
25845,0
25846,4
25847,6
25848,2
25849,0
25850,0
25851,5
25852,0
25853,0
25854,7
25855,6
25856,6
25857,0
25858,4
25859,6
25860,4
25861,0
25862,0
25863,3
25864,0
25865,7
25866,5
25867,4
25868,7
25869,0
25870,6
25871,1
25872,0
25873,0
25874,0
25875,5
25876,0
25877,0
25878,0
25879,6
25880,0
25881,7
25882,5
25883,1
25884,7
25885,4
25886,2
25887,4
25888,0
25889,4
25890,4
25891,7
25892,5
25893,2
25894,7
25895,4
25896,7
25897,7
25898,7
25899,2
25900,7
25901,6
25902,2
25903,7
25904,0
25905,0
25906,7
25907,0
25908,2
25909,0
25910,0
25911,4
25912,4
25913,0
25914,0
25915,1
25916,0
25917,7
25918,7
25919,1
25920,4
25921,2
25922,4
25923,0
25924,4
25925,5
25926,6
25927,7
25928,6
25929,0
25930,6
25931,4
25932,9
25933,4
25934,9
25935,4
25936,0
25937,9
25938,0
25939,3
25940,5
25941,0
25942,7
25943,3
25944,5
25945,0
25946,5
25947,9
25948,0
25949,7
25950,4
25951,2
25952,7
25953,6
25954,0
25955,0
25956,7
25957,7
25958,6
25959,6
25960,5
25961,7
25962,0
25963,7
25964,9
25965,2
25966,4
25967,6
25968,7
25969,5
25970,1
25971,5
25972,5
25973,7
25974,9
25975,0
25976,9
25977,0
25978,0
25979,3
25980,4
25981,0
25982,0
25983,0
25984,7
25985,0
25986,1
25987,5
25988,5
25989,9
25990,0
25991,0
25992,7
25993,6
25994,6
25995,9
25996,3
25997,3
25998,6
25999,0
26000,9
26001,0
26002,7
26003,0
26004,0
26005,9
26006,5
26007,7
26008,9
26009,0
26010,2
26011,0
26012,7
26013,2
26014,7
26015,0
26016,8
26017,9
26018,9
26019,4
26020,6
26021,2
26022,4
26023,0
26024,2
26025,0
26026,0
26027,2
26028,5
26029,4
26030,0
26031,2
26032,5
26033,0
26034,0
26035,7
26036,5
26037,9
26038,4
26039,9
26040,7
26041,9
26042,5
26043,0
26044,5
26045,3
26046,7
26047,7
26048,0
26049,9
26050,7
26051,0
26052,7
26053,5
26054,5
26055,0
26056,5
26057,2
26058,6
26059,7
26060,2
26061,7
26062,7
26063,0
26064,7
26065,5
26066,2
26067,0
26068,5
26069,5
26070,6
26071,4
26072,2
26073,5
26074,0
26075,0
26076,5
26077,9
26078,9
26079,0
26080,5
26081,5
26082,0
26083,4
26084,8
26085,7
26086,7
26087,4
26088,3
26089,7
26090,0
26091,0
26092,5
26093,7
26094,1
26095,0
26096,5
26097,7
26098,9
26099,7
26100,9
26101,4
26102,7
26103,9
26104,0
26105,5
26106,1
26107,5
26108,0
26109,9
26110,0
26111,5
26112,7
26113,5
26114,0
26115,1
26116,5
26117,5
26118,1
26119,1
26120,7
26121,5
26122,7
26123,0
26124,5
26125,7
26126,7
26127,7
26128,0
26129,9
26130,0
26131,5
26132,7
26133,0
26134,3
26135,0
26136,5
26137,7
26138,0
26139,9
26140,4
26141,0
26142,1
26143,0
26144,0
26145,5
26146,5
26147,4
26148,0
26149,5
26150,0
26151,0
26152,7
26153,5
26154,5
26155,5
26156,7
26157,5
26158,7
26159,0
26160,4
26161,5
26162,2
26163,0
26164,0
26165,2
26166,0
26167,1
26168,0
26169,9
26170,0
26171,5
26172,6
26173,6
26174,9
26175,5
26176,7
26177,6
26178,5
26179,5
26180,2
26181,5
26182,5
26183,1
26184,9
26185,5
26186,7
26187,2
26188,0
26189,5
26190,2
26191,0
26192,0
26193,5
26194,9
26195,7
26196,0
26197,7
26198,5
26199,5
26200,5
26201,7
26202,7
26203,4
26204,9
26205,5
26206,2
26207,0
26208,7
26209,5
26210,0
26211,0
26212,7
26213,9
26214,7
26215,6
26216,0
26217,5
26218,7
26219,2
26220,5
26221,3
26222,0
26223,9
26224,1
26225,0
26226,0
26227,0
26228,1
26229,2
26230,0
26231,0
26232,1
26233,4
26234,5
26235,7
26236,9
26237,0
26238,9
26239,0
26240,0
26241,7
26242,6
26243,9
26244,5
26245,1
26246,5
26247,5
26248,2
26249,5
26250,5
26251,7
26252,0
26253,5
26254,7
26255,4
26256,0
26257,5
26258,5
26259,0
26260,0
26261,1
26262,0
26263,9
26264,0
26265,0
26266,0
26267,7
26268,0
26269,5
26270,5
26271,6
26272,5
26273,0
26274,5
26275,5
26276,0
26277,6
26278,6
26279,2
26280,0
26281,7
26282,4
26283,5
26284,0
26285,1
26286,5
26287,5
26288,7
26289,7
26290,0
26291,0
26292,0
26293,0
26294,5
26295,0
26296,5
26297,5
26298,7
26299,0
26300,7
26301,5
26302,0
26303,3
26304,9
26305,4
26306,7
26307,0
26308,0
26309,0
26310,0
26311,9
26312,0
26313,7
26314,0
26315,9
26316,9
26317,9
26318,0
26319,5
26320,5
26321,3
26322,7
26323,0
26324,7
26325,0
26326,2
26327,7
26328,2
26329,0
26330,0
26331,5
26332,0
26333,5
26334,1
26335,5
26336,0
26337,7
26338,7
26339,0
26340,9
26341,6
26342,2
26343,7
26344,0
26345,0
26346,1
26347,0
26348,0
26349,0
26350,5
26351,7
26352,5
26353,7
26354,9
26355,0
26356,5
26357,5
26358,0
26359,7
26360,7
26361,0
26362,2
26363,5
26364,5
26365,0
26366,5
26367,5
26368,2
26369,7
26370,5
26371,0
26372,0
26373,0
26374,5
26375,5
26376,0
26377,5
26378,5
26379,7
26380,7
26381,0
26382,1
26383,7
26384,0
26385,0
26386,5
26387,5
26388,7
26389,7
26390,0
26391,0
26392,0
26393,1
26394,5
26395,5
26396,7
26397,0
26398,5
26399,9
26400,0
26401,0
26402,7
26403,6
26404,7
26405,9
26406,1
26407,1
26408,2
26409,0
26410,2
26411,5
26412,9
26413,9
26414,6
26415,5
26416,0
26417,0
26418,7
26419,5
26420,2
26421,9
26422,7
26423,7
26424,5
26425,0
26426,7
26427,7
26428,9
26429,5
26430,1
26431,7
26432,7
26433,7
26434,7
26435,2
26436,5
26437,5
26438,0
26439,0
26440,1
26441,0
26442,7
26443,5
26444,0
26445,0
26446,2
26447,3
26448,0
26449,5
26450,9
26451,0
26452,9
26453,9
26454,7
26455,2
26456,1
26457,5
26458,7
26459,5
26460,0
26461,5
26462,1
26463,5
26464,7
26465,5
26466,7
26467,5
26468,1
26469,5
26470,7
26471,5
26472,0
26473,1
26474,7
26475,0
26476,0
26477,0
26478,0
26479,5
26480,0
26481,7
26482,0
26483,0
26484,0
26485,0
26486,7
26487,0
26488,4
26489,0
26490,0
26491,0
26492,9
26493,0
26494,5
26495,7
26496,2
26497,7
26498,0
26499,2
26500,7
26501,0
26502,3
26503,0
26504,5
26505,0
26506,5
26507,0
26508,9
26509,0
26510,0
26511,0
26512,7
26513,2
26514,0
26515,0
26516,9
26517,0
26518,0
26519,0
26520,0
26521,9
26522,9
26523,9
26524,7
26525,7
26526,9
26527,2
26528,7
26529,7
26530,5
26531,5
26532,7
26533,5
26534,7
26535,0
26536,7
26537,5
26538,0
26539,5
26540,0
26541,5
26542,0
26543,0
26544,0
26545,9
26546,5
26547,7
26548,9
26549,0
26550,2
26551,0
26552,0
26553,9
26554,0
26555,0
26556,7
26557,7
26558,5
26559,0
26560,7
26561,0
26562,0
26563,5
26564,0
26565,5
26566,7
26567,0
26568,7
26569,5
26570,7
26571,0
26572,5
26573,7
26574,1
26575,5
26576,2
26577,5
26578,5
26579,7
26580,7
26581,7
26582,0
26583,7
26584,0
26585,0
26586,0
26587,2
26588,0
26589,0
26590,5
26591,0
26592,2
26593,3
26594,0
26595,5
26596,3
26597,7
26598,5
26599,7
26600,0
26601,7
26602,7
26603,0
26604,0
26605,5
26606,7
26607,5
26608,5
26609,0
26610,7
26611,9
26612,0
26613,7
26614,0
26615,1
26616,9
26617,5
26618,9
26619,1
26620,0
26621,1
26622,7
26623,1
26624,9
26625,7
26626,0
26627,5
26628,0
26629,0
26630,0
26631,5
26632,0
26633,5
26634,5
26635,4
26636,0
26637,7
26638,7
26639,0
26640,7
26641,5
26642,7
26643,9
26644,5
26645,2
26646,7
26647,2
26648,7
26649,2
26650,4
26651,5
26652,0
26653,0
26654,7
26655,0
26656,0
26657,1
26658,5
26659,9
26660,5
26661,1
26662,1
26663,5
26664,0
26665,7
26666,7
26667,5
26668,3
26669,5
26670,0
26671,1
26672,5
26673,7
26674,1
26675,0
26676,0
26677,0
26678,5
26679,5
26680,3
26681,5
26682,0
26683,5
26684,7
26685,0
26686,0
26687,9
26688,0
26689,4
26690,5
26691,1
26692,0
26693,0
26694,1
26695,0
26696,9
26697,7
26698,9
26699,1
26700,5
26701,0
26702,5
26703,5
26704,0
26705,9
26706,0
26707,5
26708,9
26709,0
26710,7
26711,7
26712,0
26713,2
26714,5
26715,1
26716,7
26717,5
26718,0
26719,5
26720,9
26721,0
26722,5
26723,0
26724,7
26725,0
26726,9
26727,0
26728,0
26729,2
26730,7
26731,0
26732,5
26733,5
26734,0
26735,0
26736,5
26737,0
26738,7
26739,0
26740,0
26741,9
26742,0
26743,9
26744,0
26745,5
26746,5
26747,0
26748,0
26749,7
26750,0
26751,9
26752,9
26753,9
26754,1
26755,0
26756,7
26757,5
26758,5
26759,7
26760,0
26761,7
26762,0
26763,1
26764,5
26765,0
26766,5
26767,0
26768,7
26769,5
26770,0
26771,0
26772,5
26773,0
26774,2
26775,2
26776,5
26777,0
26778,7
26779,9
26780,0
26781,1
26782,5
26783,7
26784,7
26785,0
26786,9
26787,9
26788,3
26789,5
26790,5
26791,0
26792,5
26793,5
26794,1
26795,0
26796,0
26797,0
26798,7
26799,0
26800,3
26801,2
26802,5
26803,0
26804,5
26805,5
26806,0
26807,0
26808,7
26809,7
26810,0
26811,0
26812,5
26813,7
26814,5
26815,2
26816,0
26817,0
26818,5
26819,5
26820,5
26821,5
26822,0
26823,9
26824,7
26825,0
26826,0
26827,0
26828,7
26829,2
26830,9
26831,0
26832,5
26833,9
26834,0
26835,0
26836,5
26837,0
26838,9
26839,2
26840,7
26841,0
26842,0
26843,7
26844,0
26845,0
26846,0
26847,9
26848,0
26849,0
26850,2
26851,7
26852,7
26853,5
26854,0
26855,7
26856,0
26857,5
26858,2
26859,7
26860,5
26861,1
26862,0
26863,1
26864,0
26865,3
26866,0
26867,5
26868,0
26869,0
26870,0
26871,0
26872,5
26873,2
26874,5
26875,7
26876,0
26877,0
26878,1
26879,5
26880,0
26881,0
26882,1
26883,0
26884,5
26885,7
26886,0
26887,0
26888,1
26889,2
26890,0
26891,5
26892,1
26893,1
26894,0
26895,7
26896,5
26897,0
26898,7
26899,5
26900,0
26901,2
26902,5
26903,7
26904,5
26905,0
26906,2
26907,9
26908,7
26909,0
26910,5
26911,0
26912,9
26913,1
26914,5
26915,0
26916,0
26917,5
26918,5
26919,2
26920,0
26921,0
26922,9
26923,7
26924,2
26925,0
26926,0
26927,5
26928,0
26929,9
26930,7
26931,0
26932,5
26933,7
26934,5
26935,2
26936,5
26937,0
26938,1
26939,0
26940,4
26941,7
26942,5
26943,0
26944,2
26945,1
26946,5
26947,0
26948,0
26949,5
26950,0
26951,7
26952,2
26953,5
26954,7
26955,3
26956,5
26957,2
26958,7
26959,0
26960,0
26961,9
26962,9
26963,0
26964,7
26965,0
26966,7
26967,1
26968,9
26969,5
26970,0
26971,1
26972,9
26973,5
26974,7
26975,5
26976,0
26977,7
26978,9
26979,5
26980,1
26981,9
26982,0
26983,5
26984,0
26985,9
26986,1
26987,5
26988,0
26989,7
26990,7
26991,0
26992,5
26993,7
26994,0
26995,7
26996,0
26997,5
26998,5
26999,5
27000,5
27001,0
27002,5
27003,7
27004,0
27005,9
27006,0
27007,0
27008,5
27009,7
27010,7
27011,0
27012,7
27013,0
27014,7
27015,7
27016,5
27017,0
27018,5
27019,7
27020,0
27021,0
27022,9
27023,0
27024,5
27025,7
27026,0
27027,9
27028,0
27029,7
27030,1
27031,5
27032,0
27033,0
27034,7
27035,0
27036,5
27037,0
27038,0
27039,1
27040,5
27041,1
27042,0
27043,2
27044,1
27045,7
27046,0
27047,5
27048,0
27049,5
27050,0
27051,9
27052,5
27053,9
27054,5
27055,0
27056,5
27057,0
27058,0
27059,7
27060,9
27061,9
27062,9
27063,0
27064,5
27065,5
27066,7
27067,0
27068,5
27069,7
27070,9
27071,0
27072,0
27073,0
27074,9
27075,5
27076,0
27077,0
27078,7
27079,7
27080,0
27081,0
27082,0
27083,0
27084,2
27085,0
27086,7
27087,5
27088,5
27089,3
27090,5
27091,3
27092,2
27093,2
27094,0
27095,7
27096,5
27097,5
27098,2
27099,0
27100,5
27101,5
27102,0
27103,5
27104,0
27105,0
27106,5
27107,7
27108,0
27109,0
27110,0
27111,5
27112,1
27113,0
27114,5
27115,0
27116,9
27117,9
27118,0
27119,0
27120,0
27121,2
27122,5
27123,5
27124,0
27125,1
27126,7
27127,0
27128,0
27129,0
27130,5
27131,1
27132,5
27133,7
27134,3
27135,9
27136,5
27137,1
27138,5
27139,9
27140,7
27141,5
27142,7
27143,5
27144,5
27145,5
27146,0
27147,7
27148,5
27149,5
27150,0
27151,0
27152,9
27153,7
27154,0
27155,2
27156,5
27157,9
27158,0
27159,5
27160,0
27161,2
27162,0
27163,5
27164,0
27165,0
27166,1
27167,4
27168,9
27169,7
27170,0
27171,9
27172,5
27173,0
27174,5
27175,0
27176,7
27177,7
27178,5
27179,3
27180,9
27181,7
27182,0
27183,5
27184,5
27185,1
27186,7
27187,0
27188,9
27189,7
27190,2
27191,5
27192,1
27193,1
27194,5
27195,5
27196,0
27197,0
27198,5
27199,1
27200,9
27201,3
27202,5
27203,5
27204,1
27205,0
27206,0
27207,0
27208,1
27209,9
27210,7
27211,7
27212,5
27213,9
27214,0
27215,5
27216,5
27217,7
27218,5
27219,0
27220,5
27221,7
27222,5
27223,0
27224,5
27225,0
27226,2
27227,7
27228,0
27229,1
27230,5
27231,5
27232,5
27233,0
27234,0
27235,0
27236,0
27237,2
27238,2
27239,5
27240,2
27241,0
27242,0
27243,0
27244,7
27245,2
27246,7
27247,9
27248,5
27249,7
27250,5
27251,7
27252,0
27253,2
27254,9
27255,7
27256,2
27257,7
27258,0
27259,7
27260,9
27261,7
27262,7
27263,9
27264,7
27265,0
27266,7
27267,0
27268,9
27269,1
27270,5
27271,5
27272,0
27273,1
27274,0
27275,5
27276,0
27277,7
27278,7
27279,7
27280,0
27281,0
27282,0
27283,0
27284,0
27285,5
27286,7
27287,5
27288,7
27289,5
27290,0
27291,5
27292,0
27293,5
27294,0
27295,9
27296,7
27297,0
27298,0
27299,5
27300,5
27301,7
27302,5
27303,1
27304,0
27305,0
27306,9
27307,0
27308,0
27309,7
27310,0
27311,9
27312,0
27313,1
27314,7
27315,0
27316,7
27317,0
27318,0
27319,5
27320,5
27321,0
27322,5
27323,2
27324,0
27325,5
27326,1
27327,5
27328,0
27329,0
27330,1
27331,7
27332,7
27333,7
27334,5
27335,5
27336,0
27337,9
27338,7
27339,0
27340,0
27341,7
27342,7
27343,9
27344,9
27345,9
27346,9
27347,9
27348,0
27349,0
27350,9
27351,0
27352,5
27353,7
27354,5
27355,7
27356,0
27357,9
27358,0
27359,5
27360,2
27361,7
27362,5
27363,7
27364,7
27365,9
27366,5
27367,0
27368,5
27369,7
27370,0
27371,0
27372,7
27373,5
27374,0
27375,9
27376,9
27377,9
27378,0
27379,0
27380,5
27381,7
27382,7
27383,7
27384,5
27385,9
27386,0
27387,0
27388,5
27389,5
27390,0
27391,5
27392,0
27393,5
27394,0
27395,5
27396,5
27397,0
27398,5
27399,0
27400,9
27401,5
27402,2
27403,7
27404,5
27405,0
27406,7
27407,7
27408,5
27409,5
27410,1
27411,0
27412,7
27413,0
27414,5
27415,7
27416,7
27417,0
27418,7
27419,0
27420,0
27421,7
27422,2
27423,2
27424,5
27425,5
27426,5
27427,7
27428,9
27429,1
27430,0
27431,2
27432,2
27433,7
27434,5
27435,0
27436,5
27437,5
27438,7
27439,9
27440,0
27441,0
27442,7
27443,5
27444,3
27445,0
27446,1
27447,9
27448,7
27449,0
27450,1
27451,5
27452,0
27453,5
27454,5
27455,7
27456,7
27457,7
27458,2
27459,6
27460,6
27461,9
27462,6
27463,6
27464,6
27465,4
27466,4
27467,6
27468,6
27469,6
27470,6
27471,6
27472,9
27473,6
27474,6
27475,9
27476,9
27477,9
27478,6
27479,6
27480,6
27481,6
27482,6
27483,6
27484,6
27485,6
27486,6
27487,6
27488,6
27489,6
27490,5
27491,0
27492,7
27493,9
27494,9
27495,6
27496,1
27497,9
27498,9
27499,9
27500,9
27501,5
27502,6
27503,7
27504,6
27505,6
27506,7
27507,9
27508,7
27509,2
27510,6
27511,6
27512,5
27513,9
27514,9
27515,6
27516,7
27517,7
27518,9
27519,5
27520,9
27521,7
27522,6
27523,5
27524,9
27525,5
27526,9
27527,9
27528,6
27529,9
27530,9
27531,9
27532,9
27533,6
27534,6
27535,6
27536,6
27537,9
27538,9
27539,9
27540,9
27541,9
27542,0
27543,5
27544,0
27545,0
27546,9
27547,9
27548,9
27549,9
27550,5
27551,9
27552,0
27553,0
27554,9
27555,9
27556,9
27557,9
27558,0
27559,7
27560,9
27561,0
27562,9
27563,9
27564,0
27565,9
27566,9
27567,9
27568,9
27569,9
27570,9
27571,9
27572,6
27573,9
27574,9
27575,9
27576,9
27577,4
27578,9
27579,9
27580,9
27581,9
27582,9
27583,9
27584,9
27585,9
27586,7
27587,9
27588,9
27589,9
27590,9
27591,6
27592,9
27593,9
27594,9
27595,9
27596,7
27597,9
27598,9
27599,9
27600,7
27601,5
27602,9
27603,2
27604,0
27605,9
27606,9
27607,9
27608,9
27609,0
27610,9
27611,9
27612,9
27613,9
27614,9
27615,0
27616,9
27617,9
27618,0
27619,7
27620,6
27621,9
27622,7
27623,9
27624,9
27625,9
27626,0
27627,9
27628,9
27629,5
27630,0
27631,0
27632,9
27633,9
27634,9
27635,9
27636,5
27637,9
27638,5
27639,5
27640,9
27641,9
27642,9
27643,9
27644,0
27645,9
27646,9
27647,9
27648,0
27649,9
27650,2
27651,9
27652,5
27653,9
27654,9
27655,5
27656,9
27657,9
27658,0
27659,0
27660,9
27661,9
27662,9
27663,9
27664,9
27665,6
27666,9
27667,0
27668,9
27669,9
27670,9
27671,9
27672,9
27673,9
27674,9
27675,9
27676,9
27677,9
27678,9
27679,9
27680,9
27681,9
27682,9
27683,9
27684,9
27685,9
27686,9
27687,9
27688,7
27689,9
27690,0
27691,9
27692,7
27693,0
27694,9
27695,9
27696,9
27697,9
27698,2
27699,9
27700,9
27701,9
27702,0
27703,0
27704,7
27705,6
27706,9
27707,0
27708,7
27709,0
27710,0
27711,9
27712,0
27713,9
27714,5
27715,9
27716,9
27717,7
27718,1
27719,9
27720,9
27721,9
27722,9
27723,9
27724,9
27725,9
27726,5
27727,7
27728,9
27729,9
27730,9
27731,9
27732,9
27733,9
27734,9
27735,9
27736,9
27737,9
27738,5
27739,9
27740,9
27741,9
27742,9
27743,9
27744,0
27745,9
27746,9
27747,9
27748,9
27749,5
27750,9
27751,0
27752,0
27753,0
27754,9
27755,9
27756,0
27757,9
27758,9
27759,0
27760,9
27761,9
27762,9
27763,4
27764,9
27765,5
27766,9
27767,2
27768,5
27769,9
27770,0
27771,2
27772,0
27773,5
27774,7
27775,5
27776,5
27777,9
27778,9
27779,9
27780,0
27781,6
27782,7
27783,9
27784,9
27785,9
27786,9
27787,0
27788,9
27789,1
27790,3
27791,1
27792,9
27793,9
27794,9
27795,0
27796,9
27797,9
27798,9
27799,9
27800,5
27801,0
27802,9
27803,7
27804,9
27805,9
27806,9
27807,9
27808,9
27809,9
27810,9
27811,9
27812,9
27813,9
27814,9
27815,7
27816,9
27817,9
27818,0
27819,9
27820,9
27821,0
27822,0
27823,5
27824,7
27825,9
27826,9
27827,7
27828,9
27829,9
27830,5
27831,1
27832,0
27833,5
27834,0
27835,0
27836,0
27837,5
27838,0
27839,9
27840,9
27841,0
27842,9
27843,9
27844,9
27845,9
27846,9
27847,9
27848,9
27849,9
27850,9
27851,9
27852,9
27853,9
27854,9
27855,0
27856,0
27857,5
27858,9
27859,0
27860,9
27861,0
27862,5
27863,7
27864,9
27865,9
27866,9
27867,9
27868,9
27869,7
27870,9
27871,9
27872,9
27873,9
27874,9
27875,9
27876,9
27877,9
27878,9
27879,9
27880,9
27881,9
27882,1
27883,9
27884,9
27885,0
27886,0
27887,9
27888,0
27889,9
27890,9
27891,9
27892,9
27893,9
27894,9
27895,7
27896,9
27897,0
27898,0
27899,9
27900,9
27901,9
27902,9
27903,9
27904,9
27905,9
27906,9
27907,9
27908,0
27909,7
27910,9
27911,9
27912,9
27913,0
27914,9
27915,2
27916,7
27917,9
27918,9
27919,9
27920,0
27921,9
27922,9
27923,2
27924,9
27925,9
27926,2
27927,9
27928,9
27929,7
27930,0
27931,9
27932,9
27933,9
27934,9
27935,7
27936,9
27937,0
27938,9
27939,9
27940,9
27941,9
27942,9
27943,9
27944,9
27945,9
27946,9
27947,7
27948,9
27949,9
27950,0
27951,2
27952,9
27953,0
27954,9
27955,9
27956,9
27957,9
27958,0
27959,7
27960,9
27961,9
27962,0
27963,9
27964,0
27965,9
27966,2
27967,0
27968,9
27969,9
27970,7
27971,7
27972,0
27973,9
27974,9
27975,9
27976,9
27977,7
27978,2
27979,9
27980,9
27981,9
27982,9
27983,0
27984,9
27985,0
27986,9
27987,0
27988,0
27989,9
27990,9
27991,9
27992,9
27993,0
27994,9
27995,9
27996,9
27997,9
27998,9
27999,9
28000,9
28001,9
28002,9
28003,5
28004,9
28005,9
28006,9
28007,9
28008,9
28009,9
28010,9
28011,9
28012,9
28013,9
28014,9
28015,9
28016,9
28017,0
28018,9
28019,9
28020,9
28021,9
28022,9
28023,9
28024,9
28025,9
28026,0
28027,9
28028,9
28029,9
28030,9
28031,9
28032,9
28033,9
28034,9
28035,9
28036,9
28037,9
28038,9
28039,1
28040,9
28041,2
28042,0
28043,9
28044,9
28045,9
28046,9
28047,9
28048,0
28049,9
28050,9
28051,9
28052,9
28053,9
28054,9
28055,9
28056,9
28057,7
28058,9
28059,9
28060,9
28061,0
28062,9
28063,9
28064,9
28065,9
28066,9
28067,9
28068,9
28069,9
28070,9
28071,9
28072,9
28073,9
28074,9
28075,9
28076,9
28077,9
28078,7
28079,1
28080,9
28081,9
28082,9
28083,9
28084,9
28085,9
28086,9
28087,7
28088,9
28089,9
28090,9
28091,9
28092,9
28093,1
28094,9
28095,9
28096,9
28097,9
28098,9
28099,9
28100,9
28101,9
28102,9
28103,0
28104,2
28105,9
28106,9
28107,9
28108,9
28109,9
28110,9
28111,9
28112,9
28113,9
28114,9
28115,9
28116,9
28117,9
28118,9
28119,9
28120,9
28121,9
28122,9
28123,9
28124,9
28125,9
28126,9
28127,9
28128,0
28129,9
28130,9
28131,9
28132,9
28133,9
28134,9
28135,1
28136,9
28137,9
28138,9
28139,0
28140,9
28141,9
28142,9
28143,9
28144,9
28145,9
28146,9
28147,9
28148,9
28149,9
28150,5
28151,9
28152,9
28153,9
28154,9
28155,9
28156,9
28157,9
28158,9
28159,9
28160,9
28161,9
28162,9
28163,9
28164,9
28165,9
28166,9
28167,0
28168,9
28169,9
28170,9
28171,9
28172,9
28173,9
28174,0
28175,9
28176,9
28177,9
28178,9
28179,9
28180,9
28181,9
28182,9
28183,0
28184,9
28185,9
28186,9
28187,9
28188,9
28189,9
28190,9
28191,9
28192,9
28193,9
28194,9
28195,9
28196,9
28197,9
28198,9
28199,9
28200,9
28201,9
28202,9
28203,9
28204,9
28205,9
28206,9
28207,9
28208,9
28209,9
28210,9
28211,9
28212,9
28213,9
28214,9
28215,9
28216,9
28217,9
28218,9
28219,9
28220,9
28221,9
28222,9
28223,9
28224,9
28225,9
28226,9
28227,9
28228,9
28229,9
28230,9
28231,9
28232,9
28233,9
28234,9
28235,9
28236,9
28237,9
28238,9
28239,9
28240,9
28241,9
28242,9
28243,9
28244,9
28245,0
28246,9
28247,9
28248,9
28249,9
28250,9
28251,9
28252,9
28253,9
28254,9
28255,9
28256,9
28257,9
28258,9
28259,9
28260,9
28261,9
28262,9
28263,9
28264,9
28265,9
28266,9
28267,9
28268,9
28269,9
28270,9
28271,9
28272,9
28273,0
28274,9
28275,9
28276,9
28277,9
28278,9
28279,9
28280,2
28281,9
28282,9
28283,5
28284,9
28285,9
28286,9
28287,9
28288,9
28289,9
28290,9
28291,9
28292,9
28293,9
28294,9
28295,9
28296,9
28297,9
28298,9
28299,9
28300,0
28301,9
28302,7
28303,9
28304,9
28305,9
28306,9
28307,9
28308,9
28309,9
28310,9
28311,9
28312,9
28313,9
28314,9
28315,9
28316,9
28317,9
28318,9
28319,9
28320,9
28321,9
28322,9
28323,7
28324,9
28325,9
28326,9
28327,9
28328,9
28329,9
28330,9
28331,9
28332,9
28333,9
28334,9
28335,9
28336,9
28337,3
28338,0
28339,9
28340,9
28341,2
28342,9
28343,9
28344,9
28345,9
28346,9
28347,9
28348,7
28349,9
28350,7
28351,9
28352,9
28353,9
28354,9
28355,9
28356,9
28357,9
28358,9
28359,9
28360,9
28361,9
