,labels
0,0
1,0
2,0
3,4
4,4
5,0
6,0
7,0
8,4
9,0
10,0
11,0
12,0
13,0
14,4
15,0
16,0
17,0
18,0
19,0
20,0
21,0
22,4
23,0
24,0
25,0
26,0
27,0
28,0
29,0
30,0
31,0
32,4
33,0
34,0
35,0
36,4
37,0
38,0
39,0
40,2
41,0
42,0
43,4
44,0
45,0
46,0
47,0
48,0
49,0
50,0
51,0
52,0
53,0
54,0
55,0
56,0
57,0
58,0
59,0
60,0
61,0
62,0
63,0
64,0
65,0
66,0
67,0
68,0
69,0
70,0
71,0
72,4
73,0
74,0
75,0
76,0
77,4
78,0
79,0
80,0
81,4
82,0
83,0
84,0
85,0
86,0
87,4
88,0
89,4
90,0
91,0
92,0
93,0
94,0
95,0
96,4
97,0
98,0
99,4
100,0
101,0
102,0
103,4
104,0
105,4
106,0
107,4
108,0
109,0
110,4
111,0
112,3
113,0
114,4
115,0
116,0
117,4
118,4
119,4
120,0
121,4
122,0
123,4
124,4
125,0
126,4
127,0
128,0
129,4
130,0
131,0
132,0
133,0
134,4
135,0
136,0
137,0
138,4
139,0
140,0
141,0
142,0
143,0
144,0
145,0
146,0
147,0
148,0
149,0
150,0
151,4
152,0
153,4
154,0
155,0
156,0
157,0
158,0
159,0
160,0
161,0
162,4
163,0
164,4
165,4
166,4
167,0
168,4
169,0
170,0
171,4
172,0
173,0
174,4
175,0
176,0
177,4
178,4
179,0
180,4
181,0
182,0
183,0
184,0
185,0
186,0
187,0
188,4
189,0
190,0
191,4
192,4
193,0
194,0
195,0
196,0
197,0
198,4
199,0
200,0
201,0
202,4
203,0
204,0
205,0
206,0
207,0
208,0
209,0
210,0
211,0
212,0
213,0
214,0
215,0
216,0
217,0
218,4
219,0
220,4
221,0
222,4
223,4
224,4
225,0
226,0
227,0
228,0
229,0
230,0
231,0
232,0
233,4
234,0
235,0
236,0
237,0
238,0
239,4
240,4
241,0
242,0
243,0
244,0
245,0
246,0
247,2
248,4
249,4
250,0
251,0
252,4
253,0
254,0
255,4
256,0
257,0
258,0
259,0
260,0
261,0
262,0
263,0
264,3
265,0
266,4
267,0
268,0
269,4
270,0
271,4
272,0
273,0
274,0
275,0
276,0
277,4
278,0
279,0
280,0
281,0
282,4
283,0
284,0
285,0
286,0
287,0
288,0
289,0
290,0
291,4
292,0
293,0
294,4
295,3
296,0
297,0
298,4
299,0
300,4
301,0
302,0
303,4
304,0
305,0
306,0
307,0
308,0
309,0
310,0
311,0
312,0
313,4
314,0
315,0
316,0
317,0
318,0
319,0
320,4
321,0
322,0
323,0
324,0
325,4
326,0
327,0
328,4
329,4
330,4
331,0
332,0
333,0
334,0
335,0
336,4
337,4
338,0
339,4
340,5
341,0
342,4
343,0
344,0
345,0
346,3
347,0
348,0
349,0
350,0
351,4
352,2
353,0
354,0
355,0
356,0
357,4
358,0
359,4
360,0
361,0
362,0
363,0
364,0
365,3
366,0
367,0
368,0
369,0
370,2
371,0
372,4
373,0
374,4
375,4
376,0
377,0
378,0
379,0
380,0
381,0
382,4
383,0
384,4
385,0
386,4
387,0
388,0
389,0
390,0
391,4
392,0
393,0
394,4
395,0
396,0
397,0
398,0
399,0
400,0
401,4
402,0
403,0
404,0
405,4
406,0
407,0
408,4
409,0
410,0
411,0
412,0
413,4
414,4
415,0
416,4
417,0
418,0
419,0
420,0
421,0
422,0
423,0
424,0
425,0
426,0
427,0
428,0
429,0
430,0
431,0
432,0
433,0
434,0
435,4
436,0
437,0
438,0
439,0
440,0
441,0
442,4
443,4
444,0
445,4
446,4
447,0
448,1
449,0
450,0
451,3
452,0
453,0
454,0
455,0
456,0
457,0
458,0
459,0
460,0
461,4
462,0
463,0
464,0
465,0
466,0
467,3
468,0
469,0
470,0
471,0
472,0
473,4
474,0
475,0
476,0
477,4
478,2
479,0
480,4
481,0
482,0
483,4
484,0
485,0
486,0
487,0
488,0
489,0
490,0
491,0
492,0
493,0
494,0
495,0
496,2
497,0
498,0
499,0
500,0
501,4
502,0
503,0
504,4
505,4
506,0
507,0
508,4
509,4
510,0
511,0
512,0
513,0
514,0
515,0
516,0
517,0
518,0
519,0
520,3
521,0
522,0
523,3
524,0
525,0
526,0
527,0
528,4
529,0
530,0
531,3
532,0
533,0
534,4
535,0
536,3
537,0
538,0
539,0
540,0
541,4
542,4
543,0
544,4
545,4
546,0
547,4
548,4
549,4
550,0
551,3
552,4
553,2
554,0
555,0
556,4
557,0
558,0
559,4
560,2
561,0
562,0
563,4
564,0
565,0
566,0
567,0
568,0
569,0
570,0
571,0
572,4
573,0
574,0
575,0
576,4
577,4
578,0
579,0
580,4
581,4
582,0
583,0
584,0
585,0
586,4
587,0
588,0
589,4
590,4
591,0
592,4
593,4
594,0
595,0
596,0
597,0
598,4
599,0
600,3
601,0
602,4
603,0
604,0
605,0
606,0
607,0
608,4
609,0
610,0
611,0
612,0
613,4
614,0
615,0
616,0
617,0
618,0
619,0
620,0
621,0
622,0
623,0
624,0
625,0
626,0
627,0
628,0
629,0
630,0
631,4
632,0
633,4
634,0
635,0
636,4
637,0
638,0
639,0
640,0
641,0
642,1
643,0
644,0
645,0
646,0
647,0
648,4
649,3
650,0
651,0
652,0
653,4
654,0
655,0
656,0
657,0
658,0
659,4
660,0
661,0
662,3
663,2
664,4
665,0
666,0
667,4
668,0
669,0
670,0
671,4
672,0
673,2
674,0
675,0
676,0
677,0
678,0
679,0
680,0
681,0
682,0
683,4
684,0
685,0
686,0
687,0
688,4
689,4
690,0
691,4
692,0
693,0
694,0
695,0
696,2
697,3
698,0
699,0
700,0
701,3
702,0
703,0
704,0
705,4
706,0
707,0
708,0
709,4
710,0
711,0
712,0
713,0
714,0
715,0
716,4
717,0
718,0
719,2
720,0
721,3
722,0
723,0
724,2
725,0
726,0
727,0
728,0
729,4
730,0
731,0
732,3
733,0
734,0
735,4
736,0
737,0
738,0
739,0
740,4
741,0
742,0
743,2
744,0
745,0
746,0
747,0
748,0
749,0
750,0
751,0
752,3
753,0
754,0
755,0
756,0
757,0
758,0
759,0
760,0
761,0
762,0
763,0
764,0
765,4
766,0
767,3
768,0
769,3
770,3
771,0
772,4
773,0
774,0
775,4
776,4
777,0
778,0
779,0
780,0
781,0
782,0
783,4
784,0
785,4
786,0
787,4
788,0
789,0
790,0
791,0
792,4
793,2
794,0
795,0
796,0
797,0
798,0
799,0
800,0
801,0
802,3
803,3
804,2
805,4
806,0
807,1
808,0
809,0
810,0
811,0
812,0
813,0
814,1
815,4
816,0
817,0
818,0
819,0
820,0
821,0
822,0
823,0
824,0
825,0
826,3
827,0
828,0
829,0
830,3
831,4
832,4
833,0
834,4
835,0
836,0
837,0
838,4
839,0
840,0
841,3
842,4
843,0
844,0
845,0
846,0
847,3
848,0
849,0
850,4
851,0
852,0
853,0
854,0
855,0
856,0
857,0
858,0
859,0
860,4
861,3
862,4
863,0
864,0
865,0
866,3
867,0
868,0
869,0
870,4
871,4
872,0
873,0
874,0
875,0
876,4
877,0
878,0
879,2
880,0
881,0
882,0
883,0
884,0
885,0
886,4
887,0
888,0
889,0
890,3
891,0
892,0
893,0
894,3
895,0
896,0
897,0
898,3
899,0
900,4
901,0
902,4
903,0
904,0
905,0
906,0
907,0
908,0
909,4
910,0
911,0
912,3
913,0
914,0
915,4
916,4
917,0
918,0
919,0
920,0
921,4
922,0
923,0
924,0
925,4
926,0
927,0
928,2
929,0
930,4
931,2
932,0
933,0
934,0
935,0
936,0
937,0
938,0
939,2
940,0
941,0
942,0
943,0
944,0
945,0
946,0
947,0
948,4
949,0
950,0
951,0
952,0
953,0
954,0
955,0
956,0
957,0
958,0
959,4
960,3
961,2
962,4
963,0
964,0
965,0
966,0
967,5
968,4
969,0
970,0
971,0
972,0
973,0
974,2
975,0
976,4
977,0
978,3
979,0
980,0
981,0
982,0
983,4
984,0
985,0
986,4
987,3
988,0
989,0
990,0
991,2
992,3
993,0
994,0
995,0
996,4
997,2
998,0
999,0
1000,0
1001,0
1002,3
1003,3
1004,0
1005,2
1006,0
1007,0
1008,2
1009,0
1010,3
1011,4
1012,0
1013,0
1014,3
1015,0
1016,0
1017,0
1018,0
1019,0
1020,0
1021,2
1022,4
1023,0
1024,0
1025,0
1026,0
1027,0
1028,0
1029,0
1030,0
1031,0
1032,0
1033,4
1034,0
1035,0
1036,0
1037,0
1038,4
1039,0
1040,4
1041,4
1042,0
1043,4
1044,0
1045,0
1046,0
1047,0
1048,2
1049,0
1050,0
1051,0
1052,0
1053,0
1054,4
1055,0
1056,0
1057,0
1058,0
1059,0
1060,0
1061,3
1062,0
1063,0
1064,0
1065,0
1066,0
1067,0
1068,0
1069,0
1070,0
1071,0
1072,2
1073,0
1074,0
1075,0
1076,0
1077,0
1078,0
1079,2
1080,0
1081,0
1082,0
1083,0
1084,3
1085,2
1086,0
1087,0
1088,2
1089,0
1090,0
1091,0
1092,0
1093,2
1094,0
1095,2
1096,3
1097,0
1098,0
1099,0
1100,0
1101,0
1102,0
1103,0
1104,0
1105,0
1106,0
1107,0
1108,2
1109,0
1110,0
1111,0
1112,0
1113,0
1114,0
1115,0
1116,0
1117,0
1118,0
1119,0
1120,0
1121,0
1122,4
1123,0
1124,0
1125,0
1126,0
1127,0
1128,0
1129,0
1130,4
1131,0
1132,4
1133,2
1134,0
1135,0
1136,0
1137,0
1138,0
1139,0
1140,0
1141,0
1142,4
1143,0
1144,4
1145,0
1146,0
1147,0
1148,0
1149,0
1150,3
1151,2
1152,0
1153,0
1154,0
1155,0
1156,0
1157,0
1158,0
1159,0
1160,0
1161,0
1162,0
1163,0
1164,0
1165,2
1166,2
1167,5
1168,4
1169,0
1170,0
1171,0
1172,4
1173,0
1174,2
1175,0
1176,2
1177,0
1178,0
1179,0
1180,3
1181,0
1182,0
1183,0
1184,4
1185,0
1186,0
1187,0
1188,4
1189,4
1190,0
1191,0
1192,0
1193,0
1194,0
1195,0
1196,0
1197,0
1198,0
1199,0
1200,0
1201,4
1202,0
1203,0
1204,0
1205,2
1206,2
1207,4
1208,2
1209,2
1210,2
1211,0
1212,2
1213,2
1214,0
1215,0
1216,0
1217,0
1218,2
1219,0
1220,2
1221,0
1222,0
1223,0
1224,4
1225,0
1226,0
1227,0
1228,0
1229,0
1230,4
1231,0
1232,2
1233,0
1234,0
1235,0
1236,0
1237,0
1238,0
1239,0
1240,0
1241,3
1242,2
1243,4
1244,0
1245,0
1246,0
1247,0
1248,0
1249,0
1250,0
1251,2
1252,0
1253,0
1254,0
1255,0
1256,0
1257,0
1258,3
1259,3
1260,0
1261,0
1262,0
1263,0
1264,0
1265,3
1266,0
1267,4
1268,1
1269,2
1270,4
1271,3
1272,0
1273,4
1274,0
1275,4
1276,4
1277,0
1278,0
1279,0
1280,4
1281,0
1282,2
1283,0
1284,0
1285,0
1286,3
1287,0
1288,0
1289,0
1290,0
1291,0
1292,0
1293,0
1294,2
1295,0
1296,0
1297,2
1298,0
1299,2
1300,0
1301,4
1302,0
1303,0
1304,0
1305,2
1306,0
1307,0
1308,2
1309,3
1310,0
1311,1
1312,0
1313,0
1314,4
1315,0
1316,0
1317,2
1318,2
1319,0
1320,0
1321,0
1322,0
1323,0
1324,0
1325,2
1326,0
1327,3
1328,0
1329,0
1330,0
1331,4
1332,0
1333,0
1334,0
1335,4
1336,0
1337,0
1338,4
1339,0
1340,0
1341,0
1342,0
1343,0
1344,2
1345,4
1346,0
1347,0
1348,3
1349,2
1350,3
1351,0
1352,2
1353,3
1354,0
1355,2
1356,0
1357,0
1358,0
1359,0
1360,2
1361,0
1362,0
1363,0
1364,4
1365,0
1366,3
1367,0
1368,0
1369,0
1370,0
1371,4
1372,0
1373,3
1374,0
1375,0
1376,0
1377,0
1378,0
1379,0
1380,0
1381,3
1382,0
1383,0
1384,0
1385,0
1386,0
1387,0
1388,0
1389,2
1390,4
1391,3
1392,0
1393,0
1394,0
1395,2
1396,0
1397,0
1398,0
1399,0
1400,0
1401,0
1402,0
1403,0
1404,0
1405,0
1406,0
1407,0
1408,0
1409,0
1410,0
1411,0
1412,0
1413,4
1414,0
1415,0
1416,0
1417,0
1418,0
1419,0
1420,0
1421,0
1422,1
1423,0
1424,0
1425,0
1426,0
1427,1
1428,0
1429,0
1430,0
1431,2
1432,4
1433,4
1434,2
1435,0
1436,4
1437,0
1438,4
1439,0
1440,0
1441,0
1442,0
1443,0
1444,0
1445,3
1446,0
1447,0
1448,0
1449,0
1450,4
1451,4
1452,0
1453,0
1454,0
1455,0
1456,2
1457,2
1458,0
1459,0
1460,0
1461,0
1462,0
1463,0
1464,0
1465,5
1466,0
1467,0
1468,0
1469,5
1470,0
1471,0
1472,2
1473,4
1474,0
1475,5
1476,0
1477,2
1478,4
1479,0
1480,0
1481,0
1482,0
1483,4
1484,3
1485,0
1486,0
1487,2
1488,0
1489,2
1490,0
1491,4
1492,0
1493,0
1494,0
1495,4
1496,0
1497,3
1498,0
1499,0
1500,2
1501,2
1502,2
1503,0
1504,0
1505,0
1506,0
1507,0
1508,2
1509,3
1510,0
1511,0
1512,3
1513,0
1514,0
1515,0
1516,3
1517,2
1518,0
1519,5
1520,0
1521,4
1522,2
1523,0
1524,0
1525,0
1526,1
1527,0
1528,0
1529,0
1530,4
1531,2
1532,0
1533,0
1534,0
1535,0
1536,0
1537,0
1538,0
1539,2
1540,0
1541,0
1542,0
1543,0
1544,3
1545,0
1546,0
1547,0
1548,0
1549,0
1550,3
1551,0
1552,1
1553,4
1554,0
1555,2
1556,0
1557,3
1558,3
1559,0
1560,0
1561,1
1562,0
1563,0
1564,0
1565,2
1566,4
1567,1
1568,0
1569,0
1570,0
1571,4
1572,2
1573,0
1574,0
1575,0
1576,0
1577,0
1578,2
1579,4
1580,2
1581,0
1582,0
1583,0
1584,0
1585,0
1586,0
1587,2
1588,0
1589,3
1590,0
1591,0
1592,0
1593,0
1594,0
1595,2
1596,0
1597,0
1598,0
1599,0
1600,0
1601,0
1602,0
1603,0
1604,0
1605,0
1606,0
1607,0
1608,2
1609,2
1610,0
1611,2
1612,0
1613,0
1614,0
1615,0
1616,0
1617,0
1618,2
1619,2
1620,4
1621,3
1622,2
1623,2
1624,0
1625,0
1626,0
1627,0
1628,4
1629,0
1630,0
1631,0
1632,0
1633,2
1634,3
1635,0
1636,0
1637,2
1638,0
1639,0
1640,2
1641,3
1642,3
1643,0
1644,2
1645,0
1646,2
1647,2
1648,0
1649,0
1650,2
1651,0
1652,0
1653,0
1654,0
1655,0
1656,5
1657,0
1658,0
1659,0
1660,0
1661,2
1662,3
1663,0
1664,0
1665,4
1666,2
1667,4
1668,0
1669,3
1670,0
1671,0
1672,0
1673,0
1674,4
1675,3
1676,0
1677,0
1678,0
1679,1
1680,0
1681,0
1682,0
1683,1
1684,3
1685,2
1686,2
1687,0
1688,0
1689,0
1690,0
1691,0
1692,4
1693,3
1694,0
1695,5
1696,0
1697,4
1698,0
1699,4
1700,0
1701,0
1702,0
1703,0
1704,0
1705,0
1706,0
1707,2
1708,0
1709,0
1710,0
1711,0
1712,3
1713,0
1714,0
1715,0
1716,0
1717,0
1718,0
1719,0
1720,5
1721,2
1722,3
1723,0
1724,0
1725,0
1726,2
1727,0
1728,0
1729,0
1730,4
1731,0
1732,0
1733,0
1734,2
1735,0
1736,5
1737,4
1738,4
1739,0
1740,5
1741,0
1742,4
1743,0
1744,4
1745,0
1746,2
1747,0
1748,2
1749,0
1750,2
1751,0
1752,0
1753,0
1754,4
1755,0
1756,4
1757,0
1758,4
1759,0
1760,0
1761,4
1762,3
1763,3
1764,4
1765,0
1766,2
1767,4
1768,2
1769,2
1770,0
1771,0
1772,2
1773,0
1774,0
1775,2
1776,0
1777,4
1778,0
1779,3
1780,2
1781,0
1782,0
1783,0
1784,3
1785,0
1786,0
1787,0
1788,0
1789,3
1790,4
1791,0
1792,0
1793,2
1794,0
1795,2
1796,2
1797,5
1798,0
1799,4
1800,0
1801,3
1802,2
1803,0
1804,0
1805,0
1806,0
1807,2
1808,0
1809,3
1810,2
1811,0
1812,0
1813,3
1814,0
1815,4
1816,5
1817,0
1818,5
1819,2
1820,4
1821,2
1822,2
1823,0
1824,0
1825,0
1826,0
1827,2
1828,0
1829,0
1830,0
1831,0
1832,0
1833,2
1834,5
1835,0
1836,4
1837,0
1838,0
1839,0
1840,0
1841,0
1842,3
1843,2
1844,0
1845,0
1846,2
1847,1
1848,0
1849,2
1850,0
1851,3
1852,0
1853,0
1854,0
1855,3
1856,0
1857,1
1858,0
1859,0
1860,2
1861,0
1862,2
1863,0
1864,2
1865,0
1866,5
1867,1
1868,0
1869,0
1870,0
1871,2
1872,0
1873,0
1874,3
1875,0
1876,0
1877,3
1878,0
1879,0
1880,2
1881,0
1882,1
1883,2
1884,0
1885,4
1886,3
1887,2
1888,0
1889,0
1890,0
1891,0
1892,0
1893,0
1894,0
1895,4
1896,5
1897,0
1898,0
1899,4
1900,3
1901,3
1902,0
1903,0
1904,0
1905,0
1906,0
1907,0
1908,0
1909,0
1910,2
1911,0
1912,2
1913,0
1914,0
1915,2
1916,0
1917,0
1918,0
1919,4
1920,0
1921,5
1922,0
1923,0
1924,2
1925,2
1926,0
1927,0
1928,2
1929,0
1930,0
1931,2
1932,2
1933,3
1934,5
1935,0
1936,4
1937,0
1938,0
1939,0
1940,3
1941,4
1942,0
1943,2
1944,0
1945,4
1946,4
1947,0
1948,0
1949,2
1950,0
1951,2
1952,2
1953,2
1954,2
1955,2
1956,0
1957,4
1958,0
1959,2
1960,3
1961,2
1962,5
1963,0
1964,0
1965,0
1966,0
1967,0
1968,2
1969,5
1970,4
1971,0
1972,0
1973,0
1974,0
1975,0
1976,5
1977,3
1978,0
1979,5
1980,5
1981,0
1982,3
1983,3
1984,5
1985,0
1986,3
1987,0
1988,2
1989,0
1990,0
1991,0
1992,2
1993,5
1994,4
1995,0
1996,0
1997,5
1998,0
1999,0
2000,2
2001,5
2002,0
2003,3
2004,3
2005,0
2006,3
2007,0
2008,3
2009,2
2010,2
2011,2
2012,0
2013,3
2014,4
2015,5
2016,5
2017,2
2018,0
2019,3
2020,3
2021,0
2022,2
2023,2
2024,3
2025,2
2026,1
2027,0
2028,3
2029,3
2030,3
2031,3
2032,1
2033,0
2034,0
2035,0
2036,0
2037,2
2038,3
2039,0
2040,0
2041,0
2042,0
2043,0
2044,0
2045,0
2046,0
2047,0
2048,2
2049,4
2050,0
2051,2
2052,0
2053,2
2054,0
2055,4
2056,0
2057,0
2058,0
2059,0
2060,4
2061,3
2062,2
2063,3
2064,3
2065,0
2066,0
2067,5
2068,2
2069,3
2070,0
2071,0
2072,2
2073,0
2074,2
2075,2
2076,3
2077,3
2078,2
2079,3
2080,0
2081,2
2082,0
2083,2
2084,2
2085,0
2086,4
2087,1
2088,2
2089,2
2090,3
2091,0
2092,2
2093,0
2094,5
2095,0
2096,0
2097,2
2098,0
2099,0
2100,2
2101,2
2102,4
2103,5
2104,4
2105,0
2106,3
2107,4
2108,3
2109,0
2110,3
2111,4
2112,1
2113,2
2114,0
2115,0
2116,0
2117,5
2118,1
2119,2
2120,0
2121,3
2122,2
2123,5
2124,0
2125,2
2126,0
2127,4
2128,2
2129,3
2130,2
2131,0
2132,5
2133,0
2134,0
2135,2
2136,1
2137,0
2138,0
2139,0
2140,3
2141,5
2142,0
2143,2
2144,3
2145,0
2146,3
2147,5
2148,3
2149,5
2150,0
2151,2
2152,2
2153,1
2154,4
2155,2
2156,0
2157,0
2158,3
2159,0
2160,4
2161,1
2162,2
2163,0
2164,0
2165,3
2166,0
2167,3
2168,4
2169,0
2170,2
2171,0
2172,0
2173,2
2174,4
2175,3
2176,2
2177,4
2178,0
2179,2
2180,0
2181,2
2182,3
2183,0
2184,0
2185,2
2186,3
2187,5
2188,0
2189,2
2190,0
2191,0
2192,0
2193,5
2194,0
2195,2
2196,2
2197,2
2198,0
2199,3
2200,0
2201,0
2202,3
2203,0
2204,3
2205,0
2206,0
2207,5
2208,3
2209,2
2210,3
2211,0
2212,0
2213,0
2214,2
2215,3
2216,2
2217,0
2218,4
2219,2
2220,5
2221,0
2222,5
2223,3
2224,1
2225,5
2226,2
2227,0
2228,5
2229,4
2230,0
2231,3
2232,3
2233,2
2234,2
2235,5
2236,3
2237,3
2238,0
2239,2
2240,3
2241,3
2242,2
2243,5
2244,2
2245,2
2246,3
2247,0
2248,5
2249,0
2250,4
2251,3
2252,3
2253,5
2254,0
2255,0
2256,1
2257,3
2258,3
2259,2
2260,0
2261,0
2262,0
2263,2
2264,5
2265,1
2266,4
2267,0
2268,0
2269,2
2270,5
2271,0
2272,0
2273,5
2274,5
2275,0
2276,5
2277,0
2278,5
2279,3
2280,2
2281,0
2282,3
2283,5
2284,0
2285,2
2286,3
2287,5
2288,5
2289,3
2290,0
2291,3
2292,5
2293,0
2294,1
2295,2
2296,5
2297,0
2298,2
2299,0
2300,0
2301,3
2302,2
2303,0
2304,3
2305,5
2306,3
2307,3
2308,2
2309,0
2310,3
2311,0
2312,3
2313,2
2314,0
2315,4
2316,3
2317,2
2318,3
2319,3
2320,3
2321,3
2322,4
2323,0
2324,2
2325,0
2326,0
2327,0
2328,5
2329,3
2330,2
2331,1
2332,2
2333,3
2334,0
2335,2
2336,2
2337,0
2338,4
2339,3
2340,1
2341,5
2342,0
2343,5
2344,0
2345,3
2346,2
2347,1
2348,3
2349,3
2350,0
2351,1
2352,0
2353,4
2354,3
2355,0
2356,2
2357,2
2358,2
2359,3
2360,3
2361,0
2362,0
2363,5
2364,2
2365,2
2366,2
2367,2
2368,3
2369,3
2370,5
2371,3
2372,0
2373,3
2374,4
2375,5
2376,5
2377,5
2378,2
2379,4
2380,2
2381,0
2382,2
2383,5
2384,0
2385,1
2386,2
2387,0
2388,0
2389,3
2390,5
2391,0
2392,5
2393,4
2394,0
2395,3
2396,0
2397,0
2398,0
2399,1
2400,0
2401,3
2402,3
2403,4
2404,0
2405,0
2406,0
2407,0
2408,1
2409,3
2410,5
2411,2
2412,0
2413,3
2414,3
2415,1
2416,0
2417,0
2418,3
2419,4
2420,2
2421,0
2422,2
2423,2
2424,0
2425,2
2426,0
2427,3
2428,5
2429,3
2430,4
2431,4
2432,0
2433,2
2434,0
2435,0
2436,0
2437,3
2438,5
2439,4
2440,0
2441,0
2442,5
2443,2
2444,0
2445,2
2446,0
2447,2
2448,3
2449,0
2450,2
2451,0
2452,2
2453,0
2454,5
2455,0
2456,0
2457,0
2458,3
2459,3
2460,0
2461,0
2462,0
2463,1
2464,2
2465,5
2466,3
2467,2
2468,2
2469,5
2470,5
2471,5
2472,3
2473,2
2474,0
2475,1
2476,0
2477,0
2478,2
2479,5
2480,2
2481,5
2482,4
2483,5
2484,5
2485,0
2486,5
2487,2
2488,0
2489,5
2490,0
2491,5
2492,2
2493,3
2494,2
2495,0
2496,2
2497,3
2498,2
2499,0
2500,2
2501,2
2502,5
2503,5
2504,1
2505,2
2506,5
2507,0
2508,3
2509,5
2510,2
2511,3
2512,4
2513,1
2514,4
2515,0
2516,5
2517,5
2518,4
2519,0
2520,5
2521,0
2522,0
2523,5
2524,3
2525,0
2526,2
2527,5
2528,5
2529,0
2530,2
2531,5
2532,5
2533,3
2534,5
2535,3
2536,1
2537,2
2538,4
2539,4
2540,0
2541,3
2542,3
2543,2
2544,1
2545,5
2546,2
2547,5
2548,1
2549,5
2550,3
2551,5
2552,2
2553,3
2554,1
2555,0
2556,2
2557,3
2558,0
2559,1
2560,3
2561,3
2562,2
2563,2
2564,3
2565,2
2566,0
2567,3
2568,3
2569,2
2570,3
2571,3
2572,3
2573,5
2574,1
2575,2
2576,2
2577,1
2578,5
2579,1
2580,3
2581,5
2582,2
2583,5
2584,0
2585,4
2586,3
2587,5
2588,5
2589,5
2590,3
2591,0
2592,2
2593,5
2594,5
2595,3
2596,3
2597,3
2598,5
2599,4
2600,3
2601,5
2602,3
2603,0
2604,2
2605,2
2606,3
2607,0
2608,0
2609,3
2610,3
2611,2
2612,0
2613,3
2614,3
2615,0
2616,2
2617,3
2618,0
2619,5
2620,5
2621,0
2622,2
2623,2
2624,2
2625,3
2626,1
2627,2
2628,3
2629,4
2630,2
2631,3
2632,5
2633,0
2634,2
2635,5
2636,2
2637,3
2638,2
2639,0
2640,1
2641,5
2642,5
2643,3
2644,2
2645,3
2646,3
2647,5
2648,3
2649,5
2650,3
2651,3
2652,0
2653,0
2654,2
2655,0
2656,1
2657,5
2658,3
2659,3
2660,3
2661,4
2662,2
2663,2
2664,3
2665,5
2666,5
2667,2
2668,3
2669,4
2670,5
2671,2
2672,3
2673,0
2674,0
2675,1
2676,2
2677,0
2678,2
2679,5
2680,3
2681,3
2682,2
2683,3
2684,3
2685,0
2686,3
2687,3
2688,0
2689,5
2690,5
2691,3
2692,4
2693,3
2694,5
2695,3
2696,0
2697,2
2698,0
2699,0
2700,3
2701,3
2702,2
2703,2
2704,2
2705,3
2706,1
2707,0
2708,0
2709,0
2710,2
2711,5
2712,3
2713,3
2714,5
2715,1
2716,1
2717,3
2718,2
2719,5
2720,0
2721,3
2722,0
2723,5
2724,2
2725,2
2726,3
2727,0
2728,0
2729,3
2730,3
2731,2
2732,1
2733,1
2734,0
2735,2
2736,1
2737,5
2738,5
2739,2
2740,3
2741,2
2742,0
2743,3
2744,5
2745,3
2746,5
2747,5
2748,2
2749,0
2750,5
2751,0
2752,5
2753,5
2754,2
2755,2
2756,5
2757,5
2758,3
2759,5
2760,2
2761,5
2762,2
2763,4
2764,3
2765,2
2766,1
2767,2
2768,0
2769,5
2770,1
2771,3
2772,5
2773,0
2774,3
2775,5
2776,2
2777,0
2778,5
2779,0
2780,5
2781,5
2782,2
2783,2
2784,3
2785,2
2786,5
2787,2
2788,3
2789,4
2790,2
2791,2
2792,2
2793,0
2794,2
2795,5
2796,3
2797,3
2798,1
2799,1
2800,3
2801,5
2802,5
2803,2
2804,1
2805,5
2806,4
2807,2
2808,0
2809,2
2810,1
2811,2
2812,0
2813,3
2814,0
2815,5
2816,1
2817,4
2818,3
2819,3
2820,0
2821,1
2822,4
2823,3
2824,1
2825,2
2826,3
2827,2
2828,2
2829,2
2830,1
2831,4
2832,0
2833,3
2834,3
2835,3
2836,2
2837,0
2838,3
2839,5
2840,1
2841,5
2842,5
2843,5
2844,5
2845,5
2846,5
2847,3
2848,5
2849,3
2850,5
2851,2
2852,4
2853,3
2854,5
2855,3
2856,1
2857,5
2858,1
2859,0
2860,5
2861,3
2862,0
2863,3
2864,2
2865,0
2866,0
2867,1
2868,5
2869,3
2870,3
2871,3
2872,5
2873,0
2874,3
2875,5
2876,5
2877,4
2878,2
2879,5
2880,5
2881,3
2882,3
2883,3
2884,5
2885,3
2886,1
2887,5
2888,0
2889,5
2890,3
2891,5
2892,0
2893,5
2894,0
2895,5
2896,2
2897,5
2898,1
2899,5
2900,0
2901,4
2902,2
2903,0
2904,5
2905,3
2906,3
2907,3
2908,5
2909,2
2910,3
2911,5
2912,5
2913,0
2914,4
2915,3
2916,3
2917,0
2918,2
2919,4
2920,3
2921,0
2922,3
2923,5
2924,2
2925,5
2926,2
2927,2
2928,5
2929,1
2930,3
2931,4
2932,2
2933,0
2934,0
2935,5
2936,3
2937,0
2938,5
2939,2
2940,0
2941,2
2942,2
2943,5
2944,5
2945,0
2946,3
2947,5
2948,3
2949,0
2950,1
2951,2
2952,1
2953,2
2954,5
2955,2
2956,5
2957,5
2958,0
2959,3
2960,0
2961,0
2962,0
2963,5
2964,4
2965,2
2966,3
2967,3
2968,2
2969,5
2970,4
2971,3
2972,4
2973,2
2974,5
2975,5
2976,2
2977,0
2978,2
2979,2
2980,2
2981,3
2982,3
2983,2
2984,0
2985,0
2986,5
2987,3
2988,5
2989,4
2990,2
2991,5
2992,5
2993,3
2994,2
2995,4
2996,1
2997,5
2998,5
2999,2
3000,5
3001,3
3002,3
3003,3
3004,1
3005,5
3006,5
3007,5
3008,3
3009,3
3010,5
3011,5
3012,3
3013,4
3014,1
3015,3
3016,1
3017,4
3018,0
3019,3
3020,5
3021,3
3022,5
3023,5
3024,1
3025,0
3026,3
3027,5
3028,3
3029,3
3030,5
3031,5
3032,0
3033,2
3034,4
3035,0
3036,0
3037,3
3038,0
3039,5
3040,2
3041,5
3042,2
3043,2
3044,1
3045,3
3046,5
3047,2
3048,0
3049,3
3050,3
3051,1
3052,1
3053,2
3054,3
3055,1
3056,3
3057,2
3058,5
3059,5
3060,5
3061,3
3062,2
3063,4
3064,2
3065,2
3066,3
3067,0
3068,0
3069,2
3070,5
3071,2
3072,3
3073,2
3074,5
3075,2
3076,3
3077,3
3078,3
3079,3
3080,3
3081,0
3082,3
3083,5
3084,1
3085,5
3086,5
3087,0
3088,0
3089,5
3090,3
3091,1
3092,2
3093,1
3094,3
3095,2
3096,3
3097,0
3098,0
3099,3
3100,3
3101,2
3102,2
3103,2
3104,5
3105,5
3106,5
3107,3
3108,2
3109,5
3110,5
3111,2
3112,3
3113,0
3114,2
3115,2
3116,2
3117,5
3118,3
3119,5
3120,2
3121,3
3122,5
3123,3
3124,5
3125,4
3126,2
3127,5
3128,5
3129,2
3130,0
3131,3
3132,2
3133,2
3134,3
3135,3
3136,2
3137,3
3138,4
3139,5
3140,2
3141,5
3142,3
3143,2
3144,3
3145,3
3146,5
3147,0
3148,0
3149,4
3150,5
3151,1
3152,4
3153,5
3154,1
3155,5
3156,3
3157,3
3158,3
3159,0
3160,5
3161,3
3162,5
3163,0
3164,2
3165,2
3166,3
3167,2
3168,5
3169,5
3170,4
3171,0
3172,3
3173,2
3174,0
3175,5
3176,3
3177,2
3178,5
3179,3
3180,5
3181,3
3182,5
3183,3
3184,3
3185,5
3186,0
3187,2
3188,2
3189,3
3190,2
3191,5
3192,2
3193,2
3194,5
3195,3
3196,5
3197,3
3198,1
3199,2
3200,3
3201,3
3202,5
3203,2
3204,1
3205,3
3206,2
3207,5
3208,3
3209,0
3210,2
3211,2
3212,5
3213,2
3214,2
3215,2
3216,2
3217,3
3218,2
3219,5
3220,2
3221,0
3222,2
3223,5
3224,2
3225,0
3226,3
3227,5
3228,4
3229,2
3230,3
3231,1
3232,5
3233,3
3234,3
3235,2
3236,0
3237,0
3238,3
3239,3
3240,3
3241,5
3242,3
3243,5
3244,0
3245,0
3246,3
3247,2
3248,0
3249,2
3250,0
3251,3
3252,0
3253,5
3254,3
3255,0
3256,3
3257,5
3258,0
3259,0
3260,5
3261,2
3262,5
3263,5
3264,0
3265,2
3266,5
3267,5
3268,0
3269,3
3270,5
3271,2
3272,3
3273,5
3274,3
3275,3
3276,3
3277,2
3278,5
3279,3
3280,3
3281,1
3282,3
3283,3
3284,3
3285,3
3286,1
3287,3
3288,2
3289,3
3290,0
3291,5
3292,3
3293,3
3294,3
3295,5
3296,3
3297,5
3298,2
3299,2
3300,4
3301,3
3302,5
3303,5
3304,2
3305,0
3306,2
3307,2
3308,4
3309,4
3310,3
3311,2
3312,3
3313,5
3314,5
3315,1
3316,5
3317,5
3318,0
3319,1
3320,3
3321,0
3322,2
3323,5
3324,5
3325,3
3326,2
3327,0
3328,1
3329,5
3330,2
3331,5
3332,5
3333,5
3334,4
3335,0
3336,5
3337,5
3338,1
3339,5
3340,1
3341,0
3342,4
3343,1
3344,5
3345,3
3346,5
3347,0
3348,3
3349,4
3350,0
3351,5
3352,4
3353,4
3354,1
3355,2
3356,2
3357,2
3358,0
3359,5
3360,4
3361,5
3362,2
3363,5
3364,5
3365,1
3366,5
3367,5
3368,3
3369,3
3370,0
3371,3
3372,1
3373,3
3374,0
3375,5
3376,2
3377,3
3378,3
3379,5
3380,1
3381,5
3382,5
3383,3
3384,5
3385,0
3386,2
3387,3
3388,3
3389,3
3390,1
3391,3
3392,2
3393,3
3394,2
3395,5
3396,2
3397,3
3398,2
3399,5
3400,3
3401,2
3402,2
3403,1
3404,2
3405,4
3406,3
3407,5
3408,2
3409,3
3410,3
3411,5
3412,5
3413,4
3414,5
3415,0
3416,2
3417,2
3418,3
3419,5
3420,5
3421,1
3422,2
3423,1
3424,5
3425,5
3426,1
3427,2
3428,4
3429,5
3430,5
3431,0
3432,2
3433,5
3434,2
3435,5
3436,5
3437,2
3438,3
3439,5
3440,2
3441,3
3442,5
3443,5
3444,2
3445,2
3446,4
3447,3
3448,5
3449,3
3450,4
3451,2
3452,5
3453,0
3454,3
3455,1
3456,2
3457,3
3458,3
3459,2
3460,2
3461,0
3462,2
3463,3
3464,2
3465,2
3466,0
3467,5
3468,1
3469,2
3470,3
3471,0
3472,3
3473,0
3474,1
3475,3
3476,5
3477,2
3478,5
3479,5
3480,3
3481,5
3482,3
3483,3
3484,1
3485,4
3486,2
3487,2
3488,5
3489,2
3490,2
3491,5
3492,3
3493,2
3494,3
3495,5
3496,2
3497,3
3498,5
3499,5
3500,3
3501,2
3502,0
3503,2
3504,0
3505,1
3506,1
3507,3
3508,4
3509,1
3510,5
3511,3
3512,3
3513,0
3514,4
3515,1
3516,3
3517,2
3518,3
3519,3
3520,3
3521,5
3522,4
3523,1
3524,3
3525,3
3526,5
3527,3
3528,1
3529,3
3530,1
3531,0
3532,0
3533,3
3534,5
3535,0
3536,1
3537,5
3538,3
3539,4
3540,5
3541,5
3542,5
3543,5
3544,3
3545,2
3546,3
3547,2
3548,3
3549,2
3550,2
3551,2
3552,2
3553,3
3554,3
3555,2
3556,1
3557,3
3558,4
3559,2
3560,0
3561,2
3562,2
3563,3
3564,2
3565,5
3566,2
3567,3
3568,4
3569,5
3570,0
3571,3
3572,3
3573,2
3574,2
3575,2
3576,3
3577,5
3578,2
3579,3
3580,3
3581,2
3582,0
3583,0
3584,1
3585,5
3586,2
3587,0
3588,3
3589,3
3590,5
3591,2
3592,3
3593,2
3594,2
3595,5
3596,1
3597,3
3598,2
3599,3
3600,4
3601,4
3602,3
3603,4
3604,2
3605,0
3606,0
3607,2
3608,0
3609,0
3610,2
3611,3
3612,2
3613,2
3614,3
3615,3
3616,5
3617,3
3618,5
3619,5
3620,2
3621,2
3622,3
3623,2
3624,3
3625,5
3626,2
3627,3
3628,5
3629,2
3630,0
3631,2
3632,5
3633,2
3634,3
3635,2
3636,2
3637,5
3638,2
3639,5
3640,3
3641,3
3642,3
3643,2
3644,1
3645,2
3646,2
3647,2
3648,1
3649,3
3650,2
3651,5
3652,5
3653,1
3654,3
3655,5
3656,5
3657,3
3658,2
3659,0
3660,0
3661,4
3662,3
3663,2
3664,5
3665,1
3666,0
3667,2
3668,2
3669,2
3670,1
3671,2
3672,2
3673,5
3674,5
3675,5
3676,2
3677,5
3678,1
3679,2
3680,5
3681,3
3682,2
3683,3
3684,3
3685,3
3686,5
3687,0
3688,5
3689,5
3690,2
3691,3
3692,3
3693,1
3694,5
3695,2
3696,2
3697,5
3698,2
3699,3
3700,4
3701,1
3702,5
3703,2
3704,1
3705,1
3706,2
3707,2
3708,4
3709,3
3710,5
3711,3
3712,3
3713,3
3714,5
3715,5
3716,1
3717,3
3718,2
3719,2
3720,2
3721,0
3722,3
3723,2
3724,3
3725,4
3726,5
3727,3
3728,2
3729,3
3730,5
3731,1
3732,1
3733,3
3734,3
3735,2
3736,5
3737,5
3738,3
3739,3
3740,5
3741,2
3742,3
3743,2
3744,5
3745,4
3746,3
3747,5
3748,3
3749,2
3750,5
3751,3
3752,5
3753,5
3754,2
3755,5
3756,3
3757,1
3758,3
3759,2
3760,3
3761,2
3762,1
3763,5
3764,2
3765,5
3766,4
3767,3
3768,0
3769,5
3770,5
3771,3
3772,1
3773,3
3774,2
3775,2
3776,3
3777,3
3778,1
3779,2
3780,2
3781,3
3782,2
3783,3
3784,2
3785,5
3786,3
3787,0
3788,5
3789,1
3790,1
3791,0
3792,2
3793,2
3794,5
3795,5
3796,2
3797,1
3798,4
3799,3
3800,3
3801,0
3802,4
3803,2
3804,4
3805,3
3806,2
3807,0
3808,3
3809,3
3810,1
3811,4
3812,5
3813,2
3814,0
3815,5
3816,3
3817,4
3818,0
3819,3
3820,3
3821,1
3822,1
3823,1
3824,3
3825,2
3826,2
3827,4
3828,3
3829,2
3830,1
3831,5
3832,5
3833,2
3834,4
3835,3
3836,3
3837,5
3838,0
3839,2
3840,2
3841,2
3842,2
3843,2
3844,1
3845,5
3846,4
3847,1
3848,2
3849,5
3850,3
3851,2
3852,2
3853,3
3854,3
3855,3
3856,0
3857,2
3858,3
3859,4
3860,3
3861,3
3862,1
3863,2
3864,4
3865,2
3866,3
3867,3
3868,2
3869,1
3870,3
3871,3
3872,1
3873,3
3874,3
3875,3
3876,3
3877,3
3878,3
3879,3
3880,5
3881,3
3882,3
3883,2
3884,2
3885,3
3886,5
3887,3
3888,3
3889,5
3890,5
3891,2
3892,5
3893,2
3894,2
3895,1
3896,3
3897,3
3898,1
3899,3
3900,3
3901,3
3902,2
3903,5
3904,5
3905,3
3906,5
3907,2
3908,3
3909,2
3910,2
3911,3
3912,5
3913,2
3914,3
3915,3
3916,1
3917,3
3918,5
3919,3
3920,3
3921,3
3922,5
3923,0
3924,4
3925,3
3926,3
3927,3
3928,1
3929,5
3930,1
3931,2
3932,5
3933,5
3934,2
3935,2
3936,5
3937,4
3938,4
3939,4
3940,1
3941,2
3942,3
3943,3
3944,5
3945,3
3946,5
3947,1
3948,5
3949,5
3950,5
3951,1
3952,5
3953,1
3954,1
3955,1
3956,1
3957,2
3958,5
3959,3
3960,3
3961,2
3962,3
3963,5
3964,5
3965,3
3966,3
3967,2
3968,5
3969,2
3970,3
3971,3
3972,1
3973,2
3974,5
3975,4
3976,5
3977,0
3978,3
3979,2
3980,1
3981,0
3982,5
3983,3
3984,3
3985,5
3986,2
3987,2
3988,3
3989,3
3990,1
3991,2
3992,3
3993,2
3994,3
3995,5
3996,2
3997,3
3998,5
3999,3
4000,5
4001,5
4002,5
4003,4
4004,5
4005,4
4006,5
4007,5
4008,0
4009,0
4010,1
4011,2
4012,5
4013,3
4014,3
4015,5
4016,5
4017,5
4018,2
4019,2
4020,3
4021,3
4022,3
4023,2
4024,3
4025,2
4026,5
4027,2
4028,1
4029,3
4030,2
4031,5
4032,0
4033,1
4034,3
4035,2
4036,1
4037,3
4038,3
4039,2
4040,3
4041,2
4042,2
4043,5
4044,2
4045,2
4046,2
4047,1
4048,3
4049,1
4050,2
4051,5
4052,2
4053,2
4054,3
4055,1
4056,3
4057,2
4058,1
4059,1
4060,3
4061,2
4062,5
4063,3
4064,3
4065,2
4066,5
4067,2
4068,2
4069,4
4070,5
4071,3
4072,4
4073,3
4074,2
4075,5
4076,3
4077,2
4078,3
4079,0
4080,5
4081,0
4082,1
4083,4
4084,1
4085,1
4086,5
4087,5
4088,2
4089,2
4090,0
4091,1
4092,3
4093,1
4094,3
4095,3
4096,2
4097,2
4098,5
4099,3
4100,2
4101,3
4102,0
4103,3
4104,1
4105,5
4106,1
4107,1
4108,2
4109,5
4110,4
4111,1
4112,4
4113,5
4114,3
4115,3
4116,5
4117,3
4118,3
4119,3
4120,3
4121,5
4122,3
4123,3
4124,3
4125,1
4126,0
4127,3
4128,1
4129,5
4130,3
4131,3
4132,3
4133,3
4134,3
4135,4
4136,3
4137,5
4138,5
4139,2
4140,2
4141,5
4142,3
4143,2
4144,2
4145,1
4146,3
4147,5
4148,0
4149,1
4150,3
4151,1
4152,2
4153,0
4154,1
4155,1
4156,2
4157,5
4158,5
4159,1
4160,5
4161,3
4162,1
4163,1
4164,0
4165,2
4166,2
4167,5
4168,1
4169,1
4170,1
4171,1
4172,5
4173,2
4174,2
4175,1
4176,2
4177,3
4178,3
4179,3
4180,3
4181,3
4182,5
4183,4
4184,5
4185,2
4186,2
4187,5
4188,2
4189,1
4190,5
4191,5
4192,1
4193,1
4194,5
4195,5
4196,1
4197,1
4198,5
4199,0
4200,1
4201,2
4202,2
4203,5
4204,5
4205,1
4206,1
4207,3
4208,5
4209,5
4210,1
4211,5
4212,5
4213,3
4214,5
4215,2
4216,1
4217,5
4218,3
4219,0
4220,3
4221,1
4222,3
4223,3
4224,1
4225,2
4226,0
4227,3
4228,2
4229,3
4230,5
4231,2
4232,3
4233,5
4234,0
4235,2
4236,5
4237,2
4238,5
4239,2
4240,5
4241,1
4242,5
4243,1
4244,1
4245,5
4246,1
4247,1
4248,5
4249,3
4250,4
4251,3
4252,5
4253,5
4254,2
4255,5
4256,2
4257,4
4258,3
4259,2
4260,2
4261,1
4262,5
4263,3
4264,1
4265,1
4266,1
4267,5
4268,2
4269,2
4270,2
4271,4
4272,5
4273,5
4274,5
4275,5
4276,5
4277,3
4278,5
4279,2
4280,1
4281,5
4282,5
4283,4
4284,1
4285,5
4286,3
4287,3
4288,1
4289,2
4290,0
4291,2
4292,5
4293,3
4294,1
4295,5
4296,5
4297,3
4298,5
4299,5
4300,2
4301,2
4302,2
4303,5
4304,5
4305,1
4306,2
4307,2
4308,5
4309,3
4310,3
4311,2
4312,1
4313,5
4314,3
4315,2
4316,5
4317,2
4318,4
4319,2
4320,1
4321,2
4322,2
4323,1
4324,3
4325,5
4326,5
4327,5
4328,2
4329,1
4330,5
4331,5
4332,1
4333,3
4334,3
4335,2
4336,3
4337,2
4338,5
4339,2
4340,3
4341,1
4342,5
4343,1
4344,3
4345,2
4346,1
4347,5
4348,1
4349,2
4350,5
4351,3
4352,3
4353,5
4354,1
4355,5
4356,3
4357,3
4358,1
4359,2
4360,5
4361,5
4362,3
4363,2
4364,2
4365,4
4366,1
4367,0
4368,3
4369,3
4370,2
4371,3
4372,3
4373,2
4374,3
4375,3
4376,2
4377,2
4378,3
4379,3
4380,3
4381,2
4382,3
4383,5
4384,3
4385,1
4386,1
4387,1
4388,1
4389,5
4390,1
4391,3
4392,2
4393,2
4394,5
4395,5
4396,3
4397,1
4398,2
4399,1
4400,1
4401,4
4402,3
4403,5
4404,4
4405,5
4406,2
4407,3
4408,2
4409,2
4410,2
4411,3
4412,3
4413,1
4414,5
4415,2
4416,5
4417,5
4418,2
4419,5
4420,5
4421,5
4422,3
4423,3
4424,5
4425,4
4426,1
4427,4
4428,5
4429,3
4430,3
4431,3
4432,2
4433,3
4434,3
4435,5
4436,3
4437,3
4438,1
4439,3
4440,5
4441,3
4442,2
4443,1
4444,1
4445,3
4446,5
4447,3
4448,5
4449,2
4450,3
4451,3
4452,4
4453,2
4454,5
4455,2
4456,1
4457,3
4458,2
4459,5
4460,1
4461,1
4462,5
4463,3
4464,5
4465,1
4466,5
4467,3
4468,3
4469,1
4470,5
4471,3
4472,3
4473,1
4474,2
4475,2
4476,3
4477,1
4478,3
4479,5
4480,3
4481,2
4482,5
4483,5
4484,1
4485,5
4486,2
4487,3
4488,3
4489,4
4490,5
4491,2
4492,5
4493,5
4494,5
4495,4
4496,3
4497,3
4498,2
4499,3
4500,2
4501,5
4502,2
4503,3
4504,5
4505,5
4506,1
4507,1
4508,1
4509,2
4510,2
4511,5
4512,5
4513,3
4514,2
4515,3
4516,1
4517,1
4518,5
4519,1
4520,5
4521,4
4522,2
4523,1
4524,5
4525,3
4526,5
4527,5
4528,3
4529,2
4530,3
4531,1
4532,5
4533,2
4534,1
4535,3
4536,3
4537,4
4538,3
4539,5
4540,1
4541,5
4542,2
4543,3
4544,3
4545,5
4546,1
4547,2
4548,1
4549,2
4550,1
4551,5
4552,5
4553,1
4554,5
4555,2
4556,2
4557,3
4558,2
4559,2
4560,3
4561,2
4562,2
4563,2
4564,2
4565,3
4566,1
4567,5
4568,3
4569,2
4570,3
4571,1
4572,3
4573,3
4574,5
4575,1
4576,1
4577,5
4578,3
4579,3
4580,3
4581,3
4582,2
4583,2
4584,4
4585,0
4586,3
4587,3
4588,5
4589,3
4590,5
4591,1
4592,5
4593,1
4594,3
4595,2
4596,5
4597,2
4598,5
4599,3
4600,5
4601,1
4602,5
4603,2
4604,1
4605,1
4606,2
4607,3
4608,1
4609,1
4610,2
4611,2
4612,1
4613,5
4614,2
4615,2
4616,3
4617,3
4618,2
4619,4
4620,3
4621,2
4622,1
4623,3
4624,3
4625,2
4626,2
4627,3
4628,2
4629,2
4630,3
4631,4
4632,1
4633,3
4634,1
4635,1
4636,3
4637,2
4638,1
4639,1
4640,3
4641,2
4642,3
4643,1
4644,3
4645,3
4646,2
4647,3
4648,1
4649,5
4650,5
4651,2
4652,5
4653,5
4654,2
4655,2
4656,2
4657,1
4658,5
4659,1
4660,2
4661,5
4662,5
4663,2
4664,1
4665,3
4666,1
4667,2
4668,2
4669,5
4670,3
4671,3
4672,2
4673,5
4674,5
4675,1
4676,5
4677,1
4678,1
4679,3
4680,5
4681,5
4682,5
4683,1
4684,1
4685,3
4686,1
4687,2
4688,1
4689,5
4690,2
4691,2
4692,2
4693,1
4694,2
4695,2
4696,3
4697,3
4698,1
4699,1
4700,2
4701,1
4702,3
4703,2
4704,5
4705,3
4706,5
4707,5
4708,2
4709,3
4710,2
4711,2
4712,2
4713,2
4714,3
4715,3
4716,5
4717,1
4718,3
4719,2
4720,3
4721,1
4722,1
4723,1
4724,4
4725,1
4726,2
4727,1
4728,3
4729,2
4730,5
4731,5
4732,1
4733,2
4734,5
4735,5
4736,1
4737,3
4738,5
4739,2
4740,3
4741,2
4742,2
4743,1
4744,2
4745,3
4746,1
4747,1
4748,2
4749,4
4750,1
4751,2
4752,5
4753,5
4754,3
4755,3
4756,1
4757,1
4758,2
4759,1
4760,3
4761,3
4762,3
4763,3
4764,1
4765,3
4766,5
4767,2
4768,1
4769,3
4770,1
4771,2
4772,1
4773,2
4774,1
4775,2
4776,3
4777,3
4778,1
4779,2
4780,2
4781,3
4782,2
4783,1
4784,5
4785,3
4786,2
4787,3
4788,1
4789,2
4790,5
4791,5
4792,1
4793,1
4794,5
4795,5
4796,1
4797,2
4798,2
4799,5
4800,3
4801,3
4802,1
4803,2
4804,2
4805,2
4806,5
4807,3
4808,2
4809,2
4810,3
4811,2
4812,2
4813,3
4814,5
4815,1
4816,3
4817,2
4818,3
4819,2
4820,3
4821,1
4822,5
4823,3
4824,1
4825,2
4826,3
4827,2
4828,2
4829,1
4830,2
4831,5
4832,1
4833,1
4834,5
4835,2
4836,3
4837,2
4838,1
4839,2
4840,1
4841,1
4842,5
4843,1
4844,5
4845,2
4846,5
4847,1
4848,2
4849,3
4850,3
4851,5
4852,3
4853,3
4854,3
4855,3
4856,5
4857,5
4858,3
4859,3
4860,3
4861,3
4862,1
4863,2
4864,1
4865,2
4866,5
4867,5
4868,5
4869,2
4870,1
4871,1
4872,2
4873,5
4874,5
4875,3
4876,2
4877,5
4878,3
4879,1
4880,1
4881,1
4882,1
4883,5
4884,1
4885,4
4886,5
4887,5
4888,5
4889,3
4890,3
4891,5
4892,3
4893,1
4894,5
4895,5
4896,5
4897,1
4898,1
4899,5
4900,1
4901,1
4902,1
4903,5
4904,2
4905,3
4906,1
4907,2
4908,3
4909,1
4910,3
4911,3
4912,1
4913,5
4914,1
4915,5
4916,1
4917,2
4918,2
4919,3
4920,1
4921,5
4922,5
4923,3
4924,1
4925,3
4926,1
4927,2
4928,5
4929,5
4930,3
4931,1
4932,3
4933,3
4934,1
4935,5
4936,2
4937,5
4938,2
4939,3
4940,2
4941,3
4942,3
4943,5
4944,2
4945,3
4946,1
4947,1
4948,2
4949,1
4950,1
4951,2
4952,1
4953,5
4954,5
4955,2
4956,2
4957,3
4958,5
4959,1
4960,3
4961,1
4962,5
4963,1
4964,3
4965,5
4966,3
4967,2
4968,5
4969,5
4970,2
4971,2
4972,3
4973,3
4974,3
4975,5
4976,1
4977,1
4978,2
4979,5
4980,5
4981,2
4982,5
4983,5
4984,1
4985,5
4986,1
4987,3
4988,3
4989,2
4990,5
4991,3
4992,2
4993,3
4994,3
4995,5
4996,5
4997,5
4998,1
4999,2
5000,4
5001,2
5002,2
5003,2
5004,2
5005,3
5006,3
5007,3
5008,2
5009,3
5010,1
5011,5
5012,2
5013,3
5014,3
5015,5
5016,4
5017,2
5018,3
5019,2
5020,3
5021,5
5022,2
5023,5
5024,3
5025,3
5026,5
5027,3
5028,5
5029,1
5030,3
5031,3
5032,5
5033,3
5034,3
5035,2
5036,1
5037,1
5038,5
5039,2
5040,3
5041,5
5042,3
5043,3
5044,5
5045,5
5046,1
5047,1
5048,2
5049,1
5050,1
5051,2
5052,1
5053,2
5054,2
5055,3
5056,3
5057,1
5058,1
5059,2
5060,1
5061,3
5062,5
5063,3
5064,2
5065,1
5066,5
5067,2
5068,5
5069,1
5070,5
5071,5
5072,5
5073,1
5074,1
5075,3
5076,1
5077,1
5078,5
5079,5
5080,3
5081,2
5082,2
5083,5
5084,3
5085,2
5086,5
5087,2
5088,3
5089,5
5090,5
5091,5
5092,2
5093,3
5094,3
5095,1
5096,5
5097,3
5098,3
5099,3
5100,5
5101,2
5102,2
5103,5
5104,2
5105,5
5106,4
5107,3
5108,3
5109,2
5110,1
5111,1
5112,5
5113,5
5114,1
5115,5
5116,3
5117,3
5118,1
5119,2
5120,2
5121,3
5122,2
5123,3
5124,2
5125,5
5126,5
5127,3
5128,3
5129,4
5130,5
5131,3
5132,2
5133,5
5134,5
5135,5
5136,3
5137,5
5138,2
5139,1
5140,2
5141,5
5142,1
5143,5
5144,2
5145,5
5146,3
5147,2
5148,5
5149,1
5150,3
5151,3
5152,3
5153,1
5154,5
5155,2
5156,3
5157,1
5158,2
5159,5
5160,1
5161,5
5162,5
5163,3
5164,2
5165,5
5166,5
5167,5
5168,3
5169,1
5170,3
5171,2
5172,5
5173,3
5174,5
5175,1
5176,5
5177,3
5178,5
5179,2
5180,1
5181,5
5182,5
5183,5
5184,2
5185,5
5186,2
5187,5
5188,5
5189,1
5190,3
5191,5
5192,5
5193,1
5194,5
5195,1
5196,1
5197,2
5198,2
5199,1
5200,3
5201,2
5202,2
5203,1
5204,1
5205,3
5206,1
5207,1
5208,2
5209,5
5210,5
5211,1
5212,2
5213,3
5214,5
5215,3
5216,3
5217,5
5218,3
5219,2
5220,5
5221,1
5222,2
5223,2
5224,2
5225,3
5226,3
5227,1
5228,2
5229,5
5230,2
5231,2
5232,1
5233,2
5234,2
5235,5
5236,3
5237,1
5238,1
5239,3
5240,5
5241,2
5242,2
5243,5
5244,5
5245,3
5246,3
5247,2
5248,3
5249,5
5250,5
5251,3
5252,2
5253,1
5254,3
5255,5
5256,1
5257,3
5258,3
5259,3
5260,1
5261,1
5262,5
5263,1
5264,3
5265,5
5266,3
5267,1
5268,1
5269,5
5270,2
5271,1
5272,5
5273,5
5274,3
5275,1
5276,5
5277,2
5278,1
5279,1
5280,2
5281,3
5282,5
5283,1
5284,5
5285,3
5286,3
5287,2
5288,2
5289,5
5290,1
5291,3
5292,1
5293,3
5294,1
5295,5
5296,5
5297,3
5298,5
5299,3
5300,5
5301,3
5302,3
5303,5
5304,3
5305,5
5306,1
5307,1
5308,5
5309,2
5310,1
5311,5
5312,5
5313,2
5314,3
5315,3
5316,2
5317,5
5318,1
5319,1
5320,5
5321,5
5322,5
5323,3
5324,1
5325,3
5326,2
5327,5
5328,3
5329,3
5330,5
5331,1
5332,3
5333,1
5334,1
5335,2
5336,1
5337,5
5338,1
5339,1
5340,1
5341,1
5342,5
5343,5
5344,2
5345,1
5346,5
5347,2
5348,1
5349,1
5350,2
5351,3
5352,5
5353,1
5354,5
5355,1
5356,5
5357,5
5358,1
5359,5
5360,1
5361,2
5362,1
5363,3
5364,1
5365,1
5366,2
5367,3
5368,1
5369,5
5370,1
5371,3
5372,4
5373,5
5374,1
5375,1
5376,3
5377,3
5378,3
5379,2
5380,2
5381,1
5382,5
5383,5
5384,5
5385,5
5386,3
5387,5
5388,5
5389,5
5390,5
5391,5
5392,2
5393,5
5394,5
5395,2
5396,1
5397,5
5398,3
5399,4
5400,5
5401,5
5402,1
5403,1
5404,1
5405,5
5406,4
5407,1
5408,3
5409,1
5410,1
5411,3
5412,3
5413,5
5414,3
5415,3
5416,1
5417,5
5418,1
5419,1
5420,2
5421,2
5422,1
5423,3
5424,1
5425,2
5426,5
5427,3
5428,2
5429,1
5430,2
5431,1
5432,1
5433,1
5434,5
5435,5
5436,3
5437,1
5438,5
5439,4
5440,3
5441,5
5442,5
5443,5
5444,5
5445,5
5446,3
5447,5
5448,3
5449,3
5450,5
5451,3
5452,5
5453,5
5454,5
5455,2
5456,3
5457,5
5458,3
5459,5
5460,5
5461,5
5462,3
5463,5
5464,2
5465,3
5466,1
5467,3
5468,1
5469,5
5470,5
5471,5
5472,1
5473,5
5474,4
5475,5
5476,3
5477,3
5478,3
5479,1
5480,1
5481,1
5482,2
5483,2
5484,2
5485,1
5486,5
5487,3
5488,3
5489,1
5490,1
5491,5
5492,5
5493,1
5494,2
5495,3
5496,5
5497,5
5498,5
5499,3
5500,3
5501,3
5502,3
5503,1
5504,1
5505,5
5506,3
5507,5
5508,5
5509,3
5510,3
5511,3
5512,2
5513,3
5514,1
5515,3
5516,5
5517,5
5518,2
5519,5
5520,2
5521,2
5522,1
5523,3
5524,3
5525,5
5526,3
5527,2
5528,2
5529,3
5530,5
5531,3
5532,3
5533,5
5534,5
5535,5
5536,1
5537,2
5538,3
5539,3
5540,5
5541,1
5542,5
5543,1
5544,3
5545,5
5546,3
5547,1
5548,5
5549,1
5550,5
5551,3
5552,5
5553,2
5554,5
5555,5
5556,1
5557,2
5558,1
5559,1
5560,2
5561,5
5562,5
5563,2
5564,5
5565,2
5566,2
5567,2
5568,1
5569,5
5570,3
5571,2
5572,3
5573,3
5574,3
5575,2
5576,3
5577,5
5578,3
5579,2
5580,1
5581,5
5582,1
5583,2
5584,1
5585,3
5586,3
5587,1
5588,5
5589,3
5590,3
5591,2
5592,1
5593,1
5594,1
5595,3
5596,1
5597,3
5598,5
5599,3
5600,5
5601,5
5602,5
5603,1
5604,1
5605,3
5606,1
5607,3
5608,5
5609,3
5610,3
5611,1
5612,3
5613,3
5614,5
5615,3
5616,1
5617,2
5618,3
5619,2
5620,1
5621,1
5622,2
5623,1
5624,4
5625,1
5626,1
5627,2
5628,3
5629,5
5630,1
5631,3
5632,2
5633,3
5634,2
5635,5
5636,5
5637,5
5638,2
5639,2
5640,1
5641,2
5642,2
5643,5
5644,5
5645,5
5646,5
5647,3
5648,3
5649,5
5650,1
5651,5
5652,1
5653,1
5654,5
5655,5
5656,2
5657,1
5658,1
5659,1
5660,5
5661,1
5662,1
5663,1
5664,5
5665,5
5666,5
5667,3
5668,1
5669,3
5670,3
5671,2
5672,1
5673,3
5674,5
5675,5
5676,5
5677,3
5678,1
5679,3
5680,3
5681,2
5682,3
5683,5
5684,3
5685,2
5686,5
5687,1
5688,5
5689,5
5690,2
5691,1
5692,1
5693,1
5694,5
5695,1
5696,3
5697,1
5698,1
5699,5
5700,5
5701,5
5702,3
5703,2
5704,3
5705,1
5706,5
5707,1
5708,5
5709,5
5710,5
5711,4
5712,2
5713,5
5714,5
5715,5
5716,2
5717,5
5718,2
5719,2
5720,4
5721,2
5722,5
5723,5
5724,3
5725,5
5726,1
5727,5
5728,2
5729,3
5730,5
5731,5
5732,3
5733,3
5734,1
5735,3
5736,3
5737,1
5738,5
5739,5
5740,2
5741,2
5742,5
5743,5
5744,2
5745,3
5746,1
5747,5
5748,1
5749,5
5750,3
5751,3
5752,1
5753,5
5754,3
5755,3
5756,2
5757,2
5758,1
5759,3
5760,2
5761,1
5762,1
5763,3
5764,3
5765,1
5766,3
5767,2
5768,1
5769,5
5770,5
5771,2
5772,3
5773,3
5774,2
5775,5
5776,2
5777,5
5778,5
5779,5
5780,5
5781,3
5782,5
5783,5
5784,5
5785,1
5786,5
5787,5
5788,5
5789,1
5790,5
5791,5
5792,2
5793,2
5794,5
5795,2
5796,3
5797,5
5798,5
5799,5
5800,5
5801,1
5802,2
5803,1
5804,5
5805,3
5806,5
5807,1
5808,1
5809,2
5810,5
5811,5
5812,5
5813,3
5814,3
5815,2
5816,5
5817,5
5818,5
5819,3
5820,3
5821,1
5822,3
5823,5
5824,5
5825,3
5826,3
5827,1
5828,2
5829,1
5830,5
5831,5
5832,1
5833,5
5834,4
5835,3
5836,5
5837,3
5838,1
5839,3
5840,2
5841,5
5842,1
5843,3
5844,5
5845,3
5846,3
5847,5
5848,5
5849,1
5850,2
5851,1
5852,3
5853,3
5854,3
5855,2
5856,5
5857,3
5858,2
5859,3
5860,3
5861,2
5862,5
5863,2
5864,3
5865,1
5866,5
5867,2
5868,5
5869,1
5870,1
5871,5
5872,5
5873,2
5874,3
5875,4
5876,5
5877,1
5878,3
5879,5
5880,3
5881,3
5882,5
5883,5
5884,1
5885,1
5886,1
5887,1
5888,1
5889,3
5890,1
5891,3
5892,2
5893,3
5894,2
5895,5
5896,1
5897,1
5898,3
5899,5
5900,5
5901,1
5902,5
5903,5
5904,1
5905,3
5906,5
5907,5
5908,5
5909,5
5910,2
5911,3
5912,5
5913,1
5914,1
5915,5
5916,3
5917,2
5918,1
5919,2
5920,1
5921,1
5922,2
5923,1
5924,2
5925,2
5926,1
5927,1
5928,5
5929,5
5930,1
5931,5
5932,2
5933,2
5934,3
5935,2
5936,2
5937,5
5938,5
5939,5
5940,1
5941,3
5942,1
5943,3
5944,3
5945,1
5946,1
5947,2
5948,2
5949,1
5950,1
5951,1
5952,2
5953,3
5954,1
5955,5
5956,2
5957,3
5958,5
5959,3
5960,1
5961,5
5962,5
5963,1
5964,1
5965,1
5966,2
5967,5
5968,3
5969,1
5970,2
5971,5
5972,2
5973,2
5974,5
5975,5
5976,2
5977,1
5978,2
5979,5
5980,1
5981,5
5982,1
5983,5
5984,5
5985,5
5986,1
5987,3
5988,1
5989,3
5990,1
5991,2
5992,1
5993,3
5994,2
5995,1
5996,1
5997,1
5998,1
5999,4
6000,1
6001,1
6002,5
6003,2
6004,3
6005,3
6006,3
6007,3
6008,5
6009,1
6010,5
6011,1
6012,1
6013,5
6014,1
6015,1
6016,5
6017,3
6018,2
6019,2
6020,1
6021,5
6022,5
6023,5
6024,1
6025,5
6026,1
6027,5
6028,2
6029,5
6030,1
6031,1
6032,1
6033,5
6034,3
6035,5
6036,5
6037,5
6038,1
6039,3
6040,5
6041,3
6042,3
6043,3
6044,1
6045,1
6046,1
6047,5
6048,5
6049,5
6050,1
6051,3
6052,1
6053,1
6054,5
6055,1
6056,1
6057,5
6058,5
6059,2
6060,3
6061,5
6062,3
6063,1
6064,3
6065,1
6066,2
6067,1
6068,1
6069,3
6070,1
6071,5
6072,3
6073,3
6074,1
6075,1
6076,5
6077,1
6078,5
6079,2
6080,1
6081,1
6082,2
6083,3
6084,5
6085,1
6086,5
6087,1
6088,3
6089,5
6090,2
6091,3
6092,3
6093,3
6094,1
6095,5
6096,1
6097,5
6098,2
6099,5
6100,5
6101,3
6102,5
6103,3
6104,3
6105,1
6106,3
6107,5
6108,3
6109,3
6110,5
6111,3
6112,1
6113,1
6114,2
6115,5
6116,1
6117,5
6118,5
6119,5
6120,3
6121,3
6122,1
6123,3
6124,5
6125,3
6126,1
6127,2
6128,5
6129,1
6130,1
6131,5
6132,1
6133,5
6134,2
6135,3
6136,1
6137,5
6138,1
6139,1
6140,1
6141,1
6142,3
6143,3
6144,3
6145,1
6146,3
6147,2
6148,1
6149,3
6150,3
6151,3
6152,5
6153,2
6154,3
6155,5
6156,5
6157,1
6158,5
6159,5
6160,1
6161,5
6162,2
6163,5
6164,5
6165,5
6166,1
6167,2
6168,1
6169,5
6170,1
6171,5
6172,1
6173,1
6174,5
6175,1
6176,3
6177,3
6178,5
6179,1
6180,2
6181,5
6182,5
6183,5
6184,1
6185,2
6186,3
6187,5
6188,1
6189,3
6190,2
6191,3
6192,2
6193,5
6194,3
6195,1
6196,2
6197,1
6198,1
6199,5
6200,1
6201,1
6202,2
6203,1
6204,3
6205,2
6206,5
6207,3
6208,1
6209,5
6210,3
6211,1
6212,1
6213,1
6214,1
6215,3
6216,3
6217,1
6218,3
6219,5
6220,2
6221,5
6222,5
6223,5
6224,5
6225,1
6226,2
6227,5
6228,1
6229,1
6230,3
6231,2
6232,1
6233,3
6234,3
6235,1
6236,2
6237,2
6238,1
6239,1
6240,5
6241,2
6242,5
6243,1
6244,5
6245,1
6246,3
6247,3
6248,1
6249,5
6250,1
6251,1
6252,5
6253,1
6254,3
6255,1
6256,1
6257,1
6258,5
6259,3
6260,2
6261,5
6262,5
6263,1
6264,1
6265,2
6266,3
6267,1
6268,1
6269,1
6270,1
6271,1
6272,5
6273,1
6274,5
6275,5
6276,3
6277,3
6278,2
6279,3
6280,5
6281,5
6282,3
6283,2
6284,2
6285,2
6286,1
6287,1
6288,3
6289,1
6290,1
6291,5
6292,1
6293,3
6294,5
6295,3
6296,3
6297,5
6298,3
6299,1
6300,3
6301,2
6302,1
6303,2
6304,1
6305,5
6306,1
6307,1
6308,2
6309,2
6310,1
6311,1
6312,5
6313,1
6314,1
6315,3
6316,3
6317,5
6318,1
6319,1
6320,5
6321,3
6322,3
6323,1
6324,5
6325,5
6326,1
6327,1
6328,3
6329,5
6330,1
6331,1
6332,5
6333,5
6334,5
6335,5
6336,1
6337,5
6338,1
6339,1
6340,3
6341,5
6342,3
6343,3
6344,2
6345,5
6346,3
6347,2
6348,1
6349,3
6350,5
6351,1
6352,1
6353,1
6354,3
6355,3
6356,5
6357,1
6358,1
6359,5
6360,3
6361,5
6362,5
6363,3
6364,5
6365,3
6366,5
6367,5
6368,1
6369,5
6370,2
6371,3
6372,3
6373,5
6374,1
6375,5
6376,1
6377,1
6378,5
6379,2
6380,1
6381,1
6382,1
6383,1
6384,3
6385,5
6386,3
6387,1
6388,1
6389,1
6390,1
6391,1
6392,5
6393,1
6394,5
6395,1
6396,1
6397,5
6398,1
6399,3
6400,3
6401,1
6402,5
6403,5
6404,1
6405,2
6406,1
6407,1
6408,5
6409,3
6410,5
6411,3
6412,1
6413,3
6414,2
6415,1
6416,3
6417,5
6418,3
6419,3
6420,2
6421,5
6422,2
6423,1
6424,1
6425,1
6426,1
6427,1
6428,1
6429,2
6430,1
6431,1
6432,1
6433,1
6434,5
6435,2
6436,5
6437,5
6438,1
6439,3
6440,3
6441,1
6442,5
6443,5
6444,5
6445,3
6446,1
6447,1
6448,1
6449,3
6450,5
6451,3
6452,5
6453,1
6454,2
6455,1
6456,1
6457,1
6458,1
6459,2
6460,1
6461,3
6462,3
6463,1
6464,5
6465,5
6466,3
6467,1
6468,5
6469,3
6470,1
6471,1
6472,1
6473,3
6474,3
6475,5
6476,1
6477,1
6478,5
6479,3
6480,3
6481,3
6482,4
6483,1
6484,3
6485,5
6486,5
6487,1
6488,3
6489,1
6490,2
6491,3
6492,1
6493,1
6494,5
6495,1
6496,1
6497,1
6498,1
6499,5
6500,3
6501,3
6502,1
6503,1
6504,5
6505,1
6506,1
6507,1
6508,1
6509,5
6510,1
6511,1
6512,3
6513,2
6514,3
6515,1
6516,1
6517,1
6518,3
6519,2
6520,1
6521,3
6522,1
6523,2
6524,1
6525,3
6526,1
6527,2
6528,1
6529,1
6530,1
6531,5
6532,5
6533,5
6534,1
6535,1
6536,1
6537,1
6538,1
6539,1
6540,5
6541,1
6542,3
6543,2
6544,2
6545,5
6546,5
6547,1
6548,1
6549,1
6550,1
6551,5
6552,1
6553,3
6554,3
6555,3
6556,1
6557,1
6558,5
6559,1
6560,2
6561,1
6562,5
6563,1
6564,1
6565,1
6566,1
6567,3
6568,5
6569,5
6570,3
6571,5
6572,2
6573,1
6574,3
6575,3
6576,3
6577,3
6578,2
6579,3
6580,5
6581,1
6582,1
6583,5
6584,1
6585,1
6586,3
6587,3
6588,5
6589,2
6590,1
6591,3
6592,5
6593,1
6594,2
6595,2
6596,5
6597,1
6598,2
6599,1
6600,5
6601,1
6602,3
6603,1
6604,3
6605,5
6606,5
6607,5
6608,2
6609,5
6610,3
6611,1
6612,5
6613,5
6614,1
6615,1
6616,1
6617,2
6618,5
6619,1
6620,2
6621,2
6622,3
6623,1
6624,1
6625,1
6626,1
6627,2
6628,1
6629,1
6630,5
6631,3
6632,1
6633,1
6634,1
6635,1
6636,1
6637,1
6638,1
6639,1
6640,3
6641,1
6642,2
6643,5
6644,1
6645,5
6646,1
6647,1
6648,5
6649,5
6650,1
6651,5
6652,1
6653,5
6654,5
6655,5
6656,2
6657,3
6658,1
6659,5
6660,5
6661,5
6662,3
6663,3
6664,5
6665,1
6666,5
6667,5
6668,1
6669,1
6670,1
6671,1
6672,1
6673,1
6674,1
6675,1
6676,5
6677,3
6678,5
6679,1
6680,3
6681,3
6682,5
6683,3
6684,1
6685,5
6686,1
6687,3
6688,2
6689,1
6690,2
6691,5
6692,1
6693,1
6694,1
6695,3
6696,1
6697,1
6698,1
6699,5
6700,1
6701,3
6702,2
6703,5
6704,1
6705,1
6706,5
6707,1
6708,1
6709,1
6710,3
6711,2
6712,1
6713,1
6714,3
6715,1
6716,1
6717,3
6718,5
6719,1
6720,1
6721,1
6722,1
6723,1
6724,1
6725,1
6726,1
6727,5
6728,1
6729,5
6730,5
6731,3
6732,1
6733,1
6734,3
6735,1
6736,5
6737,5
6738,5
6739,3
6740,3
6741,5
6742,5
6743,1
6744,1
6745,3
6746,3
6747,3
6748,1
6749,2
6750,1
6751,5
6752,3
6753,2
6754,3
6755,1
6756,1
6757,5
6758,2
6759,1
6760,3
6761,1
6762,1
6763,1
6764,5
6765,5
6766,1
6767,2
6768,1
6769,1
6770,1
6771,5
6772,2
6773,1
6774,1
6775,1
6776,1
6777,2
6778,1
6779,5
6780,1
6781,5
6782,3
6783,3
6784,5
6785,5
6786,1
6787,1
6788,3
6789,1
6790,2
6791,5
6792,3
6793,1
6794,1
6795,1
6796,1
6797,5
6798,3
6799,1
6800,3
6801,1
6802,3
6803,2
6804,1
6805,1
6806,2
6807,1
6808,1
6809,2
6810,1
6811,1
6812,1
6813,3
6814,3
6815,1
6816,5
6817,1
6818,2
6819,3
6820,5
6821,3
6822,2
6823,1
6824,3
6825,3
6826,1
6827,1
6828,1
6829,5
6830,1
6831,5
6832,1
6833,1
6834,3
6835,1
6836,1
6837,5
6838,3
6839,1
6840,1
6841,1
6842,5
6843,1
6844,1
6845,1
6846,1
6847,1
6848,1
6849,1
6850,3
6851,1
6852,1
6853,5
6854,5
6855,3
6856,1
6857,1
6858,3
6859,1
6860,4
6861,5
6862,1
6863,3
6864,3
6865,1
6866,1
6867,3
6868,1
6869,1
6870,5
6871,1
6872,5
6873,1
6874,5
6875,5
6876,1
6877,3
6878,5
6879,1
6880,3
6881,5
6882,3
6883,5
6884,2
6885,1
6886,5
6887,1
6888,1
6889,5
6890,3
6891,1
6892,3
6893,1
6894,3
6895,2
6896,1
6897,1
6898,1
6899,1
6900,1
6901,1
6902,3
6903,1
6904,1
6905,2
6906,1
6907,1
6908,1
6909,1
6910,5
6911,2
6912,1
6913,3
6914,1
6915,1
6916,1
6917,5
6918,1
6919,1
6920,1
6921,1
6922,1
6923,1
6924,3
6925,3
6926,1
6927,1
6928,1
6929,1
6930,1
6931,1
6932,3
6933,1
6934,1
6935,5
6936,1
6937,1
6938,1
6939,1
6940,1
6941,5
6942,5
6943,1
6944,1
6945,1
6946,1
6947,1
6948,2
6949,1
6950,1
6951,1
6952,1
6953,3
6954,5
6955,1
6956,1
6957,3
6958,1
6959,1
6960,3
6961,1
6962,1
6963,1
6964,5
6965,2
6966,1
6967,1
6968,1
6969,3
6970,1
6971,5
6972,1
6973,1
6974,3
6975,1
6976,1
6977,1
6978,2
6979,5
6980,1
6981,1
6982,1
6983,1
6984,3
6985,1
6986,3
6987,5
6988,1
6989,1
6990,1
6991,2
6992,1
6993,1
6994,1
6995,1
6996,1
6997,3
6998,1
6999,5
7000,1
7001,3
7002,5
7003,3
7004,1
7005,1
7006,5
7007,1
7008,1
7009,1
7010,1
7011,3
7012,3
7013,1
7014,3
7015,1
7016,2
7017,1
7018,5
7019,2
7020,5
7021,3
7022,5
7023,1
7024,1
7025,1
7026,1
7027,2
7028,1
7029,5
7030,3
7031,1
7032,1
7033,2
7034,1
7035,2
7036,2
7037,3
7038,0
7039,0
7040,0
7041,0
7042,4
7043,0
7044,4
7045,0
7046,0
7047,0
7048,4
7049,0
7050,0
7051,0
7052,0
7053,0
7054,0
7055,0
7056,0
7057,0
7058,0
7059,0
7060,0
7061,0
7062,4
7063,0
7064,0
7065,2
7066,0
7067,0
7068,0
7069,0
7070,0
7071,0
7072,0
7073,0
7074,4
7075,0
7076,4
7077,0
7078,0
7079,0
7080,4
7081,0
7082,0
7083,0
7084,2
7085,4
7086,0
7087,0
7088,0
7089,0
7090,4
7091,0
7092,0
7093,0
7094,0
7095,0
7096,4
7097,0
7098,0
7099,0
7100,0
7101,0
7102,0
7103,0
7104,0
7105,0
7106,0
7107,0
7108,0
7109,0
7110,0
7111,0
7112,0
7113,0
7114,0
7115,0
7116,0
7117,3
7118,0
7119,0
7120,0
7121,0
7122,3
7123,0
7124,0
7125,2
7126,0
7127,0
7128,0
7129,0
7130,0
7131,0
7132,0
7133,0
7134,0
7135,0
7136,0
7137,0
7138,0
7139,4
7140,0
7141,0
7142,0
7143,0
7144,0
7145,0
7146,0
7147,4
7148,0
7149,0
7150,0
7151,0
7152,0
7153,0
7154,0
7155,4
7156,0
7157,0
7158,4
7159,0
7160,0
7161,0
7162,0
7163,0
7164,0
7165,0
7166,0
7167,0
7168,0
7169,0
7170,0
7171,0
7172,0
7173,0
7174,0
7175,4
7176,0
7177,0
7178,0
7179,0
7180,4
7181,0
7182,4
7183,0
7184,0
7185,0
7186,0
7187,0
7188,0
7189,0
7190,0
7191,4
7192,0
7193,0
7194,0
7195,0
7196,4
7197,0
7198,0
7199,0
7200,0
7201,0
7202,0
7203,4
7204,0
7205,0
7206,0
7207,3
7208,0
7209,0
7210,0
7211,0
7212,0
7213,0
7214,4
7215,0
7216,0
7217,0
7218,0
7219,0
7220,0
7221,0
7222,0
7223,0
7224,3
7225,0
7226,4
7227,0
7228,0
7229,0
7230,0
7231,4
7232,0
7233,0
7234,0
7235,0
7236,0
7237,0
7238,2
7239,0
7240,0
7241,0
7242,0
7243,0
7244,0
7245,0
7246,0
7247,0
7248,0
7249,0
7250,0
7251,0
7252,0
7253,0
7254,4
7255,0
7256,0
7257,0
7258,4
7259,0
7260,4
7261,0
7262,4
7263,0
7264,4
7265,4
7266,4
7267,0
7268,4
7269,4
7270,0
7271,0
7272,0
7273,0
7274,0
7275,0
7276,0
7277,0
7278,0
7279,0
7280,0
7281,2
7282,0
7283,0
7284,0
7285,0
7286,0
7287,0
7288,4
7289,0
7290,4
7291,4
7292,2
7293,3
7294,0
7295,0
7296,0
7297,0
7298,0
7299,0
7300,0
7301,0
7302,0
7303,0
7304,0
7305,0
7306,0
7307,0
7308,4
7309,4
7310,0
7311,0
7312,0
7313,4
7314,0
7315,0
7316,2
7317,0
7318,0
7319,0
7320,0
7321,0
7322,0
7323,4
7324,0
7325,3
7326,0
7327,4
7328,0
7329,0
7330,0
7331,0
7332,0
7333,0
7334,0
7335,0
7336,0
7337,0
7338,0
7339,0
7340,4
7341,0
7342,0
7343,0
7344,0
7345,4
7346,0
7347,0
7348,3
7349,0
7350,0
7351,0
7352,0
7353,0
7354,0
7355,0
7356,0
7357,0
7358,4
7359,0
7360,0
7361,0
7362,3
7363,0
7364,0
7365,0
7366,0
7367,0
7368,2
7369,4
7370,2
7371,0
7372,0
7373,0
7374,0
7375,0
7376,0
7377,0
7378,3
7379,0
7380,0
7381,0
7382,0
7383,0
7384,0
7385,3
7386,0
7387,0
7388,0
7389,0
7390,0
7391,4
7392,0
7393,0
7394,0
7395,4
7396,0
7397,0
7398,0
7399,0
7400,0
7401,0
7402,0
7403,0
7404,0
7405,0
7406,3
7407,0
7408,0
7409,0
7410,0
7411,4
7412,0
7413,4
7414,0
7415,4
7416,0
7417,0
7418,0
7419,3
7420,0
7421,0
7422,0
7423,0
7424,4
7425,0
7426,4
7427,0
7428,0
7429,0
7430,4
7431,0
7432,3
7433,0
7434,0
7435,4
7436,0
7437,0
7438,0
7439,0
7440,0
7441,0
7442,3
7443,0
7444,4
7445,4
7446,0
7447,0
7448,0
7449,0
7450,3
7451,0
7452,0
7453,2
7454,0
7455,0
7456,0
7457,0
7458,0
7459,0
7460,0
7461,0
7462,4
7463,0
7464,0
7465,0
7466,0
7467,0
7468,2
7469,0
7470,0
7471,3
7472,0
7473,0
7474,4
7475,0
7476,0
7477,4
7478,0
7479,0
7480,0
7481,0
7482,0
7483,0
7484,0
7485,0
7486,4
7487,0
7488,0
7489,0
7490,0
7491,0
7492,0
7493,0
7494,0
7495,0
7496,0
7497,0
7498,3
7499,0
7500,0
7501,0
7502,0
7503,0
7504,0
7505,0
7506,0
7507,0
7508,0
7509,0
7510,0
7511,0
7512,0
7513,0
7514,0
7515,3
7516,0
7517,0
7518,0
7519,0
7520,0
7521,2
7522,1
7523,3
7524,0
7525,0
7526,0
7527,0
7528,0
7529,0
7530,0
7531,0
7532,0
7533,0
7534,3
7535,3
7536,0
7537,0
7538,0
7539,4
7540,0
7541,0
7542,0
7543,0
7544,0
7545,0
7546,4
7547,0
7548,0
7549,0
7550,0
7551,0
7552,0
7553,0
7554,4
7555,4
7556,0
7557,4
7558,3
7559,0
7560,0
7561,0
7562,0
7563,0
7564,0
7565,0
7566,0
7567,0
7568,0
7569,0
7570,4
7571,0
7572,0
7573,0
7574,0
7575,0
7576,0
7577,0
7578,0
7579,0
7580,0
7581,4
7582,0
7583,3
7584,0
7585,4
7586,0
7587,3
7588,0
7589,0
7590,0
7591,0
7592,0
7593,0
7594,0
7595,0
7596,0
7597,0
7598,0
7599,3
7600,0
7601,0
7602,4
7603,0
7604,3
7605,4
7606,4
7607,4
7608,4
7609,0
7610,0
7611,0
7612,0
7613,0
7614,0
7615,0
7616,0
7617,0
7618,4
7619,4
7620,0
7621,0
7622,0
7623,4
7624,0
7625,0
7626,0
7627,0
7628,5
7629,0
7630,4
7631,0
7632,0
7633,0
7634,4
7635,0
7636,0
7637,0
7638,0
7639,0
7640,4
7641,3
7642,2
7643,4
7644,0
7645,0
7646,0
7647,0
7648,2
7649,4
7650,0
7651,0
7652,4
7653,0
7654,0
7655,0
7656,3
7657,0
7658,0
7659,0
7660,4
7661,0
7662,0
7663,0
7664,0
7665,0
7666,0
7667,0
7668,0
7669,4
7670,0
7671,0
7672,0
7673,0
7674,3
7675,0
7676,0
7677,0
7678,0
7679,0
7680,3
7681,0
7682,0
7683,3
7684,0
7685,0
7686,0
7687,2
7688,0
7689,4
7690,0
7691,0
7692,0
7693,0
7694,0
7695,0
7696,0
7697,0
7698,0
7699,0
7700,0
7701,0
7702,4
7703,0
7704,0
7705,0
7706,0
7707,0
7708,0
7709,0
7710,2
7711,4
7712,0
7713,0
7714,0
7715,2
7716,0
7717,0
7718,0
7719,0
7720,4
7721,0
7722,2
7723,0
7724,0
7725,2
7726,0
7727,0
7728,0
7729,0
7730,0
7731,0
7732,0
7733,0
7734,0
7735,0
7736,0
7737,0
7738,0
7739,0
7740,0
7741,4
7742,0
7743,0
7744,0
7745,0
7746,0
7747,4
7748,4
7749,0
7750,2
7751,0
7752,0
7753,0
7754,4
7755,0
7756,3
7757,4
7758,0
7759,0
7760,0
7761,0
7762,0
7763,0
7764,0
7765,4
7766,4
7767,0
7768,0
7769,4
7770,0
7771,0
7772,0
7773,0
7774,0
7775,0
7776,0
7777,0
7778,0
7779,0
7780,0
7781,0
7782,0
7783,0
7784,0
7785,0
7786,0
7787,0
7788,4
7789,3
7790,0
7791,4
7792,0
7793,0
7794,0
7795,0
7796,0
7797,0
7798,0
7799,0
7800,0
7801,0
7802,0
7803,0
7804,0
7805,3
7806,2
7807,0
7808,0
7809,0
7810,0
7811,0
7812,0
7813,0
7814,2
7815,0
7816,0
7817,3
7818,0
7819,0
7820,0
7821,0
7822,0
7823,0
7824,0
7825,0
7826,0
7827,0
7828,0
7829,0
7830,4
7831,4
7832,0
7833,0
7834,0
7835,0
7836,0
7837,0
7838,3
7839,2
7840,1
7841,4
7842,0
7843,0
7844,0
7845,0
7846,0
7847,0
7848,4
7849,4
7850,0
7851,2
7852,3
7853,0
7854,0
7855,0
7856,0
7857,0
7858,0
7859,0
7860,0
7861,3
7862,0
7863,0
7864,0
7865,0
7866,0
7867,3
7868,4
7869,0
7870,4
7871,0
7872,0
7873,0
7874,4
7875,0
7876,0
7877,0
7878,0
7879,4
7880,0
7881,0
7882,0
7883,4
7884,2
7885,0
7886,0
7887,2
7888,0
7889,0
7890,0
7891,3
7892,0
7893,0
7894,0
7895,0
7896,2
7897,0
7898,2
7899,0
7900,0
7901,0
7902,4
7903,0
7904,0
7905,4
7906,0
7907,0
7908,0
7909,2
7910,0
7911,3
7912,2
7913,0
7914,0
7915,0
7916,0
7917,0
7918,0
7919,0
7920,0
7921,0
7922,0
7923,0
7924,0
7925,0
7926,2
7927,4
7928,0
7929,3
7930,0
7931,0
7932,0
7933,4
7934,0
7935,0
7936,0
7937,0
7938,0
7939,0
7940,0
7941,0
7942,0
7943,0
7944,0
7945,0
7946,5
7947,0
7948,0
7949,0
7950,0
7951,2
7952,0
7953,0
7954,0
7955,3
7956,0
7957,0
7958,0
7959,2
7960,0
7961,0
7962,0
7963,0
7964,0
7965,0
7966,0
7967,0
7968,0
7969,0
7970,0
7971,0
7972,0
7973,0
7974,0
7975,0
7976,0
7977,4
7978,0
7979,0
7980,0
7981,0
7982,0
7983,0
7984,0
7985,2
7986,0
7987,0
7988,0
7989,0
7990,0
7991,0
7992,0
7993,0
7994,2
7995,0
7996,0
7997,0
7998,0
7999,2
8000,4
8001,0
8002,0
8003,0
8004,0
8005,0
8006,0
8007,0
8008,0
8009,0
8010,0
8011,0
8012,0
8013,0
8014,0
8015,3
8016,0
8017,4
8018,0
8019,0
8020,0
8021,0
8022,0
8023,0
8024,2
8025,4
8026,0
8027,0
8028,0
8029,3
8030,0
8031,4
8032,0
8033,0
8034,0
8035,2
8036,0
8037,0
8038,0
8039,0
8040,0
8041,0
8042,4
8043,2
8044,0
8045,2
8046,4
8047,0
8048,4
8049,2
8050,0
8051,0
8052,0
8053,3
8054,0
8055,0
8056,1
8057,0
8058,0
8059,2
8060,0
8061,0
8062,0
8063,0
8064,0
8065,3
8066,0
8067,2
8068,0
8069,0
8070,3
8071,0
8072,0
8073,0
8074,0
8075,0
8076,0
8077,0
8078,0
8079,0
8080,0
8081,0
8082,0
8083,0
8084,0
8085,0
8086,0
8087,0
8088,2
8089,0
8090,0
8091,0
8092,4
8093,0
8094,0
8095,0
8096,0
8097,0
8098,0
8099,0
8100,0
8101,0
8102,1
8103,0
8104,0
8105,0
8106,0
8107,0
8108,3
8109,0
8110,0
8111,0
8112,0
8113,0
8114,0
8115,0
8116,0
8117,0
8118,0
8119,0
8120,0
8121,3
8122,0
8123,0
8124,0
8125,4
8126,0
8127,0
8128,0
8129,0
8130,3
8131,0
8132,4
8133,0
8134,2
8135,0
8136,0
8137,3
8138,0
8139,0
8140,0
8141,0
8142,0
8143,0
8144,5
8145,0
8146,0
8147,3
8148,0
8149,0
8150,0
8151,2
8152,0
8153,0
8154,0
8155,2
8156,0
8157,0
8158,0
8159,0
8160,3
8161,0
8162,0
8163,0
8164,3
8165,0
8166,0
8167,0
8168,4
8169,0
8170,0
8171,3
8172,5
8173,0
8174,0
8175,0
8176,0
8177,4
8178,0
8179,0
8180,0
8181,4
8182,0
8183,0
8184,2
8185,0
8186,0
8187,0
8188,0
8189,0
8190,0
8191,0
8192,0
8193,0
8194,0
8195,0
8196,4
8197,0
8198,0
8199,2
8200,0
8201,2
8202,2
8203,2
8204,5
8205,0
8206,0
8207,2
8208,0
8209,0
8210,4
8211,0
8212,4
8213,0
8214,0
8215,0
8216,0
8217,0
8218,0
8219,0
8220,0
8221,0
8222,0
8223,0
8224,0
8225,0
8226,0
8227,0
8228,3
8229,3
8230,0
8231,2
8232,3
8233,0
8234,0
8235,0
8236,0
8237,0
8238,0
8239,0
8240,3
8241,0
8242,2
8243,0
8244,0
8245,4
8246,0
8247,0
8248,0
8249,0
8250,0
8251,0
8252,2
8253,0
8254,0
8255,0
8256,0
8257,0
8258,0
8259,0
8260,1
8261,3
8262,0
8263,0
8264,0
8265,0
8266,0
8267,2
8268,0
8269,3
8270,3
8271,4
8272,3
8273,0
8274,0
8275,0
8276,0
8277,0
8278,5
8279,0
8280,4
8281,0
8282,3
8283,0
8284,2
8285,3
8286,0
8287,4
8288,2
8289,3
8290,3
8291,0
8292,0
8293,0
8294,0
8295,3
8296,0
8297,0
8298,4
8299,0
8300,5
8301,3
8302,4
8303,0
8304,4
8305,0
8306,0
8307,3
8308,0
8309,0
8310,3
8311,1
8312,4
8313,0
8314,2
8315,0
8316,0
8317,0
8318,2
8319,0
8320,0
8321,0
8322,0
8323,0
8324,0
8325,4
8326,0
8327,0
8328,2
8329,4
8330,3
8331,0
8332,2
8333,0
8334,2
8335,0
8336,3
8337,0
8338,3
8339,0
8340,0
8341,0
8342,0
8343,0
8344,0
8345,0
8346,2
8347,0
8348,3
8349,0
8350,4
8351,0
8352,0
8353,3
8354,0
8355,0
8356,0
8357,0
8358,0
8359,4
8360,0
8361,0
8362,2
8363,0
8364,0
8365,0
8366,4
8367,3
8368,2
8369,0
8370,5
8371,0
8372,0
8373,0
8374,0
8375,0
8376,0
8377,2
8378,0
8379,0
8380,0
8381,0
8382,0
8383,0
8384,4
8385,0
8386,0
8387,0
8388,0
8389,0
8390,4
8391,2
8392,0
8393,0
8394,2
8395,0
8396,0
8397,0
8398,2
8399,0
8400,0
8401,0
8402,4
8403,0
8404,2
8405,0
8406,0
8407,2
8408,3
8409,4
8410,0
8411,0
8412,0
8413,5
8414,5
8415,0
8416,0
8417,0
8418,0
8419,2
8420,0
8421,2
8422,0
8423,0
8424,0
8425,0
8426,0
8427,2
8428,2
8429,3
8430,0
8431,2
8432,0
8433,2
8434,0
8435,2
8436,2
8437,0
8438,0
8439,0
8440,3
8441,0
8442,4
8443,2
8444,0
8445,4
8446,0
8447,0
8448,0
8449,4
8450,0
8451,5
8452,0
8453,4
8454,0
8455,2
8456,0
8457,3
8458,1
8459,0
8460,1
8461,1
8462,0
8463,0
8464,1
8465,0
8466,3
8467,0
8468,2
8469,0
8470,4
8471,1
8472,0
8473,0
8474,4
8475,0
8476,0
8477,3
8478,0
8479,1
8480,0
8481,0
8482,0
8483,0
8484,2
8485,0
8486,0
8487,0
8488,0
8489,0
8490,0
8491,0
8492,0
8493,4
8494,2
8495,0
8496,0
8497,2
8498,0
8499,0
8500,0
8501,0
8502,0
8503,0
8504,0
8505,0
8506,0
8507,0
8508,0
8509,0
8510,0
8511,3
8512,0
8513,0
8514,0
8515,2
8516,0
8517,2
8518,3
8519,3
8520,0
8521,2
8522,0
8523,0
8524,0
8525,4
8526,2
8527,2
8528,0
8529,0
8530,0
8531,2
8532,4
8533,0
8534,1
8535,0
8536,0
8537,3
8538,0
8539,0
8540,3
8541,0
8542,3
8543,0
8544,0
8545,0
8546,0
8547,0
8548,0
8549,0
8550,5
8551,0
8552,0
8553,2
8554,0
8555,1
8556,2
8557,0
8558,0
8559,2
8560,2
8561,0
8562,3
8563,0
8564,0
8565,0
8566,0
8567,0
8568,0
8569,0
8570,3
8571,4
8572,0
8573,4
8574,1
8575,0
8576,5
8577,0
8578,2
8579,0
8580,0
8581,0
8582,5
8583,0
8584,4
8585,0
8586,3
8587,4
8588,4
8589,2
8590,0
8591,3
8592,2
8593,3
8594,0
8595,4
8596,3
8597,2
8598,0
8599,0
8600,0
8601,0
8602,0
8603,0
8604,4
8605,0
8606,2
8607,0
8608,4
8609,0
8610,0
8611,0
8612,0
8613,4
8614,2
8615,3
8616,4
8617,3
8618,0
8619,2
8620,0
8621,3
8622,0
8623,0
8624,0
8625,0
8626,0
8627,0
8628,0
8629,0
8630,0
8631,2
8632,0
8633,0
8634,0
8635,2
8636,0
8637,0
8638,2
8639,2
8640,0
8641,0
8642,3
8643,0
8644,3
8645,0
8646,3
8647,0
8648,4
8649,0
8650,0
8651,0
8652,0
8653,2
8654,3
8655,2
8656,0
8657,0
8658,3
8659,0
8660,0
8661,0
8662,3
8663,0
8664,0
8665,0
8666,0
8667,3
8668,0
8669,0
8670,3
8671,0
8672,0
8673,5
8674,4
8675,3
8676,0
8677,2
8678,5
8679,0
8680,3
8681,3
8682,0
8683,3
8684,0
8685,2
8686,3
8687,0
8688,3
8689,0
8690,0
8691,1
8692,0
8693,0
8694,2
8695,0
8696,0
8697,2
8698,1
8699,0
8700,0
8701,4
8702,0
8703,0
8704,0
8705,0
8706,2
8707,5
8708,0
8709,0
8710,0
8711,0
8712,5
8713,3
8714,0
8715,0
8716,0
8717,0
8718,0
8719,0
8720,1
8721,0
8722,3
8723,3
8724,4
8725,0
8726,0
8727,0
8728,0
8729,0
8730,2
8731,3
8732,4
8733,2
8734,2
8735,0
8736,2
8737,0
8738,5
8739,2
8740,2
8741,0
8742,0
8743,0
8744,4
8745,0
8746,3
8747,2
8748,3
8749,2
8750,3
8751,0
8752,0
8753,3
8754,0
8755,2
8756,0
8757,0
8758,3
8759,2
8760,0
8761,3
8762,2
8763,0
8764,4
8765,0
8766,0
8767,0
8768,0
8769,2
8770,0
8771,3
8772,0
8773,0
8774,0
8775,0
8776,2
8777,0
8778,2
8779,0
8780,0
8781,0
8782,3
8783,3
8784,0
8785,5
8786,0
8787,2
8788,1
8789,5
8790,2
8791,5
8792,0
8793,3
8794,0
8795,0
8796,0
8797,5
8798,0
8799,0
8800,0
8801,3
8802,0
8803,2
8804,0
8805,3
8806,3
8807,2
8808,2
8809,0
8810,0
8811,0
8812,0
8813,2
8814,3
8815,0
8816,0
8817,1
8818,1
8819,5
8820,0
8821,5
8822,5
8823,0
8824,5
8825,0
8826,0
8827,2
8828,3
8829,0
8830,0
8831,2
8832,5
8833,2
8834,2
8835,0
8836,2
8837,5
8838,2
8839,0
8840,0
8841,3
8842,0
8843,0
8844,0
8845,2
8846,0
8847,0
8848,3
8849,0
8850,2
8851,1
8852,0
8853,2
8854,4
8855,0
8856,3
8857,2
8858,0
8859,1
8860,0
8861,5
8862,0
8863,2
8864,3
8865,0
8866,3
8867,2
8868,2
8869,2
8870,2
8871,2
8872,4
8873,5
8874,3
8875,2
8876,4
8877,3
8878,0
8879,0
8880,0
8881,3
8882,0
8883,4
8884,3
8885,2
8886,4
8887,4
8888,5
8889,0
8890,5
8891,0
8892,2
8893,2
8894,0
8895,5
8896,0
8897,3
8898,2
8899,3
8900,3
8901,0
8902,4
8903,0
8904,0
8905,2
8906,3
8907,0
8908,0
8909,2
8910,2
8911,4
8912,0
8913,5
8914,0
8915,0
8916,0
8917,0
8918,0
8919,2
8920,2
8921,0
8922,3
8923,0
8924,0
8925,2
8926,4
8927,3
8928,0
8929,4
8930,0
8931,2
8932,0
8933,3
8934,4
8935,4
8936,0
8937,0
8938,3
8939,5
8940,3
8941,0
8942,3
8943,0
8944,0
8945,0
8946,2
8947,5
8948,4
8949,0
8950,4
8951,0
8952,2
8953,0
8954,5
8955,0
8956,0
8957,0
8958,3
8959,2
8960,0
8961,3
8962,0
8963,0
8964,0
8965,2
8966,2
8967,2
8968,0
8969,0
8970,2
8971,0
8972,3
8973,0
8974,0
8975,3
8976,0
8977,5
8978,0
8979,0
8980,2
8981,0
8982,0
8983,3
8984,3
8985,2
8986,2
8987,0
8988,3
8989,0
8990,1
8991,3
8992,1
8993,0
8994,0
8995,5
8996,0
8997,3
8998,2
8999,3
9000,0
9001,3
9002,1
9003,3
9004,4
9005,3
9006,2
9007,2
9008,0
9009,0
9010,5
9011,2
9012,4
9013,2
9014,3
9015,0
9016,3
9017,4
9018,3
9019,0
9020,0
9021,4
9022,0
9023,0
9024,4
9025,0
9026,0
9027,3
9028,1
9029,0
9030,3
9031,0
9032,0
9033,5
9034,0
9035,5
9036,4
9037,3
9038,2
9039,3
9040,5
9041,5
9042,0
9043,3
9044,5
9045,5
9046,5
9047,2
9048,5
9049,0
9050,4
9051,4
9052,5
9053,0
9054,4
9055,3
9056,2
9057,0
9058,3
9059,0
9060,5
9061,5
9062,2
9063,0
9064,0
9065,1
9066,3
9067,3
9068,1
9069,3
9070,3
9071,3
9072,2
9073,3
9074,1
9075,0
9076,3
9077,0
9078,0
9079,3
9080,2
9081,1
9082,2
9083,3
9084,2
9085,0
9086,0
9087,1
9088,2
9089,0
9090,3
9091,2
9092,0
9093,0
9094,4
9095,0
9096,0
9097,4
9098,0
9099,3
9100,2
9101,4
9102,1
9103,0
9104,2
9105,3
9106,4
9107,0
9108,2
9109,0
9110,2
9111,1
9112,5
9113,0
9114,0
9115,2
9116,1
9117,5
9118,2
9119,1
9120,0
9121,0
9122,0
9123,2
9124,0
9125,0
9126,3
9127,0
9128,3
9129,2
9130,2
9131,5
9132,3
9133,3
9134,1
9135,0
9136,3
9137,0
9138,3
9139,4
9140,3
9141,2
9142,0
9143,3
9144,3
9145,0
9146,0
9147,3
9148,0
9149,3
9150,5
9151,3
9152,0
9153,4
9154,2
9155,0
9156,2
9157,2
9158,3
9159,3
9160,2
9161,3
9162,3
9163,2
9164,2
9165,3
9166,3
9167,1
9168,3
9169,1
9170,0
9171,2
9172,2
9173,2
9174,3
9175,4
9176,3
9177,3
9178,3
9179,4
9180,1
9181,5
9182,0
9183,4
9184,2
9185,0
9186,2
9187,4
9188,2
9189,0
9190,3
9191,0
9192,0
9193,4
9194,5
9195,2
9196,3
9197,0
9198,2
9199,2
9200,1
9201,2
9202,2
9203,3
9204,4
9205,1
9206,3
9207,3
9208,3
9209,0
9210,1
9211,0
9212,3
9213,2
9214,2
9215,1
9216,0
9217,2
9218,3
9219,0
9220,3
9221,4
9222,2
9223,1
9224,2
9225,3
9226,3
9227,0
9228,0
9229,0
9230,0
9231,4
9232,2
9233,5
9234,0
9235,5
9236,0
9237,3
9238,0
9239,3
9240,1
9241,4
9242,3
9243,0
9244,1
9245,2
9246,0
9247,2
9248,0
9249,5
9250,2
9251,0
9252,2
9253,0
9254,2
9255,3
9256,3
9257,1
9258,0
9259,4
9260,2
9261,4
9262,2
9263,4
9264,2
9265,5
9266,2
9267,1
9268,3
9269,5
9270,3
9271,5
9272,3
9273,0
9274,5
9275,5
9276,0
9277,0
9278,0
9279,3
9280,3
9281,5
9282,3
9283,2
9284,1
9285,2
9286,3
9287,2
9288,0
9289,3
9290,2
9291,0
9292,1
9293,1
9294,0
9295,2
9296,3
9297,4
9298,0
9299,2
9300,4
9301,3
9302,3
9303,2
9304,3
9305,3
9306,2
9307,4
9308,0
9309,0
9310,3
9311,3
9312,3
9313,1
9314,3
9315,2
9316,4
9317,2
9318,5
9319,2
9320,2
9321,4
9322,3
9323,3
9324,3
9325,2
9326,3
9327,0
9328,3
9329,1
9330,0
9331,1
9332,3
9333,0
9334,2
9335,1
9336,2
9337,3
9338,2
9339,2
9340,3
9341,1
9342,0
9343,3
9344,1
9345,3
9346,3
9347,3
9348,3
9349,3
9350,3
9351,2
9352,5
9353,3
9354,3
9355,4
9356,0
9357,5
9358,2
9359,1
9360,3
9361,3
9362,3
9363,3
9364,3
9365,3
9366,1
9367,3
9368,0
9369,1
9370,3
9371,3
9372,3
9373,3
9374,1
9375,3
9376,3
9377,4
9378,2
9379,5
9380,3
9381,3
9382,2
9383,0
9384,2
9385,2
9386,3
9387,5
9388,5
9389,3
9390,3
9391,1
9392,5
9393,0
9394,1
9395,3
9396,3
9397,1
9398,2
9399,0
9400,2
9401,5
9402,0
9403,2
9404,3
9405,0
9406,2
9407,1
9408,5
9409,1
9410,2
9411,0
9412,3
9413,4
9414,3
9415,5
9416,5
9417,2
9418,3
9419,3
9420,2
9421,3
9422,0
9423,3
9424,0
9425,2
9426,3
9427,1
9428,2
9429,3
9430,0
9431,3
9432,2
9433,0
9434,3
9435,4
9436,1
9437,3
9438,1
9439,2
9440,1
9441,0
9442,0
9443,3
9444,0
9445,2
9446,5
9447,4
9448,3
9449,2
9450,0
9451,5
9452,3
9453,0
9454,2
9455,0
9456,5
9457,0
9458,0
9459,2
9460,3
9461,2
9462,2
9463,2
9464,2
9465,1
9466,2
9467,3
9468,0
9469,2
9470,3
9471,2
9472,3
9473,1
9474,1
9475,2
9476,3
9477,5
9478,1
9479,3
9480,0
9481,3
9482,4
9483,3
9484,3
9485,5
9486,3
9487,0
9488,2
9489,2
9490,3
9491,1
9492,2
9493,0
9494,3
9495,2
9496,2
9497,1
9498,3
9499,3
9500,0
9501,1
9502,4
9503,2
9504,1
9505,0
9506,0
9507,3
9508,3
9509,3
9510,4
9511,3
9512,4
9513,3
9514,2
9515,0
9516,3
9517,3
9518,3
9519,1
9520,2
9521,2
9522,3
9523,2
9524,3
9525,0
9526,1
9527,2
9528,3
9529,3
9530,3
9531,0
9532,3
9533,4
9534,3
9535,2
9536,3
9537,2
9538,2
9539,4
9540,3
9541,3
9542,3
9543,4
9544,0
9545,4
9546,4
9547,5
9548,1
9549,2
9550,0
9551,2
9552,3
9553,2
9554,5
9555,4
9556,5
9557,0
9558,3
9559,5
9560,5
9561,3
9562,5
9563,2
9564,3
9565,2
9566,2
9567,4
9568,2
9569,1
9570,4
9571,0
9572,0
9573,3
9574,3
9575,2
9576,3
9577,2
9578,3
9579,3
9580,3
9581,3
9582,1
9583,3
9584,3
9585,2
9586,5
9587,2
9588,1
9589,0
9590,0
9591,2
9592,3
9593,3
9594,2
9595,2
9596,4
9597,3
9598,0
9599,2
9600,3
9601,3
9602,3
9603,0
9604,3
9605,3
9606,0
9607,4
9608,3
9609,2
9610,0
9611,3
9612,3
9613,2
9614,0
9615,3
9616,4
9617,0
9618,2
9619,3
9620,3
9621,5
9622,4
9623,3
9624,3
9625,3
9626,5
9627,0
9628,3
9629,4
9630,1
9631,3
9632,5
9633,3
9634,2
9635,3
9636,5
9637,3
9638,2
9639,0
9640,0
9641,2
9642,3
9643,3
9644,3
9645,3
9646,4
9647,3
9648,4
9649,3
9650,5
9651,0
9652,0
9653,0
9654,4
9655,2
9656,0
9657,3
9658,4
9659,3
9660,3
9661,3
9662,3
9663,3
9664,3
9665,3
9666,4
9667,1
9668,3
9669,3
9670,3
9671,3
9672,4
9673,2
9674,1
9675,3
9676,0
9677,0
9678,5
9679,4
9680,0
9681,3
9682,3
9683,2
9684,5
9685,0
9686,1
9687,0
9688,5
9689,5
9690,4
9691,0
9692,4
9693,3
9694,3
9695,3
9696,3
9697,1
9698,3
9699,5
9700,3
9701,3
9702,5
9703,3
9704,1
9705,5
9706,3
9707,5
9708,2
9709,4
9710,3
9711,3
9712,3
9713,3
9714,3
9715,0
9716,2
9717,2
9718,3
9719,0
9720,2
9721,0
9722,1
9723,3
9724,0
9725,3
9726,3
9727,3
9728,0
9729,3
9730,3
9731,3
9732,3
9733,0
9734,3
9735,2
9736,2
9737,3
9738,5
9739,0
9740,4
9741,3
9742,0
9743,3
9744,2
9745,3
9746,5
9747,5
9748,3
9749,3
9750,5
9751,3
9752,3
9753,4
9754,3
9755,2
9756,3
9757,0
9758,3
9759,0
9760,4
9761,3
9762,3
9763,4
9764,0
9765,1
9766,0
9767,2
9768,3
9769,2
9770,1
9771,2
9772,0
9773,0
9774,0
9775,1
9776,1
9777,2
9778,3
9779,2
9780,5
9781,2
9782,1
9783,5
9784,4
9785,2
9786,2
9787,3
9788,0
9789,4
9790,0
9791,5
9792,5
9793,3
9794,5
9795,3
9796,5
9797,3
9798,3
9799,2
9800,3
9801,0
9802,3
9803,0
9804,5
9805,2
9806,3
9807,5
9808,1
9809,2
9810,0
9811,2
9812,2
9813,5
9814,2
9815,3
9816,3
9817,3
9818,2
9819,1
9820,2
9821,1
9822,0
9823,2
9824,1
9825,2
9826,3
9827,2
9828,2
9829,3
9830,5
9831,3
9832,2
9833,1
9834,3
9835,3
9836,0
9837,2
9838,3
9839,0
9840,5
9841,4
9842,3
9843,3
9844,0
9845,3
9846,2
9847,2
9848,2
9849,5
9850,0
9851,3
9852,2
9853,5
9854,2
9855,3
9856,3
9857,0
9858,3
9859,3
9860,3
9861,3
9862,4
9863,0
9864,2
9865,3
9866,2
9867,2
9868,2
9869,3
9870,2
9871,2
9872,3
9873,5
9874,0
9875,2
9876,2
9877,3
9878,3
9879,2
9880,3
9881,0
9882,1
9883,3
9884,3
9885,3
9886,2
9887,3
9888,3
9889,2
9890,2
9891,2
9892,3
9893,3
9894,1
9895,2
9896,2
9897,5
9898,3
9899,3
9900,0
9901,2
9902,3
9903,3
9904,3
9905,5
9906,5
9907,1
9908,0
9909,2
9910,3
9911,3
9912,3
9913,1
9914,1
9915,5
9916,5
9917,3
9918,3
9919,2
9920,1
9921,3
9922,2
9923,4
9924,3
9925,2
9926,5
9927,1
9928,2
9929,2
9930,2
9931,0
9932,1
9933,3
9934,3
9935,5
9936,0
9937,0
9938,0
9939,0
9940,3
9941,3
9942,5
9943,0
9944,3
9945,3
9946,2
9947,0
9948,5
9949,2
9950,2
9951,5
9952,5
9953,0
9954,3
9955,2
9956,5
9957,3
9958,2
9959,0
9960,3
9961,2
9962,2
9963,5
9964,5
9965,2
9966,3
9967,1
9968,3
9969,5
9970,2
9971,5
9972,2
9973,2
9974,3
9975,3
9976,5
9977,3
9978,2
9979,2
9980,2
9981,3
9982,0
9983,3
9984,3
9985,1
9986,2
9987,3
9988,4
9989,4
9990,3
9991,3
9992,3
9993,3
9994,2
9995,0
9996,3
9997,2
9998,5
9999,5
10000,3
10001,0
10002,3
10003,3
10004,0
10005,3
10006,5
10007,3
10008,3
10009,3
10010,0
10011,4
10012,0
10013,0
10014,3
10015,3
10016,0
10017,0
10018,3
10019,1
10020,0
10021,1
10022,1
10023,5
10024,3
10025,0
10026,3
10027,3
10028,3
10029,2
10030,5
10031,2
10032,2
10033,5
10034,5
10035,3
10036,1
10037,0
10038,0
10039,0
10040,3
10041,2
10042,3
10043,3
10044,5
10045,2
10046,5
10047,0
10048,1
10049,3
10050,2
10051,3
10052,3
10053,3
10054,0
10055,0
10056,3
10057,3
10058,0
10059,3
10060,2
10061,5
10062,3
10063,4
10064,3
10065,4
10066,0
10067,2
10068,0
10069,0
10070,2
10071,2
10072,3
10073,0
10074,2
10075,4
10076,5
10077,1
10078,5
10079,0
10080,5
10081,2
10082,3
10083,0
10084,3
10085,2
10086,1
10087,3
10088,5
10089,0
10090,5
10091,1
10092,0
10093,3
10094,2
10095,3
10096,2
10097,0
10098,3
10099,5
10100,3
10101,4
10102,3
10103,0
10104,3
10105,0
10106,3
10107,1
10108,2
10109,3
10110,3
10111,0
10112,0
10113,4
10114,5
10115,1
10116,0
10117,3
10118,3
10119,1
10120,2
10121,3
10122,3
10123,3
10124,3
10125,2
10126,2
10127,2
10128,1
10129,1
10130,3
10131,2
10132,1
10133,5
10134,2
10135,3
10136,5
10137,2
10138,1
10139,3
10140,3
10141,2
10142,1
10143,3
10144,2
10145,3
10146,2
10147,3
10148,5
10149,0
10150,1
10151,5
10152,3
10153,4
10154,3
10155,5
10156,3
10157,3
10158,5
10159,3
10160,3
10161,2
10162,0
10163,2
10164,2
10165,5
10166,2
10167,3
10168,2
10169,3
10170,4
10171,2
10172,3
10173,5
10174,3
10175,3
10176,5
10177,3
10178,5
10179,3
10180,2
10181,2
10182,0
10183,5
10184,5
10185,3
10186,2
10187,3
10188,5
10189,2
10190,2
10191,0
10192,5
10193,3
10194,3
10195,3
10196,2
10197,5
10198,3
10199,3
10200,2
10201,0
10202,0
10203,0
10204,1
10205,3
10206,3
10207,0
10208,3
10209,4
10210,0
10211,5
10212,5
10213,3
10214,2
10215,3
10216,5
10217,3
10218,5
10219,0
10220,4
10221,2
10222,1
10223,0
10224,3
10225,2
10226,5
10227,0
10228,2
10229,2
10230,3
10231,4
10232,5
10233,3
10234,2
10235,3
10236,3
10237,3
10238,3
10239,5
10240,5
10241,5
10242,2
10243,2
10244,3
10245,5
10246,2
10247,2
10248,3
10249,4
10250,0
10251,5
10252,3
10253,3
10254,3
10255,3
10256,3
10257,2
10258,1
10259,3
10260,3
10261,2
10262,0
10263,5
10264,5
10265,3
10266,0
10267,0
10268,5
10269,3
10270,0
10271,5
10272,3
10273,3
10274,2
10275,4
10276,2
10277,3
10278,3
10279,0
10280,4
10281,3
10282,4
10283,2
10284,3
10285,0
10286,1
10287,2
10288,2
10289,3
10290,2
10291,5
10292,3
10293,3
10294,3
10295,0
10296,3
10297,3
10298,2
10299,1
10300,3
10301,3
10302,2
10303,1
10304,5
10305,3
10306,2
10307,2
10308,2
10309,2
10310,0
10311,5
10312,2
10313,3
10314,4
10315,2
10316,2
10317,2
10318,3
10319,3
10320,3
10321,3
10322,3
10323,2
10324,1
10325,5
10326,1
10327,0
10328,0
10329,0
10330,3
10331,0
10332,3
10333,0
10334,2
10335,5
10336,4
10337,4
10338,3
10339,3
10340,0
10341,2
10342,3
10343,3
10344,2
10345,3
10346,3
10347,3
10348,1
10349,3
10350,3
10351,3
10352,2
10353,3
10354,2
10355,0
10356,3
10357,4
10358,2
10359,5
10360,3
10361,3
10362,3
10363,2
10364,5
10365,2
10366,1
10367,5
10368,2
10369,0
10370,3
10371,5
10372,5
10373,0
10374,3
10375,1
10376,0
10377,3
10378,4
10379,3
10380,3
10381,3
10382,3
10383,5
10384,5
10385,3
10386,2
10387,2
10388,3
10389,2
10390,2
10391,2
10392,5
10393,0
10394,3
10395,2
10396,2
10397,0
10398,3
10399,3
10400,2
10401,3
10402,0
10403,4
10404,3
10405,3
10406,5
10407,2
10408,2
10409,1
10410,4
10411,2
10412,2
10413,2
10414,1
10415,3
10416,3
10417,5
10418,3
10419,0
10420,3
10421,3
10422,3
10423,1
10424,4
10425,5
10426,4
10427,2
10428,3
10429,4
10430,1
10431,2
10432,3
10433,5
10434,3
10435,3
10436,2
10437,5
10438,3
10439,1
10440,3
10441,2
10442,2
10443,3
10444,5
10445,4
10446,2
10447,3
10448,2
10449,2
10450,3
10451,5
10452,3
10453,3
10454,5
10455,2
10456,3
10457,2
10458,3
10459,2
10460,3
10461,0
10462,3
10463,2
10464,3
10465,0
10466,5
10467,3
10468,3
10469,2
10470,5
10471,3
10472,2
10473,5
10474,1
10475,0
10476,2
10477,3
10478,2
10479,4
10480,3
10481,5
10482,2
10483,3
10484,3
10485,3
10486,3
10487,1
10488,0
10489,5
10490,3
10491,1
10492,3
10493,3
10494,3
10495,3
10496,3
10497,3
10498,3
10499,5
10500,1
10501,3
10502,1
10503,3
10504,5
10505,5
10506,3
10507,0
10508,5
10509,3
10510,5
10511,0
10512,0
10513,2
10514,5
10515,3
10516,3
10517,2
10518,3
10519,5
10520,2
10521,5
10522,2
10523,1
10524,2
10525,2
10526,3
10527,3
10528,3
10529,3
10530,3
10531,3
10532,2
10533,3
10534,1
10535,3
10536,5
10537,3
10538,3
10539,3
10540,3
10541,4
10542,4
10543,5
10544,3
10545,3
10546,2
10547,3
10548,2
10549,3
10550,5
10551,2
10552,2
10553,3
10554,3
10555,2
10556,4
10557,3
10558,1
10559,5
10560,3
10561,3
10562,4
10563,1
10564,1
10565,2
10566,2
10567,2
10568,3
10569,0
10570,3
10571,3
10572,3
10573,3
10574,2
10575,5
10576,0
10577,3
10578,2
10579,0
10580,3
10581,3
10582,3
10583,1
10584,3
10585,2
10586,2
10587,2
10588,1
10589,2
10590,1
10591,4
10592,5
10593,5
10594,3
10595,3
10596,5
10597,2
10598,3
10599,3
10600,3
10601,3
10602,1
10603,2
10604,2
10605,5
10606,3
10607,1
10608,2
10609,2
10610,1
10611,5
10612,0
10613,3
10614,1
10615,2
10616,3
10617,3
10618,4
10619,3
10620,1
10621,2
10622,2
10623,3
10624,0
10625,5
10626,3
10627,3
10628,3
10629,3
10630,5
10631,4
10632,0
10633,2
10634,3
10635,3
10636,4
10637,2
10638,1
10639,4
10640,1
10641,1
10642,3
10643,2
10644,1
10645,2
10646,1
10647,3
10648,5
10649,3
10650,2
10651,2
10652,0
10653,3
10654,0
10655,0
10656,3
10657,0
10658,5
10659,2
10660,3
10661,3
10662,4
10663,3
10664,0
10665,1
10666,3
10667,5
10668,3
10669,3
10670,1
10671,3
10672,5
10673,3
10674,5
10675,2
10676,3
10677,4
10678,3
10679,5
10680,3
10681,4
10682,5
10683,1
10684,5
10685,3
10686,2
10687,3
10688,3
10689,3
10690,1
10691,3
10692,3
10693,3
10694,3
10695,2
10696,0
10697,2
10698,5
10699,5
10700,0
10701,2
10702,5
10703,5
10704,2
10705,3
10706,5
10707,4
10708,3
10709,1
10710,3
10711,3
10712,0
10713,2
10714,5
10715,3
10716,2
10717,3
10718,2
10719,3
10720,3
10721,3
10722,3
10723,4
10724,3
10725,5
10726,3
10727,3
10728,2
10729,4
10730,5
10731,3
10732,5
10733,1
10734,3
10735,3
10736,5
10737,4
10738,2
10739,2
10740,1
10741,2
10742,4
10743,2
10744,5
10745,2
10746,2
10747,3
10748,4
10749,3
10750,3
10751,5
10752,3
10753,2
10754,1
10755,3
10756,2
10757,5
10758,5
10759,2
10760,3
10761,1
10762,2
10763,3
10764,3
10765,5
10766,3
10767,3
10768,3
10769,5
10770,2
10771,2
10772,3
10773,2
10774,3
10775,1
10776,2
10777,2
10778,1
10779,2
10780,2
10781,2
10782,2
10783,2
10784,1
10785,4
10786,3
10787,2
10788,0
10789,2
10790,3
10791,2
10792,3
10793,2
10794,2
10795,3
10796,0
10797,5
10798,2
10799,0
10800,5
10801,2
10802,2
10803,3
10804,3
10805,4
10806,4
10807,4
10808,3
10809,5
10810,3
10811,2
10812,3
10813,5
10814,5
10815,3
10816,1
10817,0
10818,3
10819,3
10820,5
10821,3
10822,3
10823,2
10824,1
10825,5
10826,5
10827,3
10828,3
10829,2
10830,2
10831,0
10832,5
10833,3
10834,3
10835,2
10836,5
10837,3
10838,3
10839,3
10840,0
10841,2
10842,3
10843,2
10844,2
10845,3
10846,3
10847,2
10848,1
10849,1
10850,1
10851,3
10852,3
10853,3
10854,3
10855,2
10856,5
10857,2
10858,2
10859,1
10860,2
10861,5
10862,2
10863,2
10864,1
10865,3
10866,4
10867,3
10868,0
10869,1
10870,5
10871,1
10872,3
10873,4
10874,5
10875,2
10876,3
10877,2
10878,1
10879,5
10880,3
10881,5
10882,5
10883,3
10884,2
10885,5
10886,2
10887,2
10888,5
10889,2
10890,2
10891,2
10892,5
10893,1
10894,1
10895,3
10896,1
10897,3
10898,3
10899,0
10900,3
10901,2
10902,5
10903,3
10904,5
10905,2
10906,3
10907,1
10908,3
10909,5
10910,3
10911,1
10912,3
10913,4
10914,3
10915,5
10916,5
10917,5
10918,2
10919,2
10920,5
10921,4
10922,3
10923,2
10924,1
10925,1
10926,2
10927,3
10928,2
10929,1
10930,3
10931,3
10932,3
10933,5
10934,2
10935,2
10936,4
10937,5
10938,2
10939,5
10940,3
10941,0
10942,3
10943,3
10944,2
10945,2
10946,3
10947,2
10948,3
10949,3
10950,3
10951,3
10952,3
10953,1
10954,5
10955,2
10956,3
10957,3
10958,3
10959,2
10960,2
10961,3
10962,3
10963,4
10964,1
10965,2
10966,3
10967,3
10968,2
10969,2
10970,2
10971,3
10972,5
10973,4
10974,1
10975,3
10976,5
10977,4
10978,4
10979,5
10980,2
10981,2
10982,3
10983,3
10984,3
10985,5
10986,3
10987,3
10988,4
10989,4
10990,3
10991,2
10992,2
10993,5
10994,2
10995,3
10996,5
10997,5
10998,3
10999,5
11000,2
11001,3
11002,3
11003,2
11004,5
11005,2
11006,2
11007,1
11008,3
11009,3
11010,4
11011,1
11012,1
11013,3
11014,3
11015,5
11016,3
11017,3
11018,5
11019,5
11020,3
11021,3
11022,3
11023,3
11024,2
11025,3
11026,5
11027,3
11028,3
11029,2
11030,5
11031,5
11032,3
11033,2
11034,3
11035,5
11036,3
11037,5
11038,2
11039,4
11040,3
11041,3
11042,3
11043,3
11044,1
11045,3
11046,5
11047,5
11048,5
11049,1
11050,5
11051,1
11052,3
11053,2
11054,3
11055,3
11056,5
11057,5
11058,3
11059,5
11060,2
11061,2
11062,3
11063,3
11064,1
11065,4
11066,3
11067,2
11068,3
11069,5
11070,2
11071,1
11072,4
11073,3
11074,2
11075,2
11076,2
11077,2
11078,3
11079,3
11080,3
11081,3
11082,2
11083,2
11084,2
11085,3
11086,5
11087,2
11088,2
11089,3
11090,2
11091,5
11092,5
11093,3
11094,5
11095,5
11096,5
11097,3
11098,2
11099,3
11100,3
11101,2
11102,2
11103,5
11104,1
11105,3
11106,2
11107,2
11108,2
11109,2
11110,3
11111,5
11112,3
11113,3
11114,5
11115,5
11116,3
11117,2
11118,1
11119,1
11120,5
11121,5
11122,3
11123,5
11124,1
11125,5
11126,2
11127,3
11128,3
11129,5
11130,5
11131,2
11132,5
11133,5
11134,3
11135,1
11136,3
11137,5
11138,2
11139,2
11140,2
11141,2
11142,1
11143,3
11144,2
11145,5
11146,1
11147,2
11148,2
11149,2
11150,5
11151,4
11152,1
11153,3
11154,5
11155,1
11156,2
11157,2
11158,2
11159,2
11160,1
11161,3
11162,5
11163,3
11164,5
11165,3
11166,2
11167,5
11168,2
11169,3
11170,1
11171,2
11172,1
11173,1
11174,3
11175,1
11176,2
11177,3
11178,2
11179,1
11180,1
11181,3
11182,2
11183,3
11184,3
11185,3
11186,1
11187,2
11188,2
11189,3
11190,5
11191,3
11192,5
11193,3
11194,2
11195,2
11196,2
11197,2
11198,2
11199,3
11200,3
11201,5
11202,3
11203,1
11204,1
11205,2
11206,2
11207,3
11208,5
11209,2
11210,1
11211,5
11212,2
11213,3
11214,2
11215,5
11216,1
11217,1
11218,1
11219,1
11220,2
11221,1
11222,2
11223,1
11224,3
11225,3
11226,4
11227,5
11228,5
11229,1
11230,2
11231,2
11232,2
11233,5
11234,5
11235,1
11236,2
11237,2
11238,5
11239,5
11240,2
11241,1
11242,2
11243,3
11244,3
11245,2
11246,2
11247,2
11248,2
11249,3
11250,5
11251,5
11252,2
11253,3
11254,5
11255,5
11256,3
11257,2
11258,3
11259,5
11260,2
11261,2
11262,5
11263,2
11264,5
11265,1
11266,2
11267,5
11268,3
11269,5
11270,5
11271,2
11272,5
11273,1
11274,1
11275,2
11276,5
11277,5
11278,5
11279,5
11280,1
11281,3
11282,5
11283,5
11284,1
11285,1
11286,5
11287,2
11288,2
11289,3
11290,3
11291,5
11292,5
11293,2
11294,2
11295,3
11296,5
11297,5
11298,3
11299,1
11300,3
11301,2
11302,1
11303,3
11304,2
11305,2
11306,2
11307,2
11308,3
11309,5
11310,4
11311,1
11312,5
11313,1
11314,2
11315,2
11316,3
11317,3
11318,2
11319,3
11320,2
11321,5
11322,2
11323,2
11324,5
11325,3
11326,3
11327,5
11328,5
11329,2
11330,1
11331,3
11332,5
11333,3
11334,5
11335,3
11336,3
11337,2
11338,3
11339,2
11340,3
11341,3
11342,5
11343,5
11344,3
11345,5
11346,5
11347,3
11348,3
11349,5
11350,1
11351,2
11352,5
11353,4
11354,4
11355,5
11356,1
11357,2
11358,5
11359,3
11360,5
11361,3
11362,5
11363,3
11364,2
11365,3
11366,3
11367,5
11368,2
11369,2
11370,1
11371,5
11372,5
11373,3
11374,3
11375,3
11376,2
11377,2
11378,4
11379,2
11380,2
11381,2
11382,5
11383,1
11384,5
11385,3
11386,1
11387,4
11388,3
11389,4
11390,5
11391,3
11392,5
11393,2
11394,5
11395,3
11396,3
11397,3
11398,5
11399,1
11400,3
11401,1
11402,2
11403,3
11404,1
11405,3
11406,5
11407,2
11408,2
11409,2
11410,5
11411,2
11412,3
11413,3
11414,1
11415,1
11416,5
11417,2
11418,1
11419,5
11420,5
11421,2
11422,5
11423,2
11424,3
11425,5
11426,5
11427,5
11428,2
11429,2
11430,5
11431,2
11432,5
11433,2
11434,5
11435,2
11436,3
11437,5
11438,2
11439,5
11440,1
11441,5
11442,3
11443,3
11444,1
11445,2
11446,3
11447,5
11448,2
11449,2
11450,1
11451,5
11452,3
11453,2
11454,2
11455,5
11456,1
11457,3
11458,4
11459,3
11460,1
11461,3
11462,3
11463,5
11464,3
11465,2
11466,2
11467,5
11468,3
11469,1
11470,5
11471,3
11472,1
11473,2
11474,3
11475,1
11476,3
11477,3
11478,5
11479,2
11480,2
11481,4
11482,3
11483,4
11484,2
11485,3
11486,2
11487,3
11488,2
11489,1
11490,2
11491,2
11492,1
11493,5
11494,2
11495,2
11496,5
11497,2
11498,5
11499,5
11500,2
11501,1
11502,1
11503,5
11504,2
11505,3
11506,5
11507,1
11508,5
11509,2
11510,2
11511,1
11512,2
11513,3
11514,5
11515,3
11516,3
11517,1
11518,5
11519,3
11520,3
11521,3
11522,3
11523,5
11524,3
11525,5
11526,5
11527,2
11528,3
11529,5
11530,5
11531,2
11532,2
11533,5
11534,1
11535,2
11536,2
11537,5
11538,2
11539,1
11540,1
11541,3
11542,1
11543,1
11544,3
11545,1
11546,3
11547,5
11548,5
11549,1
11550,2
11551,5
11552,5
11553,3
11554,5
11555,2
11556,1
11557,2
11558,2
11559,5
11560,2
11561,5
11562,2
11563,3
11564,2
11565,3
11566,3
11567,1
11568,3
11569,5
11570,2
11571,3
11572,2
11573,5
11574,5
11575,3
11576,3
11577,1
11578,1
11579,3
11580,3
11581,1
11582,2
11583,2
11584,5
11585,5
11586,5
11587,3
11588,5
11589,3
11590,5
11591,2
11592,1
11593,3
11594,2
11595,2
11596,5
11597,5
11598,4
11599,2
11600,3
11601,3
11602,5
11603,5
11604,5
11605,2
11606,2
11607,2
11608,3
11609,2
11610,3
11611,3
11612,5
11613,4
11614,5
11615,2
11616,5
11617,2
11618,3
11619,3
11620,5
11621,2
11622,5
11623,1
11624,5
11625,3
11626,3
11627,3
11628,3
11629,5
11630,5
11631,5
11632,2
11633,1
11634,5
11635,2
11636,1
11637,3
11638,5
11639,1
11640,2
11641,2
11642,3
11643,5
11644,5
11645,5
11646,1
11647,1
11648,2
11649,3
11650,1
11651,5
11652,2
11653,1
11654,3
11655,5
11656,1
11657,2
11658,2
11659,1
11660,3
11661,5
11662,5
11663,3
11664,5
11665,5
11666,5
11667,3
11668,1
11669,5
11670,5
11671,3
11672,5
11673,2
11674,5
11675,1
11676,2
11677,4
11678,1
11679,2
11680,5
11681,3
11682,3
11683,5
11684,5
11685,3
11686,2
11687,3
11688,3
11689,1
11690,1
11691,2
11692,3
11693,3
11694,3
11695,3
11696,5
11697,5
11698,5
11699,1
11700,2
11701,3
11702,1
11703,5
11704,3
11705,5
11706,1
11707,1
11708,3
11709,5
11710,1
11711,5
11712,2
11713,5
11714,1
11715,5
11716,2
11717,5
11718,2
11719,5
11720,5
11721,2
11722,5
11723,3
11724,5
11725,3
11726,5
11727,3
11728,2
11729,5
11730,5
11731,5
11732,5
11733,2
11734,3
11735,2
11736,3
11737,1
11738,2
11739,1
11740,1
11741,5
11742,3
11743,5
11744,2
11745,2
11746,5
11747,5
11748,5
11749,5
11750,1
11751,3
11752,1
11753,2
11754,3
11755,3
11756,3
11757,1
11758,5
11759,1
11760,2
11761,1
11762,5
11763,5
11764,2
11765,5
11766,3
11767,3
11768,1
11769,5
11770,1
11771,5
11772,1
11773,3
11774,2
11775,5
11776,5
11777,1
11778,5
11779,5
11780,1
11781,5
11782,5
11783,3
11784,5
11785,5
11786,1
11787,3
11788,5
11789,2
11790,2
11791,3
11792,3
11793,5
11794,1
11795,1
11796,2
11797,1
11798,2
11799,5
11800,2
11801,5
11802,3
11803,2
11804,5
11805,2
11806,5
11807,1
11808,3
11809,5
11810,3
11811,5
11812,2
11813,5
11814,2
11815,1
11816,3
11817,3
11818,3
11819,2
11820,2
11821,5
11822,1
11823,5
11824,2
11825,1
11826,5
11827,2
11828,2
11829,3
11830,5
11831,2
11832,5
11833,3
11834,1
11835,1
11836,3
11837,1
11838,5
11839,5
11840,5
11841,3
11842,1
11843,1
11844,3
11845,5
11846,5
11847,5
11848,3
11849,5
11850,5
11851,1
11852,3
11853,1
11854,1
11855,2
11856,1
11857,5
11858,2
11859,2
11860,3
11861,1
11862,3
11863,5
11864,2
11865,3
11866,5
11867,5
11868,3
11869,5
11870,5
11871,3
11872,1
11873,3
11874,5
11875,2
11876,5
11877,2
11878,5
11879,5
11880,2
11881,3
11882,3
11883,3
11884,5
11885,1
11886,5
11887,1
11888,5
11889,3
11890,2
11891,3
11892,2
11893,3
11894,3
11895,1
11896,1
11897,1
11898,2
11899,5
11900,1
11901,3
11902,5
11903,1
11904,5
11905,2
11906,1
11907,1
11908,5
11909,2
11910,1
11911,3
11912,1
11913,3
11914,2
11915,5
11916,1
11917,1
11918,3
11919,3
11920,3
11921,1
11922,5
11923,3
11924,2
11925,5
11926,2
11927,1
11928,1
11929,2
11930,2
11931,3
11932,2
11933,1
11934,3
11935,1
11936,5
11937,1
11938,5
11939,3
11940,5
11941,5
11942,3
11943,5
11944,3
11945,1
11946,1
11947,1
11948,1
11949,3
11950,3
11951,5
11952,5
11953,1
11954,5
11955,2
11956,5
11957,3
11958,5
11959,1
11960,2
11961,3
11962,1
11963,5
11964,1
11965,5
11966,1
11967,2
11968,1
11969,1
11970,5
11971,3
11972,1
11973,5
11974,3
11975,1
11976,5
11977,1
11978,1
11979,1
11980,5
11981,5
11982,5
11983,1
11984,2
11985,1
11986,5
11987,3
11988,3
11989,2
11990,2
11991,2
11992,3
11993,5
11994,1
11995,1
11996,3
11997,2
11998,2
11999,1
12000,5
12001,1
12002,3
12003,1
12004,3
12005,3
12006,5
12007,1
12008,5
12009,2
12010,3
12011,1
12012,1
12013,2
12014,2
12015,2
12016,5
12017,5
12018,3
12019,1
12020,2
12021,5
12022,1
12023,1
12024,5
12025,5
12026,3
12027,3
12028,3
12029,5
12030,2
12031,2
12032,5
12033,5
12034,2
12035,5
12036,3
12037,2
12038,2
12039,5
12040,5
12041,5
12042,5
12043,1
12044,1
12045,3
12046,1
12047,1
12048,1
12049,5
12050,1
12051,3
12052,1
12053,1
12054,3
12055,1
12056,2
12057,5
12058,1
12059,5
12060,1
12061,5
12062,2
12063,5
12064,1
12065,3
12066,2
12067,3
12068,5
12069,1
12070,5
12071,5
12072,1
12073,1
12074,1
12075,2
12076,5
12077,5
12078,5
12079,1
12080,1
12081,2
12082,3
12083,5
12084,3
12085,3
12086,5
12087,2
12088,3
12089,3
12090,1
12091,5
12092,3
12093,5
12094,3
12095,1
12096,1
12097,5
12098,2
12099,5
12100,1
12101,2
12102,5
12103,1
12104,1
12105,3
12106,3
12107,3
12108,3
12109,5
12110,5
12111,1
12112,5
12113,1
12114,5
12115,1
12116,3
12117,5
12118,5
12119,1
12120,1
12121,5
12122,1
12123,1
12124,3
12125,5
12126,5
12127,5
12128,2
12129,5
12130,5
12131,3
12132,3
12133,3
12134,5
12135,5
12136,5
12137,5
12138,5
12139,1
12140,2
12141,3
12142,3
12143,1
12144,5
12145,5
12146,3
12147,5
12148,3
12149,3
12150,1
12151,5
12152,5
12153,1
12154,1
12155,2
12156,2
12157,5
12158,5
12159,5
12160,2
12161,1
12162,5
12163,3
12164,1
12165,1
12166,1
12167,1
12168,5
12169,1
12170,5
12171,2
12172,1
12173,3
12174,3
12175,1
12176,1
12177,1
12178,1
12179,1
12180,5
12181,3
12182,5
12183,5
12184,3
12185,5
12186,1
12187,1
12188,3
12189,1
12190,3
12191,3
12192,5
12193,1
12194,1
12195,4
12196,1
12197,1
12198,2
12199,5
12200,3
12201,2
12202,5
12203,2
12204,1
12205,1
12206,3
12207,3
12208,5
12209,2
12210,1
12211,3
12212,2
12213,1
12214,1
12215,5
12216,2
12217,2
12218,3
12219,1
12220,1
12221,1
12222,5
12223,1
12224,5
12225,1
12226,1
12227,3
12228,1
12229,1
12230,2
12231,5
12232,3
12233,2
12234,5
12235,1
12236,3
12237,2
12238,5
12239,3
12240,1
12241,5
12242,5
12243,3
12244,3
12245,1
12246,5
12247,2
12248,5
12249,1
12250,3
12251,5
12252,3
12253,5
12254,3
12255,2
12256,3
12257,5
12258,3
12259,1
12260,5
12261,5
12262,3
12263,5
12264,3
12265,1
12266,2
12267,1
12268,1
12269,5
12270,3
12271,5
12272,3
12273,3
12274,1
12275,1
12276,3
12277,5
12278,1
12279,1
12280,1
12281,3
12282,5
12283,1
12284,3
12285,3
12286,5
12287,2
12288,5
12289,5
12290,2
12291,2
12292,1
12293,3
12294,1
12295,1
12296,2
12297,5
12298,1
12299,5
12300,5
12301,5
12302,5
12303,1
12304,3
12305,3
12306,1
12307,5
12308,1
12309,3
12310,2
12311,3
12312,5
12313,2
12314,1
12315,1
12316,2
12317,1
12318,5
12319,1
12320,1
12321,2
12322,2
12323,1
12324,3
12325,2
12326,5
12327,2
12328,1
12329,1
12330,2
12331,5
12332,1
12333,5
12334,1
12335,3
12336,3
12337,3
12338,2
12339,1
12340,5
12341,1
12342,1
12343,2
12344,1
12345,1
12346,1
12347,2
12348,3
12349,5
12350,1
12351,3
12352,5
12353,1
12354,1
12355,5
12356,3
12357,1
12358,3
12359,1
12360,1
12361,1
12362,2
12363,3
12364,1
12365,1
12366,3
12367,1
12368,1
12369,3
12370,5
12371,1
12372,2
12373,1
12374,5
12375,2
12376,2
12377,1
12378,1
12379,1
12380,3
12381,2
12382,2
12383,5
12384,2
12385,2
12386,2
12387,3
12388,5
12389,2
12390,5
12391,5
12392,1
12393,1
12394,1
12395,1
12396,1
12397,3
12398,2
12399,2
12400,2
12401,1
12402,5
12403,2
12404,5
12405,1
12406,3
12407,2
12408,5
12409,1
12410,1
12411,2
12412,5
12413,1
12414,1
12415,1
12416,3
12417,1
12418,1
12419,5
12420,1
12421,1
12422,3
12423,1
12424,5
12425,5
12426,5
12427,5
12428,2
12429,5
12430,1
12431,1
12432,2
12433,5
12434,1
12435,1
12436,1
12437,1
12438,2
12439,5
12440,5
12441,3
12442,5
12443,2
12444,1
12445,1
12446,5
12447,2
12448,1
12449,1
12450,1
12451,3
12452,1
12453,1
12454,1
12455,3
12456,3
12457,2
12458,1
12459,2
12460,1
12461,3
12462,5
12463,1
12464,2
12465,1
12466,2
12467,1
12468,5
12469,1
12470,3
12471,3
12472,5
12473,2
12474,1
12475,5
12476,5
12477,1
12478,5
12479,1
12480,1
12481,5
12482,0
12483,0
12484,0
12485,0
12486,0
12487,0
12488,0
12489,0
12490,0
12491,0
12492,0
12493,0
12494,0
12495,0
12496,0
12497,0
12498,0
12499,0
12500,2
12501,0
12502,0
12503,0
12504,0
12505,0
12506,0
12507,0
12508,0
12509,0
12510,0
12511,0
12512,4
12513,0
12514,0
12515,0
12516,0
12517,4
12518,0
12519,0
12520,4
12521,0
12522,0
12523,0
12524,0
12525,0
12526,4
12527,0
12528,4
12529,0
12530,0
12531,0
12532,0
12533,0
12534,0
12535,4
12536,0
12537,0
12538,0
12539,0
12540,0
12541,0
12542,0
12543,4
12544,0
12545,0
12546,0
12547,0
12548,4
12549,0
12550,0
12551,0
12552,4
12553,4
12554,0
12555,0
12556,4
12557,0
12558,4
12559,0
12560,0
12561,0
12562,0
12563,0
12564,4
12565,0
12566,0
12567,4
12568,0
12569,0
12570,0
12571,0
12572,0
12573,0
12574,0
12575,0
12576,0
12577,0
12578,0
12579,2
12580,0
12581,0
12582,0
12583,0
12584,0
12585,0
12586,0
12587,0
12588,0
12589,0
12590,0
12591,4
12592,0
12593,0
12594,4
12595,4
12596,0
12597,0
12598,0
12599,0
12600,0
12601,0
12602,0
12603,0
12604,0
12605,0
12606,0
12607,4
12608,0
12609,0
12610,0
12611,0
12612,0
12613,0
12614,0
12615,0
12616,4
12617,0
12618,0
12619,4
12620,0
12621,0
12622,4
12623,0
12624,4
12625,4
12626,4
12627,0
12628,0
12629,0
12630,0
12631,0
12632,0
12633,0
12634,0
12635,0
12636,0
12637,4
12638,0
12639,0
12640,0
12641,0
12642,0
12643,0
12644,0
12645,0
12646,4
12647,0
12648,0
12649,0
12650,0
12651,0
12652,0
12653,0
12654,0
12655,0
12656,0
12657,0
12658,0
12659,0
12660,0
12661,0
12662,0
12663,4
12664,0
12665,0
12666,0
12667,4
12668,0
12669,0
12670,0
12671,4
12672,4
12673,2
12674,0
12675,0
12676,1
12677,0
12678,0
12679,0
12680,0
12681,0
12682,4
12683,0
12684,0
12685,0
12686,4
12687,0
12688,0
12689,5
12690,0
12691,0
12692,0
12693,0
12694,0
12695,0
12696,0
12697,0
12698,4
12699,4
12700,0
12701,4
12702,0
12703,0
12704,0
12705,0
12706,4
12707,0
12708,4
12709,0
12710,0
12711,0
12712,0
12713,0
12714,0
12715,0
12716,0
12717,0
12718,0
12719,4
12720,0
12721,0
12722,0
12723,4
12724,0
12725,0
12726,0
12727,4
12728,0
12729,0
12730,0
12731,0
12732,0
12733,0
12734,0
12735,0
12736,4
12737,4
12738,0
12739,0
12740,0
12741,0
12742,4
12743,4
12744,2
12745,0
12746,2
12747,0
12748,4
12749,0
12750,4
12751,0
12752,0
12753,0
12754,0
12755,4
12756,4
12757,0
12758,0
12759,4
12760,0
12761,0
12762,4
12763,0
12764,4
12765,0
12766,0
12767,0
12768,0
12769,0
12770,0
12771,0
12772,0
12773,0
12774,0
12775,0
12776,0
12777,0
12778,0
12779,2
12780,0
12781,0
12782,0
12783,4
12784,4
12785,0
12786,0
12787,0
12788,0
12789,0
12790,0
12791,0
12792,4
12793,0
12794,0
12795,4
12796,0
12797,0
12798,4
12799,4
12800,0
12801,0
12802,4
12803,0
12804,4
12805,0
12806,4
12807,0
12808,0
12809,0
12810,0
12811,0
12812,0
12813,0
12814,0
12815,4
12816,4
12817,0
12818,0
12819,3
12820,0
12821,0
12822,2
12823,0
12824,0
12825,0
12826,0
12827,0
12828,0
12829,0
12830,0
12831,0
12832,0
12833,0
12834,3
12835,0
12836,0
12837,0
12838,0
12839,0
12840,2
12841,0
12842,0
12843,4
12844,0
12845,0
12846,0
12847,0
12848,0
12849,0
12850,1
12851,0
12852,0
12853,4
12854,0
12855,4
12856,0
12857,0
12858,0
12859,0
12860,4
12861,0
12862,4
12863,0
12864,4
12865,0
12866,0
12867,0
12868,0
12869,4
12870,0
12871,0
12872,0
12873,0
12874,0
12875,0
12876,4
12877,0
12878,0
12879,0
12880,0
12881,0
12882,4
12883,0
12884,0
12885,0
12886,0
12887,2
12888,0
12889,0
12890,0
12891,0
12892,0
12893,0
12894,2
12895,0
12896,2
12897,1
12898,0
12899,0
12900,0
12901,0
12902,0
12903,0
12904,4
12905,0
12906,0
12907,0
12908,0
12909,0
12910,0
12911,0
12912,4
12913,4
12914,0
12915,0
12916,0
12917,0
12918,4
12919,0
12920,0
12921,0
12922,4
12923,0
12924,0
12925,0
12926,0
12927,0
12928,0
12929,0
12930,0
12931,2
12932,0
12933,0
12934,0
12935,0
12936,2
12937,0
12938,0
12939,0
12940,0
12941,3
12942,0
12943,4
12944,4
12945,0
12946,4
12947,4
12948,4
12949,0
12950,0
12951,4
12952,0
12953,0
12954,0
12955,0
12956,0
12957,4
12958,0
12959,4
12960,0
12961,0
12962,0
12963,0
12964,4
12965,0
12966,1
12967,0
12968,4
12969,0
12970,0
12971,0
12972,4
12973,0
12974,2
12975,0
12976,0
12977,0
12978,0
12979,0
12980,0
12981,0
12982,0
12983,0
12984,0
12985,0
12986,2
12987,4
12988,0
12989,0
12990,0
12991,0
12992,0
12993,0
12994,0
12995,0
12996,0
12997,0
12998,0
12999,0
13000,0
13001,0
13002,0
13003,4
13004,0
13005,0
13006,3
13007,0
13008,0
13009,0
13010,0
13011,0
13012,0
13013,0
13014,4
13015,4
13016,0
13017,0
13018,2
13019,0
13020,0
13021,0
13022,0
13023,0
13024,0
13025,0
13026,4
13027,0
13028,0
13029,2
13030,0
13031,0
13032,0
13033,0
13034,0
13035,0
13036,0
13037,0
13038,3
13039,0
13040,3
13041,0
13042,0
13043,0
13044,4
13045,0
13046,2
13047,0
13048,3
13049,0
13050,0
13051,4
13052,0
13053,3
13054,0
13055,2
13056,4
13057,4
13058,0
13059,0
13060,0
13061,0
13062,0
13063,0
13064,0
13065,0
13066,0
13067,0
13068,0
13069,4
13070,3
13071,0
13072,4
13073,3
13074,0
13075,0
13076,4
13077,0
13078,4
13079,1
13080,0
13081,0
13082,0
13083,0
13084,0
13085,0
13086,0
13087,0
13088,0
13089,0
13090,0
13091,0
13092,0
13093,3
13094,0
13095,0
13096,0
13097,0
13098,0
13099,0
13100,0
13101,0
13102,0
13103,0
13104,0
13105,0
13106,3
13107,0
13108,0
13109,0
13110,0
13111,0
13112,0
13113,0
13114,0
13115,0
13116,0
13117,4
13118,4
13119,0
13120,0
13121,0
13122,0
13123,0
13124,0
13125,0
13126,0
13127,4
13128,0
13129,0
13130,4
13131,0
13132,2
13133,0
13134,0
13135,0
13136,0
13137,0
13138,4
13139,2
13140,0
13141,0
13142,0
13143,0
13144,0
13145,0
13146,0
13147,0
13148,4
13149,0
13150,0
13151,0
13152,0
13153,0
13154,0
13155,5
13156,0
13157,0
13158,0
13159,4
13160,0
13161,0
13162,0
13163,4
13164,0
13165,3
13166,1
13167,0
13168,0
13169,0
13170,2
13171,0
13172,0
13173,0
13174,4
13175,3
13176,0
13177,4
13178,0
13179,0
13180,0
13181,1
13182,0
13183,0
13184,4
13185,0
13186,2
13187,0
13188,0
13189,0
13190,0
13191,0
13192,2
13193,0
13194,0
13195,0
13196,5
13197,0
13198,4
13199,0
13200,0
13201,3
13202,3
13203,2
13204,4
13205,0
13206,0
13207,4
13208,4
13209,0
13210,0
13211,0
13212,0
13213,0
13214,0
13215,0
13216,2
13217,0
13218,2
13219,0
13220,0
13221,0
13222,2
13223,0
13224,0
13225,0
13226,0
13227,0
13228,0
13229,0
13230,0
13231,0
13232,0
13233,0
13234,2
13235,0
13236,3
13237,0
13238,3
13239,0
13240,0
13241,0
13242,0
13243,0
13244,4
13245,2
13246,0
13247,0
13248,0
13249,0
13250,0
13251,0
13252,0
13253,0
13254,0
13255,4
13256,0
13257,0
13258,4
13259,0
13260,2
13261,0
13262,0
13263,0
13264,0
13265,2
13266,0
13267,0
13268,0
13269,5
13270,4
13271,0
13272,0
13273,0
13274,4
13275,2
13276,0
13277,0
13278,0
13279,0
13280,0
13281,0
13282,4
13283,0
13284,0
13285,0
13286,0
13287,0
13288,0
13289,1
13290,2
13291,0
13292,0
13293,0
13294,0
13295,0
13296,3
13297,0
13298,0
13299,4
13300,0
13301,0
13302,2
13303,0
13304,0
13305,0
13306,0
13307,0
13308,0
13309,0
13310,2
13311,0
13312,0
13313,0
13314,5
13315,2
13316,0
13317,0
13318,0
13319,0
13320,0
13321,0
13322,0
13323,0
13324,0
13325,0
13326,0
13327,1
13328,3
13329,0
13330,0
13331,0
13332,0
13333,4
13334,0
13335,0
13336,0
13337,0
13338,0
13339,1
13340,4
13341,2
13342,0
13343,0
13344,0
13345,0
13346,2
13347,0
13348,0
13349,4
13350,0
13351,0
13352,0
13353,0
13354,0
13355,0
13356,0
13357,3
13358,0
13359,0
13360,0
13361,0
13362,0
13363,0
13364,0
13365,0
13366,0
13367,0
13368,2
13369,0
13370,0
13371,0
13372,0
13373,0
13374,0
13375,4
13376,0
13377,2
13378,0
13379,0
13380,0
13381,0
13382,0
13383,0
13384,0
13385,0
13386,4
13387,0
13388,2
13389,0
13390,0
13391,0
13392,0
13393,0
13394,0
13395,0
13396,0
13397,0
13398,0
13399,0
13400,0
13401,0
13402,0
13403,2
13404,0
13405,0
13406,0
13407,0
13408,0
13409,4
13410,0
13411,0
13412,0
13413,0
13414,5
13415,0
13416,0
13417,0
13418,2
13419,0
13420,2
13421,0
13422,0
13423,0
13424,0
13425,0
13426,0
13427,2
13428,4
13429,2
13430,0
13431,0
13432,0
13433,0
13434,0
13435,0
13436,0
13437,0
13438,0
13439,0
13440,2
13441,0
13442,0
13443,0
13444,0
13445,1
13446,0
13447,0
13448,0
13449,0
13450,0
13451,0
13452,0
13453,0
13454,0
13455,2
13456,0
13457,0
13458,5
13459,0
13460,0
13461,0
13462,0
13463,0
13464,0
13465,0
13466,5
13467,0
13468,0
13469,2
13470,0
13471,0
13472,3
13473,0
13474,0
13475,0
13476,0
13477,0
13478,0
13479,0
13480,0
13481,2
13482,0
13483,4
13484,0
13485,0
13486,5
13487,0
13488,4
13489,0
13490,4
13491,2
13492,0
13493,5
13494,0
13495,0
13496,3
13497,0
13498,0
13499,0
13500,0
13501,0
13502,0
13503,5
13504,3
13505,0
13506,0
13507,0
13508,0
13509,0
13510,0
13511,0
13512,0
13513,0
13514,0
13515,1
13516,2
13517,3
13518,4
13519,3
13520,3
13521,2
13522,0
13523,0
13524,1
13525,0
13526,0
13527,0
13528,0
13529,0
13530,0
13531,0
13532,0
13533,0
13534,0
13535,2
13536,0
13537,2
13538,0
13539,0
13540,0
13541,0
13542,5
13543,0
13544,0
13545,0
13546,0
13547,2
13548,0
13549,0
13550,0
13551,0
13552,4
13553,0
13554,0
13555,0
13556,0
13557,0
13558,0
13559,0
13560,0
13561,0
13562,0
13563,4
13564,3
13565,0
13566,0
13567,0
13568,0
13569,0
13570,2
13571,0
13572,0
13573,5
13574,0
13575,0
13576,0
13577,0
13578,3
13579,0
13580,0
13581,4
13582,3
13583,0
13584,2
13585,0
13586,4
13587,5
13588,0
13589,0
13590,1
13591,0
13592,0
13593,5
13594,0
13595,0
13596,0
13597,2
13598,1
13599,2
13600,0
13601,0
13602,0
13603,0
13604,4
13605,2
13606,0
13607,2
13608,0
13609,0
13610,0
13611,0
13612,5
13613,0
13614,2
13615,0
13616,1
13617,0
13618,0
13619,0
13620,0
13621,0
13622,2
13623,0
13624,0
13625,0
13626,0
13627,0
13628,1
13629,0
13630,2
13631,0
13632,0
13633,0
13634,0
13635,0
13636,2
13637,0
13638,2
13639,0
13640,0
13641,2
13642,5
13643,0
13644,0
13645,0
13646,2
13647,0
13648,2
13649,2
13650,2
13651,2
13652,3
13653,2
13654,0
13655,0
13656,3
13657,3
13658,1
13659,0
13660,0
13661,5
13662,0
13663,0
13664,0
13665,0
13666,0
13667,0
13668,0
13669,0
13670,0
13671,4
13672,0
13673,1
13674,0
13675,0
13676,4
13677,0
13678,0
13679,0
13680,3
13681,3
13682,0
13683,0
13684,4
13685,0
13686,1
13687,0
13688,0
13689,0
13690,0
13691,0
13692,0
13693,4
13694,0
13695,0
13696,0
13697,5
13698,0
13699,5
13700,0
13701,0
13702,0
13703,3
13704,0
13705,0
13706,0
13707,2
13708,0
13709,1
13710,2
13711,2
13712,3
13713,3
13714,0
13715,0
13716,0
13717,0
13718,2
13719,1
13720,1
13721,0
13722,2
13723,1
13724,0
13725,2
13726,4
13727,0
13728,2
13729,0
13730,2
13731,3
13732,0
13733,0
13734,0
13735,0
13736,1
13737,0
13738,1
13739,2
13740,0
13741,3
13742,0
13743,5
13744,0
13745,2
13746,0
13747,0
13748,0
13749,2
13750,5
13751,0
13752,0
13753,5
13754,0
13755,3
13756,2
13757,5
13758,2
13759,0
13760,0
13761,0
13762,0
13763,2
13764,0
13765,0
13766,3
13767,0
13768,2
13769,1
13770,5
13771,0
13772,0
13773,4
13774,4
13775,3
13776,4
13777,0
13778,1
13779,0
13780,3
13781,0
13782,0
13783,0
13784,5
13785,0
13786,0
13787,0
13788,4
13789,0
13790,0
13791,0
13792,4
13793,2
13794,0
13795,3
13796,5
13797,0
13798,3
13799,3
13800,0
13801,5
13802,2
13803,2
13804,5
13805,0
13806,5
13807,0
13808,4
13809,0
13810,0
13811,0
13812,0
13813,2
13814,0
13815,0
13816,0
13817,2
13818,0
13819,4
13820,0
13821,2
13822,5
13823,2
13824,1
13825,2
13826,3
13827,1
13828,5
13829,0
13830,5
13831,5
13832,3
13833,3
13834,5
13835,0
13836,3
13837,0
13838,0
13839,0
13840,4
13841,2
13842,0
13843,5
13844,2
13845,2
13846,0
13847,4
13848,1
13849,5
13850,4
13851,0
13852,5
13853,2
13854,0
13855,0
13856,0
13857,2
13858,3
13859,0
13860,5
13861,3
13862,3
13863,1
13864,4
13865,3
13866,0
13867,1
13868,2
13869,0
13870,0
13871,0
13872,0
13873,0
13874,0
13875,0
13876,0
13877,4
13878,0
13879,0
13880,0
13881,3
13882,4
13883,0
13884,0
13885,0
13886,5
13887,0
13888,0
13889,5
13890,0
13891,0
13892,0
13893,3
13894,0
13895,5
13896,4
13897,0
13898,0
13899,4
13900,5
13901,0
13902,4
13903,0
13904,0
13905,3
13906,2
13907,5
13908,0
13909,2
13910,5
13911,4
13912,4
13913,2
13914,2
13915,5
13916,3
13917,1
13918,5
13919,3
13920,0
13921,0
13922,1
13923,1
13924,0
13925,5
13926,0
13927,5
13928,0
13929,0
13930,0
13931,5
13932,2
13933,1
13934,3
13935,1
13936,1
13937,0
13938,0
13939,1
13940,2
13941,3
13942,1
13943,0
13944,0
13945,0
13946,3
13947,5
13948,0
13949,2
13950,2
13951,0
13952,1
13953,0
13954,2
13955,0
13956,0
13957,3
13958,1
13959,4
13960,0
13961,0
13962,5
13963,2
13964,0
13965,0
13966,5
13967,5
13968,3
13969,2
13970,5
13971,3
13972,0
13973,1
13974,3
13975,0
13976,3
13977,0
13978,0
13979,0
13980,1
13981,5
13982,3
13983,3
13984,0
13985,0
13986,0
13987,5
13988,5
13989,1
13990,0
13991,0
13992,5
13993,1
13994,3
13995,0
13996,3
13997,3
13998,0
13999,5
14000,5
14001,5
14002,5
14003,3
14004,5
14005,3
14006,0
14007,5
14008,3
14009,0
14010,5
14011,0
14012,1
14013,5
14014,3
14015,3
14016,3
14017,2
14018,0
14019,0
14020,5
14021,3
14022,1
14023,0
14024,1
14025,5
14026,5
14027,0
14028,3
14029,2
14030,3
14031,5
14032,2
14033,0
14034,0
14035,3
14036,0
14037,0
14038,4
14039,0
14040,0
14041,0
14042,5
14043,5
14044,0
14045,5
14046,3
14047,2
14048,2
14049,0
14050,4
14051,2
14052,2
14053,5
14054,2
14055,5
14056,1
14057,0
14058,3
14059,0
14060,3
14061,2
14062,5
14063,1
14064,0
14065,5
14066,0
14067,5
14068,1
14069,5
14070,0
14071,3
14072,3
14073,3
14074,2
14075,3
14076,5
14077,4
14078,0
14079,3
14080,3
14081,5
14082,3
14083,3
14084,1
14085,1
14086,3
14087,5
14088,5
14089,5
14090,3
14091,0
14092,2
14093,1
14094,3
14095,2
14096,1
14097,3
14098,2
14099,0
14100,4
14101,2
14102,2
14103,1
14104,2
14105,3
14106,2
14107,3
14108,0
14109,1
14110,5
14111,4
14112,5
14113,0
14114,2
14115,5
14116,5
14117,4
14118,5
14119,3
14120,5
14121,4
14122,5
14123,0
14124,5
14125,5
14126,5
14127,5
14128,0
14129,5
14130,4
14131,0
14132,5
14133,2
14134,5
14135,5
14136,5
14137,4
14138,1
14139,0
14140,0
14141,0
14142,2
14143,0
14144,0
14145,2
14146,1
14147,3
14148,5
14149,2
14150,5
14151,2
14152,5
14153,3
14154,3
14155,5
14156,5
14157,5
14158,5
14159,5
14160,4
14161,1
14162,5
14163,2
14164,5
14165,1
14166,3
14167,5
14168,5
14169,3
14170,1
14171,5
14172,3
14173,2
14174,3
14175,5
14176,5
14177,0
14178,0
14179,3
14180,3
14181,0
14182,5
14183,0
14184,4
14185,0
14186,3
14187,3
14188,5
14189,4
14190,4
14191,2
14192,5
14193,0
14194,3
14195,5
14196,1
14197,5
14198,1
14199,0
14200,5
14201,3
14202,2
14203,3
14204,5
14205,5
14206,2
14207,1
14208,5
14209,5
14210,2
14211,0
14212,3
14213,0
14214,3
14215,0
14216,3
14217,5
14218,5
14219,3
14220,5
14221,0
14222,1
14223,5
14224,2
14225,0
14226,5
14227,5
14228,2
14229,5
14230,4
14231,5
14232,5
14233,2
14234,5
14235,0
14236,3
14237,4
14238,5
14239,0
14240,3
14241,5
14242,3
14243,3
14244,5
14245,3
14246,3
14247,2
14248,1
14249,0
14250,5
14251,5
14252,3
14253,3
14254,0
14255,2
14256,1
14257,5
14258,5
14259,5
14260,1
14261,5
14262,3
14263,2
14264,5
14265,5
14266,0
14267,0
14268,1
14269,3
14270,5
14271,3
14272,3
14273,3
14274,4
14275,5
14276,3
14277,1
14278,5
14279,5
14280,3
14281,0
14282,5
14283,2
14284,1
14285,1
14286,5
14287,5
14288,3
14289,5
14290,2
14291,1
14292,5
14293,0
14294,1
14295,2
14296,5
14297,3
14298,2
14299,5
14300,2
14301,5
14302,3
14303,1
14304,3
14305,0
14306,5
14307,4
14308,3
14309,5
14310,5
14311,0
14312,2
14313,5
14314,5
14315,5
14316,1
14317,0
14318,0
14319,1
14320,5
14321,0
14322,5
14323,5
14324,5
14325,3
14326,3
14327,2
14328,0
14329,1
14330,2
14331,5
14332,0
14333,2
14334,3
14335,3
14336,1
14337,3
14338,2
14339,5
14340,1
14341,2
14342,5
14343,5
14344,3
14345,2
14346,5
14347,5
14348,1
14349,3
14350,5
14351,2
14352,5
14353,1
14354,1
14355,5
14356,2
14357,1
14358,0
14359,1
14360,2
14361,1
14362,0
14363,1
14364,5
14365,5
14366,0
14367,5
14368,2
14369,3
14370,5
14371,2
14372,0
14373,0
14374,5
14375,3
14376,2
14377,5
14378,5
14379,4
14380,1
14381,5
14382,0
14383,1
14384,5
14385,3
14386,1
14387,1
14388,5
14389,3
14390,5
14391,4
14392,1
14393,0
14394,3
14395,5
14396,5
14397,2
14398,2
14399,5
14400,1
14401,2
14402,5
14403,2
14404,5
14405,0
14406,3
14407,2
14408,5
14409,3
14410,4
14411,5
14412,0
14413,3
14414,3
14415,5
14416,0
14417,5
14418,4
14419,2
14420,3
14421,3
14422,5
14423,5
14424,2
14425,2
14426,2
14427,1
14428,0
14429,3
14430,3
14431,5
14432,1
14433,3
14434,0
14435,3
14436,0
14437,3
14438,0
14439,3
14440,1
14441,4
14442,2
14443,2
14444,3
14445,3
14446,1
14447,3
14448,1
14449,1
14450,3
14451,2
14452,0
14453,3
14454,2
14455,0
14456,1
14457,4
14458,5
14459,5
14460,0
14461,2
14462,2
14463,5
14464,1
14465,0
14466,3
14467,3
14468,3
14469,3
14470,5
14471,5
14472,0
14473,2
14474,5
14475,2
14476,3
14477,2
14478,5
14479,5
14480,0
14481,0
14482,0
14483,2
14484,4
14485,3
14486,1
14487,0
14488,5
14489,1
14490,2
14491,5
14492,0
14493,1
14494,3
14495,5
14496,4
14497,0
14498,1
14499,4
14500,4
14501,3
14502,1
14503,2
14504,3
14505,2
14506,3
14507,3
14508,1
14509,2
14510,3
14511,5
14512,0
14513,5
14514,2
14515,2
14516,0
14517,5
14518,3
14519,0
14520,1
14521,0
14522,5
14523,4
14524,5
14525,0
14526,1
14527,1
14528,5
14529,5
14530,0
14531,5
14532,0
14533,3
14534,2
14535,3
14536,0
14537,3
14538,5
14539,0
14540,3
14541,4
14542,5
14543,1
14544,1
14545,2
14546,3
14547,5
14548,3
14549,1
14550,2
14551,2
14552,0
14553,3
14554,0
14555,5
14556,0
14557,3
14558,5
14559,0
14560,0
14561,4
14562,0
14563,3
14564,2
14565,5
14566,5
14567,3
14568,5
14569,0
14570,5
14571,2
14572,3
14573,2
14574,4
14575,3
14576,5
14577,4
14578,3
14579,3
14580,0
14581,0
14582,3
14583,4
14584,0
14585,5
14586,1
14587,1
14588,3
14589,3
14590,5
14591,3
14592,3
14593,1
14594,2
14595,3
14596,4
14597,3
14598,0
14599,5
14600,1
14601,3
14602,2
14603,5
14604,5
14605,5
14606,3
14607,5
14608,3
14609,5
14610,1
14611,3
14612,2
14613,4
14614,5
14615,1
14616,5
14617,1
14618,1
14619,5
14620,1
14621,3
14622,4
14623,2
14624,0
14625,5
14626,0
14627,1
14628,3
14629,4
14630,1
14631,5
14632,1
14633,4
14634,5
14635,4
14636,0
14637,5
14638,5
14639,0
14640,3
14641,2
14642,3
14643,3
14644,0
14645,0
14646,3
14647,3
14648,5
14649,5
14650,0
14651,2
14652,1
14653,5
14654,0
14655,3
14656,3
14657,2
14658,4
14659,4
14660,4
14661,3
14662,5
14663,1
14664,1
14665,5
14666,3
14667,5
14668,3
14669,0
14670,3
14671,5
14672,3
14673,3
14674,1
14675,5
14676,5
14677,1
14678,2
14679,0
14680,0
14681,5
14682,3
14683,2
14684,3
14685,0
14686,2
14687,0
14688,3
14689,2
14690,1
14691,4
14692,5
14693,3
14694,2
14695,1
14696,3
14697,2
14698,5
14699,1
14700,1
14701,5
14702,0
14703,1
14704,2
14705,2
14706,4
14707,3
14708,4
14709,2
14710,3
14711,0
14712,1
14713,2
14714,4
14715,3
14716,5
14717,3
14718,5
14719,5
14720,4
14721,2
14722,2
14723,0
14724,5
14725,1
14726,2
14727,5
14728,3
14729,0
14730,5
14731,5
14732,0
14733,3
14734,0
14735,5
14736,5
14737,3
14738,3
14739,5
14740,2
14741,0
14742,1
14743,4
14744,1
14745,0
14746,2
14747,3
14748,1
14749,2
14750,1
14751,3
14752,0
14753,2
14754,3
14755,4
14756,3
14757,1
14758,3
14759,0
14760,2
14761,3
14762,1
14763,5
14764,0
14765,5
14766,2
14767,3
14768,2
14769,5
14770,2
14771,5
14772,0
14773,0
14774,1
14775,5
14776,5
14777,1
14778,2
14779,1
14780,3
14781,3
14782,0
14783,4
14784,2
14785,2
14786,5
14787,3
14788,2
14789,1
14790,5
14791,0
14792,4
14793,3
14794,5
14795,3
14796,3
14797,2
14798,3
14799,3
14800,4
14801,4
14802,2
14803,4
14804,3
14805,4
14806,0
14807,3
14808,1
14809,5
14810,0
14811,5
14812,2
14813,1
14814,5
14815,5
14816,5
14817,1
14818,3
14819,3
14820,1
14821,0
14822,2
14823,3
14824,0
14825,1
14826,4
14827,3
14828,2
14829,3
14830,2
14831,3
14832,3
14833,2
14834,1
14835,4
14836,5
14837,2
14838,1
14839,0
14840,4
14841,3
14842,1
14843,5
14844,5
14845,2
14846,0
14847,1
14848,5
14849,4
14850,1
14851,3
14852,0
14853,0
14854,2
14855,1
14856,3
14857,0
14858,5
14859,2
14860,1
14861,2
14862,2
14863,3
14864,3
14865,1
14866,4
14867,0
14868,3
14869,0
14870,4
14871,0
14872,3
14873,3
14874,0
14875,5
14876,5
14877,0
14878,2
14879,2
14880,5
14881,2
14882,3
14883,5
14884,4
14885,0
14886,0
14887,3
14888,3
14889,0
14890,4
14891,5
14892,5
14893,2
14894,2
14895,3
14896,2
14897,3
14898,3
14899,3
14900,0
14901,5
14902,3
14903,5
14904,2
14905,1
14906,3
14907,0
14908,5
14909,5
14910,4
14911,5
14912,2
14913,3
14914,0
14915,0
14916,0
14917,5
14918,1
14919,4
14920,5
14921,5
14922,5
14923,0
14924,1
14925,4
14926,2
14927,5
14928,2
14929,5
14930,3
14931,5
14932,5
14933,1
14934,0
14935,2
14936,0
14937,3
14938,5
14939,3
14940,1
14941,5
14942,4
14943,5
14944,5
14945,2
14946,5
14947,2
14948,0
14949,1
14950,1
14951,5
14952,1
14953,0
14954,3
14955,2
14956,0
14957,5
14958,2
14959,5
14960,2
14961,5
14962,5
14963,1
14964,5
14965,2
14966,0
14967,2
14968,4
14969,3
14970,5
14971,0
14972,5
14973,5
14974,1
14975,4
14976,2
14977,2
14978,2
14979,5
14980,5
14981,5
14982,2
14983,5
14984,1
14985,1
14986,0
14987,5
14988,3
14989,5
14990,5
14991,1
14992,2
14993,2
14994,4
14995,0
14996,5
14997,3
14998,0
14999,3
15000,5
15001,5
15002,1
15003,3
15004,5
15005,3
15006,5
15007,3
15008,2
15009,2
15010,3
15011,5
15012,4
15013,1
15014,1
15015,4
15016,0
15017,1
15018,3
15019,3
15020,2
15021,2
15022,3
15023,5
15024,0
15025,0
15026,2
15027,5
15028,5
15029,5
15030,2
15031,2
15032,5
15033,5
15034,0
15035,5
15036,3
15037,5
15038,3
15039,1
15040,5
15041,3
15042,5
15043,3
15044,1
15045,4
15046,3
15047,3
15048,2
15049,5
15050,2
15051,2
15052,2
15053,5
15054,3
15055,3
15056,5
15057,5
15058,1
15059,5
15060,1
15061,5
15062,5
15063,3
15064,2
15065,4
15066,2
15067,3
15068,0
15069,1
15070,3
15071,3
15072,2
15073,0
15074,2
15075,2
15076,1
15077,5
15078,3
15079,2
15080,1
15081,0
15082,2
15083,5
15084,5
15085,0
15086,3
15087,5
15088,2
15089,3
15090,3
15091,1
15092,0
15093,3
15094,5
15095,5
15096,3
15097,3
15098,0
15099,1
15100,3
15101,2
15102,1
15103,2
15104,5
15105,1
15106,1
15107,5
15108,3
15109,5
15110,5
15111,3
15112,2
15113,0
15114,3
15115,3
15116,5
15117,1
15118,3
15119,3
15120,1
15121,2
15122,5
15123,5
15124,2
15125,5
15126,1
15127,3
15128,3
15129,3
15130,3
15131,5
15132,1
15133,5
15134,0
15135,3
15136,5
15137,2
15138,0
15139,5
15140,5
15141,1
15142,1
15143,3
15144,4
15145,2
15146,1
15147,2
15148,0
15149,3
15150,3
15151,3
15152,0
15153,1
15154,4
15155,4
15156,5
15157,1
15158,2
15159,2
15160,1
15161,2
15162,5
15163,5
15164,3
15165,4
15166,1
15167,3
15168,5
15169,3
15170,5
15171,5
15172,2
15173,5
15174,2
15175,3
15176,2
15177,5
15178,5
15179,3
15180,5
15181,5
15182,3
15183,3
15184,2
15185,5
15186,1
15187,2
15188,5
15189,2
15190,5
15191,4
15192,4
15193,5
15194,2
15195,3
15196,0
15197,1
15198,5
15199,5
15200,1
15201,5
15202,3
15203,3
15204,2
15205,3
15206,3
15207,2
15208,2
15209,5
15210,5
15211,5
15212,3
15213,5
15214,3
15215,5
15216,3
15217,2
15218,2
15219,1
15220,5
15221,4
15222,3
15223,3
15224,2
15225,2
15226,1
15227,3
15228,2
15229,2
15230,3
15231,4
15232,3
15233,0
15234,5
15235,5
15236,3
15237,3
15238,2
15239,5
15240,4
15241,3
15242,0
15243,1
15244,3
15245,3
15246,0
15247,0
15248,2
15249,1
15250,2
15251,2
15252,5
15253,3
15254,2
15255,2
15256,3
15257,5
15258,5
15259,1
15260,5
15261,5
15262,3
15263,5
15264,5
15265,1
15266,5
15267,5
15268,3
15269,2
15270,2
15271,5
15272,1
15273,1
15274,3
15275,4
15276,1
15277,2
15278,1
15279,1
15280,2
15281,5
15282,0
15283,4
15284,5
15285,1
15286,1
15287,3
15288,5
15289,2
15290,4
15291,5
15292,5
15293,3
15294,5
15295,3
15296,3
15297,5
15298,5
15299,5
15300,3
15301,2
15302,5
15303,1
15304,0
15305,3
15306,5
15307,3
15308,1
15309,3
15310,5
15311,5
15312,5
15313,3
15314,5
15315,2
15316,3
15317,3
15318,3
15319,5
15320,5
15321,2
15322,0
15323,1
15324,3
15325,5
15326,5
15327,3
15328,5
15329,2
15330,3
15331,3
15332,2
15333,3
15334,3
15335,2
15336,3
15337,5
15338,5
15339,5
15340,3
15341,2
15342,1
15343,5
15344,5
15345,5
15346,5
15347,1
15348,5
15349,3
15350,3
15351,2
15352,5
15353,1
15354,1
15355,1
15356,1
15357,5
15358,5
15359,5
15360,5
15361,3
15362,1
15363,1
15364,3
15365,5
15366,2
15367,2
15368,1
15369,1
15370,5
15371,5
15372,1
15373,1
15374,3
15375,5
15376,1
15377,5
15378,5
15379,1
15380,2
15381,5
15382,5
15383,2
15384,3
15385,2
15386,2
15387,5
15388,1
15389,5
15390,5
15391,5
15392,2
15393,5
15394,3
15395,5
15396,1
15397,5
15398,2
15399,3
15400,3
15401,3
15402,2
15403,1
15404,5
15405,2
15406,3
15407,5
15408,5
15409,5
15410,5
15411,4
15412,2
15413,5
15414,5
15415,4
15416,1
15417,5
15418,2
15419,2
15420,5
15421,3
15422,5
15423,5
15424,5
15425,5
15426,5
15427,5
15428,5
15429,1
15430,5
15431,3
15432,5
15433,5
15434,3
15435,5
15436,1
15437,2
15438,5
15439,3
15440,2
15441,5
15442,1
15443,5
15444,1
15445,5
15446,3
15447,2
15448,3
15449,2
15450,3
15451,2
15452,5
15453,5
15454,2
15455,3
15456,3
15457,5
15458,5
15459,3
15460,1
15461,2
15462,5
15463,3
15464,2
15465,1
15466,2
15467,2
15468,1
15469,2
15470,5
15471,5
15472,5
15473,5
15474,5
15475,3
15476,3
15477,3
15478,5
15479,5
15480,3
15481,2
15482,3
15483,2
15484,3
15485,5
15486,3
15487,2
15488,2
15489,3
15490,1
15491,3
15492,3
15493,5
15494,5
15495,2
15496,5
15497,1
15498,3
15499,3
15500,2
15501,1
15502,5
15503,1
15504,4
15505,2
15506,5
15507,5
15508,5
15509,1
15510,5
15511,5
15512,1
15513,5
15514,3
15515,3
15516,5
15517,1
15518,3
15519,5
15520,2
15521,5
15522,5
15523,5
15524,5
15525,5
15526,4
15527,5
15528,1
15529,2
15530,2
15531,5
15532,5
15533,4
15534,3
15535,5
15536,1
15537,2
15538,3
15539,5
15540,1
15541,3
15542,5
15543,1
15544,1
15545,3
15546,3
15547,1
15548,5
15549,5
15550,5
15551,5
15552,3
15553,3
15554,3
15555,5
15556,5
15557,3
15558,1
15559,5
15560,1
15561,5
15562,1
15563,2
15564,5
15565,2
15566,5
15567,5
15568,5
15569,3
15570,5
15571,4
15572,3
15573,4
15574,3
15575,3
15576,2
15577,3
15578,5
15579,5
15580,5
15581,3
15582,2
15583,3
15584,1
15585,5
15586,2
15587,5
15588,5
15589,2
15590,3
15591,3
15592,1
15593,1
15594,2
15595,3
15596,2
15597,2
15598,5
15599,2
15600,5
15601,1
15602,2
15603,4
15604,1
15605,3
15606,3
15607,2
15608,5
15609,1
15610,2
15611,5
15612,5
15613,5
15614,2
15615,5
15616,4
15617,3
15618,3
15619,1
15620,2
15621,3
15622,3
15623,1
15624,1
15625,5
15626,5
15627,5
15628,1
15629,1
15630,5
15631,5
15632,5
15633,5
15634,5
15635,2
15636,2
15637,5
15638,5
15639,3
15640,5
15641,3
15642,4
15643,1
15644,5
15645,5
15646,4
15647,5
15648,5
15649,5
15650,5
15651,3
15652,1
15653,1
15654,1
15655,5
15656,1
15657,5
15658,5
15659,2
15660,5
15661,1
15662,5
15663,3
15664,2
15665,5
15666,2
15667,4
15668,5
15669,4
15670,5
15671,5
15672,5
15673,3
15674,5
15675,5
15676,5
15677,3
15678,1
15679,5
15680,5
15681,2
15682,1
15683,5
15684,5
15685,1
15686,5
15687,3
15688,5
15689,5
15690,5
15691,5
15692,5
15693,3
15694,2
15695,5
15696,5
15697,5
15698,5
15699,2
15700,1
15701,3
15702,1
15703,3
15704,2
15705,1
15706,3
15707,5
15708,5
15709,3
15710,5
15711,3
15712,5
15713,3
15714,2
15715,5
15716,2
15717,4
15718,5
15719,5
15720,3
15721,1
15722,5
15723,4
15724,1
15725,3
15726,1
15727,3
15728,5
15729,5
15730,5
15731,2
15732,5
15733,1
15734,3
15735,5
15736,5
15737,5
15738,5
15739,2
15740,4
15741,3
15742,5
15743,3
15744,1
15745,3
15746,3
15747,1
15748,5
15749,3
15750,5
15751,3
15752,5
15753,5
15754,5
15755,5
15756,3
15757,2
15758,3
15759,5
15760,5
15761,3
15762,5
15763,5
15764,1
15765,5
15766,1
15767,3
15768,2
15769,5
15770,5
15771,5
15772,2
15773,4
15774,5
15775,5
15776,4
15777,5
15778,3
15779,5
15780,4
15781,3
15782,5
15783,5
15784,4
15785,1
15786,5
15787,3
15788,1
15789,1
15790,3
15791,3
15792,3
15793,1
15794,1
15795,1
15796,3
15797,3
15798,5
15799,5
15800,3
15801,3
15802,2
15803,5
15804,5
15805,2
15806,5
15807,2
15808,5
15809,1
15810,2
15811,2
15812,3
15813,5
15814,3
15815,2
15816,1
15817,2
15818,5
15819,5
15820,5
15821,2
15822,5
15823,5
15824,3
15825,3
15826,5
15827,1
15828,5
15829,5
15830,3
15831,4
15832,5
15833,5
15834,4
15835,5
15836,5
15837,5
15838,3
15839,3
15840,1
15841,5
15842,3
15843,2
15844,5
15845,1
15846,2
15847,2
15848,5
15849,4
15850,1
15851,1
15852,5
15853,5
15854,5
15855,1
15856,2
15857,5
15858,5
15859,1
15860,1
15861,5
15862,5
15863,5
15864,3
15865,3
15866,2
15867,3
15868,3
15869,4
15870,2
15871,1
15872,2
15873,5
15874,5
15875,5
15876,5
15877,3
15878,5
15879,3
15880,5
15881,2
15882,2
15883,3
15884,5
15885,5
15886,1
15887,1
15888,2
15889,3
15890,3
15891,2
15892,5
15893,2
15894,5
15895,5
15896,3
15897,5
15898,5
15899,5
15900,1
15901,5
15902,3
15903,2
15904,5
15905,2
15906,5
15907,4
15908,1
15909,5
15910,4
15911,3
15912,4
15913,3
15914,2
15915,5
15916,2
15917,3
15918,3
15919,3
15920,5
15921,2
15922,5
15923,2
15924,1
15925,2
15926,3
15927,1
15928,1
15929,1
15930,2
15931,5
15932,1
15933,5
15934,4
15935,1
15936,3
15937,5
15938,5
15939,3
15940,4
15941,2
15942,2
15943,4
15944,4
15945,5
15946,5
15947,3
15948,5
15949,1
15950,5
15951,5
15952,5
15953,4
15954,5
15955,4
15956,5
15957,5
15958,5
15959,2
15960,3
15961,3
15962,3
15963,5
15964,3
15965,2
15966,3
15967,5
15968,5
15969,3
15970,3
15971,5
15972,5
15973,3
15974,1
15975,5
15976,3
15977,5
15978,5
15979,5
15980,1
15981,2
15982,2
15983,3
15984,5
15985,5
15986,5
15987,5
15988,3
15989,1
15990,2
15991,5
15992,1
15993,1
15994,3
15995,2
15996,3
15997,3
15998,5
15999,1
16000,5
16001,2
16002,5
16003,5
16004,5
16005,2
16006,3
16007,1
16008,3
16009,2
16010,3
16011,5
16012,1
16013,5
16014,5
16015,1
16016,3
16017,2
16018,1
16019,3
16020,1
16021,4
16022,1
16023,2
16024,3
16025,5
16026,5
16027,2
16028,3
16029,5
16030,3
16031,3
16032,5
16033,5
16034,5
16035,1
16036,5
16037,3
16038,1
16039,3
16040,5
16041,5
16042,3
16043,3
16044,5
16045,3
16046,5
16047,2
16048,1
16049,3
16050,1
16051,5
16052,5
16053,3
16054,2
16055,5
16056,5
16057,1
16058,3
16059,5
16060,3
16061,1
16062,5
16063,3
16064,5
16065,5
16066,1
16067,2
16068,4
16069,5
16070,2
16071,5
16072,3
16073,5
16074,5
16075,3
16076,5
16077,5
16078,5
16079,5
16080,1
16081,5
16082,2
16083,5
16084,5
16085,5
16086,3
16087,1
16088,1
16089,3
16090,5
16091,1
16092,3
16093,3
16094,3
16095,5
16096,1
16097,5
16098,5
16099,3
16100,3
16101,5
16102,5
16103,5
16104,5
16105,5
16106,2
16107,3
16108,3
16109,1
16110,2
16111,5
16112,1
16113,3
16114,1
16115,5
16116,3
16117,2
16118,1
16119,4
16120,5
16121,3
16122,1
16123,5
16124,3
16125,5
16126,5
16127,5
16128,5
16129,5
16130,1
16131,1
16132,5
16133,5
16134,5
16135,3
16136,5
16137,2
16138,1
16139,2
16140,2
16141,3
16142,3
16143,5
16144,3
16145,5
16146,5
16147,5
16148,1
16149,5
16150,5
16151,5
16152,5
16153,5
16154,3
16155,2
16156,4
16157,2
16158,2
16159,3
16160,3
16161,3
16162,3
16163,5
16164,2
16165,4
16166,5
16167,1
16168,1
16169,5
16170,5
16171,5
16172,5
16173,5
16174,5
16175,5
16176,2
16177,5
16178,2
16179,2
16180,3
16181,2
16182,2
16183,2
16184,5
16185,5
16186,5
16187,4
16188,2
16189,2
16190,5
16191,5
16192,3
16193,5
16194,1
16195,3
16196,3
16197,5
16198,5
16199,5
16200,3
16201,5
16202,1
16203,5
16204,3
16205,5
16206,5
16207,3
16208,5
16209,5
16210,5
16211,5
16212,5
16213,5
16214,5
16215,3
16216,5
16217,1
16218,5
16219,3
16220,3
16221,5
16222,5
16223,5
16224,3
16225,3
16226,2
16227,5
16228,1
16229,3
16230,2
16231,5
16232,2
16233,2
16234,5
16235,5
16236,2
16237,3
16238,5
16239,5
16240,5
16241,5
16242,5
16243,3
16244,5
16245,3
16246,2
16247,5
16248,5
16249,5
16250,3
16251,1
16252,5
16253,5
16254,5
16255,1
16256,1
16257,5
16258,5
16259,2
16260,5
16261,2
16262,5
16263,5
16264,5
16265,1
16266,5
16267,1
16268,3
16269,3
16270,3
16271,3
16272,2
16273,3
16274,2
16275,2
16276,1
16277,5
16278,3
16279,2
16280,5
16281,3
16282,5
16283,2
16284,5
16285,1
16286,1
16287,3
16288,2
16289,2
16290,3
16291,5
16292,1
16293,1
16294,3
16295,5
16296,5
16297,5
16298,1
16299,5
16300,5
16301,5
16302,3
16303,5
16304,3
16305,2
16306,2
16307,1
16308,5
16309,3
16310,2
16311,5
16312,5
16313,2
16314,3
16315,5
16316,5
16317,5
16318,5
16319,3
16320,3
16321,5
16322,3
16323,3
16324,5
16325,5
16326,3
16327,3
16328,5
16329,1
16330,1
16331,5
16332,2
16333,4
16334,2
16335,2
16336,4
16337,1
16338,3
16339,1
16340,5
16341,3
16342,5
16343,5
16344,5
16345,5
16346,4
16347,5
16348,1
16349,1
16350,2
16351,1
16352,3
16353,2
16354,5
16355,1
16356,5
16357,3
16358,5
16359,5
16360,1
16361,5
16362,2
16363,2
16364,1
16365,3
16366,5
16367,5
16368,2
16369,5
16370,3
16371,5
16372,5
16373,1
16374,3
16375,1
16376,2
16377,1
16378,1
16379,3
16380,5
16381,5
16382,3
16383,3
16384,1
16385,1
16386,5
16387,2
16388,5
16389,3
16390,1
16391,1
16392,3
16393,5
16394,2
16395,3
16396,5
16397,5
16398,2
16399,2
16400,5
16401,5
16402,5
16403,3
16404,5
16405,2
16406,5
16407,5
16408,5
16409,5
16410,5
16411,5
16412,1
16413,5
16414,5
16415,5
16416,5
16417,5
16418,3
16419,2
16420,5
16421,5
16422,3
16423,3
16424,2
16425,5
16426,5
16427,2
16428,5
16429,1
16430,2
16431,1
16432,3
16433,5
16434,3
16435,1
16436,3
16437,3
16438,5
16439,1
16440,4
16441,5
16442,5
16443,5
16444,5
16445,5
16446,2
16447,5
16448,5
16449,3
16450,2
16451,2
16452,2
16453,3
16454,5
16455,5
16456,4
16457,2
16458,5
16459,5
16460,5
16461,3
16462,5
16463,3
16464,1
16465,2
16466,5
16467,2
16468,5
16469,3
16470,5
16471,3
16472,3
16473,5
16474,2
16475,2
16476,5
16477,3
16478,5
16479,5
16480,2
16481,5
16482,2
16483,5
16484,3
16485,5
16486,5
16487,2
16488,2
16489,5
16490,5
16491,5
16492,1
16493,2
16494,5
16495,3
16496,2
16497,2
16498,5
16499,3
16500,5
16501,5
16502,3
16503,5
16504,2
16505,5
16506,3
16507,5
16508,3
16509,5
16510,5
16511,5
16512,2
16513,5
16514,5
16515,2
16516,5
16517,5
16518,3
16519,3
16520,1
16521,5
16522,2
16523,2
16524,5
16525,2
16526,5
16527,5
16528,2
16529,1
16530,5
16531,5
16532,1
16533,2
16534,2
16535,5
16536,2
16537,5
16538,3
16539,3
16540,1
16541,5
16542,2
16543,1
16544,5
16545,2
16546,1
16547,2
16548,5
16549,1
16550,3
16551,1
16552,5
16553,1
16554,2
16555,5
16556,5
16557,2
16558,5
16559,2
16560,5
16561,5
16562,5
16563,5
16564,1
16565,2
16566,3
16567,1
16568,1
16569,2
16570,1
16571,5
16572,5
16573,3
16574,3
16575,3
16576,5
16577,3
16578,5
16579,1
16580,5
16581,3
16582,1
16583,5
16584,5
16585,5
16586,3
16587,1
16588,5
16589,5
16590,3
16591,3
16592,5
16593,5
16594,5
16595,5
16596,5
16597,2
16598,5
16599,5
16600,3
16601,5
16602,2
16603,1
16604,2
16605,5
16606,1
16607,1
16608,5
16609,1
16610,3
16611,4
16612,5
16613,5
16614,1
16615,1
16616,5
16617,5
16618,2
16619,3
16620,1
16621,5
16622,3
16623,5
16624,5
16625,5
16626,5
16627,3
16628,5
16629,3
16630,3
16631,5
16632,5
16633,5
16634,3
16635,3
16636,5
16637,5
16638,3
16639,5
16640,5
16641,5
16642,5
16643,5
16644,3
16645,5
16646,5
16647,3
16648,3
16649,5
16650,5
16651,5
16652,5
16653,2
16654,5
16655,2
16656,5
16657,5
16658,4
16659,2
16660,5
16661,3
16662,5
16663,5
16664,1
16665,1
16666,5
16667,2
16668,5
16669,5
16670,5
16671,1
16672,5
16673,5
16674,2
16675,5
16676,5
16677,2
16678,5
16679,2
16680,5
16681,5
16682,5
16683,1
16684,5
16685,3
16686,1
16687,2
16688,5
16689,1
16690,2
16691,5
16692,2
16693,5
16694,1
16695,1
16696,2
16697,3
16698,5
16699,2
16700,5
16701,5
16702,5
16703,5
16704,5
16705,5
16706,2
16707,3
16708,5
16709,5
16710,5
16711,1
16712,1
16713,5
16714,3
16715,5
16716,2
16717,5
16718,2
16719,5
16720,5
16721,5
16722,5
16723,2
16724,5
16725,3
16726,5
16727,5
16728,2
16729,2
16730,5
16731,5
16732,3
16733,2
16734,1
16735,5
16736,5
16737,2
16738,5
16739,5
16740,5
16741,3
16742,3
16743,5
16744,5
16745,5
16746,5
16747,5
16748,5
16749,5
16750,3
16751,3
16752,5
16753,5
16754,5
16755,3
16756,5
16757,2
16758,5
16759,3
16760,5
16761,1
16762,5
16763,5
16764,1
16765,2
16766,5
16767,5
16768,2
16769,2
16770,3
16771,2
16772,1
16773,1
16774,1
16775,5
16776,3
16777,5
16778,5
16779,5
16780,2
16781,2
16782,1
16783,5
16784,5
16785,5
16786,3
16787,5
16788,5
16789,5
16790,5
16791,2
16792,5
16793,5
16794,2
16795,5
16796,5
16797,5
16798,3
16799,3
16800,5
16801,1
16802,3
16803,3
16804,5
16805,3
16806,5
16807,2
16808,5
16809,5
16810,5
16811,5
16812,5
16813,3
16814,5
16815,3
16816,5
16817,2
16818,5
16819,1
16820,2
16821,5
16822,3
16823,2
16824,5
16825,5
16826,5
16827,5
16828,2
16829,5
16830,5
16831,5
16832,3
16833,5
16834,2
16835,3
16836,5
16837,5
16838,5
16839,5
16840,5
16841,1
16842,1
16843,5
16844,3
16845,5
16846,5
16847,5
16848,5
16849,2
16850,5
16851,3
16852,2
16853,5
16854,3
16855,1
16856,5
16857,2
16858,5
16859,1
16860,5
16861,3
16862,4
16863,5
16864,3
16865,1
16866,1
16867,5
16868,2
16869,1
16870,5
16871,2
16872,5
16873,3
16874,5
16875,5
16876,5
16877,3
16878,3
16879,2
16880,1
16881,5
16882,2
16883,5
16884,3
16885,5
16886,5
16887,5
16888,5
16889,2
16890,3
16891,1
16892,1
16893,1
16894,2
16895,2
16896,1
16897,5
16898,3
16899,5
16900,3
16901,2
16902,3
16903,5
16904,5
16905,2
16906,2
16907,5
16908,5
16909,1
16910,3
16911,2
16912,2
16913,2
16914,3
16915,2
16916,1
16917,5
16918,1
16919,3
16920,5
16921,2
16922,5
16923,5
16924,2
16925,5
16926,5
16927,5
16928,2
16929,3
16930,1
16931,3
16932,3
16933,3
16934,5
16935,5
16936,1
16937,5
16938,3
16939,5
16940,1
16941,2
16942,2
16943,3
16944,5
16945,3
16946,3
16947,1
16948,5
16949,5
16950,5
16951,5
16952,1
16953,2
16954,3
16955,5
16956,1
16957,5
16958,3
16959,3
16960,5
16961,3
16962,1
16963,1
16964,5
16965,5
16966,5
16967,5
16968,2
16969,3
16970,5
16971,5
16972,3
16973,3
16974,2
16975,2
16976,2
16977,5
16978,5
16979,3
16980,3
16981,5
16982,3
16983,5
16984,2
16985,5
16986,1
16987,5
16988,5
16989,1
16990,3
16991,3
16992,1
16993,2
16994,2
16995,2
16996,2
16997,1
16998,5
16999,5
17000,3
17001,3
17002,3
17003,5
17004,1
17005,3
17006,5
17007,3
17008,5
17009,1
17010,3
17011,2
17012,5
17013,3
17014,1
17015,1
17016,1
17017,2
17018,5
17019,5
17020,5
17021,5
17022,5
17023,2
17024,3
17025,1
17026,5
17027,3
17028,2
17029,2
17030,5
17031,5
17032,5
17033,2
17034,5
17035,5
17036,1
17037,5
17038,5
17039,1
17040,3
17041,2
17042,5
17043,5
17044,3
17045,5
17046,3
17047,5
17048,5
17049,5
17050,5
17051,5
17052,5
17053,5
17054,2
17055,5
17056,3
17057,5
17058,2
17059,5
17060,5
17061,5
17062,3
17063,5
17064,5
17065,5
17066,5
17067,5
17068,5
17069,5
17070,1
17071,3
17072,3
17073,5
17074,5
17075,3
17076,2
17077,1
17078,2
17079,5
17080,2
17081,5
17082,5
17083,5
17084,2
17085,0
17086,0
17087,0
17088,0
17089,0
17090,4
17091,0
17092,0
17093,0
17094,0
17095,0
17096,4
17097,0
17098,4
17099,4
17100,2
17101,0
17102,0
17103,0
17104,4
17105,4
17106,0
17107,0
17108,0
17109,0
17110,4
17111,0
17112,0
17113,0
17114,0
17115,0
17116,4
17117,0
17118,0
17119,0
17120,0
17121,0
17122,0
17123,4
17124,0
17125,0
17126,0
17127,0
17128,4
17129,0
17130,0
17131,0
17132,4
17133,0
17134,0
17135,0
17136,0
17137,4
17138,0
17139,4
17140,0
17141,0
17142,4
17143,0
17144,0
17145,0
17146,0
17147,0
17148,0
17149,0
17150,4
17151,4
17152,0
17153,0
17154,4
17155,0
17156,0
17157,0
17158,0
17159,0
17160,4
17161,0
17162,0
17163,0
17164,0
17165,0
17166,4
17167,0
17168,0
17169,0
17170,4
17171,0
17172,4
17173,0
17174,0
17175,4
17176,0
17177,0
17178,4
17179,0
17180,4
17181,0
17182,0
17183,4
17184,0
17185,0
17186,0
17187,0
17188,0
17189,0
17190,0
17191,0
17192,0
17193,0
17194,0
17195,0
17196,0
17197,0
17198,4
17199,0
17200,0
17201,0
17202,0
17203,4
17204,4
17205,0
17206,4
17207,0
17208,0
17209,0
17210,0
17211,0
17212,0
17213,0
17214,0
17215,0
17216,0
17217,0
17218,0
17219,0
17220,0
17221,0
17222,0
17223,4
17224,0
17225,0
17226,0
17227,4
17228,0
17229,0
17230,4
17231,0
17232,0
17233,4
17234,4
17235,4
17236,0
17237,0
17238,0
17239,0
17240,4
17241,0
17242,0
17243,0
17244,0
17245,0
17246,0
17247,0
17248,0
17249,0
17250,0
17251,0
17252,4
17253,4
17254,4
17255,0
17256,0
17257,0
17258,0
17259,1
17260,4
17261,0
17262,4
17263,0
17264,4
17265,4
17266,0
17267,4
17268,0
17269,0
17270,4
17271,3
17272,4
17273,0
17274,0
17275,0
17276,0
17277,0
17278,0
17279,0
17280,4
17281,0
17282,0
17283,4
17284,0
17285,4
17286,4
17287,0
17288,0
17289,1
17290,0
17291,0
17292,0
17293,0
17294,0
17295,0
17296,4
17297,4
17298,4
17299,0
17300,0
17301,0
17302,0
17303,0
17304,0
17305,4
17306,0
17307,0
17308,0
17309,0
17310,0
17311,4
17312,0
17313,0
17314,0
17315,0
17316,4
17317,4
17318,4
17319,2
17320,0
17321,0
17322,0
17323,0
17324,0
17325,0
17326,0
17327,0
17328,0
17329,4
17330,0
17331,0
17332,4
17333,0
17334,0
17335,4
17336,0
17337,0
17338,1
17339,0
17340,0
17341,0
17342,4
17343,0
17344,0
17345,4
17346,4
17347,3
17348,4
17349,0
17350,4
17351,0
17352,0
17353,4
17354,0
17355,0
17356,4
17357,0
17358,0
17359,0
17360,0
17361,3
17362,4
17363,0
17364,0
17365,4
17366,0
17367,0
17368,0
17369,4
17370,4
17371,0
17372,0
17373,0
17374,0
17375,0
17376,4
17377,0
17378,0
17379,0
17380,0
17381,0
17382,4
17383,0
17384,0
17385,0
17386,4
17387,0
17388,4
17389,0
17390,0
17391,4
17392,4
17393,0
17394,0
17395,0
17396,0
17397,4
17398,0
17399,0
17400,0
17401,0
17402,0
17403,0
17404,0
17405,0
17406,0
17407,0
17408,0
17409,0
17410,0
17411,0
17412,0
17413,0
17414,0
17415,0
17416,0
17417,1
17418,0
17419,0
17420,0
17421,0
17422,0
17423,4
17424,4
17425,0
17426,4
17427,0
17428,4
17429,0
17430,0
17431,0
17432,4
17433,0
17434,0
17435,0
17436,0
17437,0
17438,0
17439,0
17440,0
17441,0
17442,4
17443,0
17444,0
17445,4
17446,0
17447,0
17448,0
17449,0
17450,0
17451,4
17452,0
17453,0
17454,0
17455,4
17456,2
17457,0
17458,0
17459,0
17460,4
17461,0
17462,0
17463,0
17464,4
17465,4
17466,0
17467,0
17468,4
17469,0
17470,0
17471,0
17472,4
17473,0
17474,0
17475,0
17476,0
17477,0
17478,0
17479,0
17480,4
17481,0
17482,0
17483,0
17484,4
17485,0
17486,0
17487,4
17488,4
17489,0
17490,0
17491,0
17492,0
17493,4
17494,0
17495,0
17496,0
17497,0
17498,0
17499,0
17500,0
17501,0
17502,0
17503,0
17504,0
17505,0
17506,0
17507,0
17508,0
17509,0
17510,0
17511,0
17512,0
17513,0
17514,0
17515,0
17516,0
17517,4
17518,0
17519,0
17520,0
17521,0
17522,0
17523,0
17524,0
17525,0
17526,0
17527,4
17528,4
17529,0
17530,0
17531,0
17532,4
17533,0
17534,0
17535,0
17536,4
17537,0
17538,0
17539,0
17540,4
17541,4
17542,2
17543,0
17544,0
17545,4
17546,0
17547,0
17548,0
17549,0
17550,0
17551,4
17552,4
17553,4
17554,0
17555,0
17556,0
17557,0
17558,0
17559,0
17560,0
17561,0
17562,0
17563,0
17564,0
17565,0
17566,0
17567,0
17568,0
17569,0
17570,0
17571,4
17572,4
17573,0
17574,0
17575,0
17576,0
17577,0
17578,3
17579,4
17580,3
17581,0
17582,0
17583,0
17584,0
17585,3
17586,0
17587,0
17588,0
17589,4
17590,0
17591,4
17592,4
17593,0
17594,0
17595,0
17596,0
17597,0
17598,0
17599,0
17600,0
17601,0
17602,0
17603,0
17604,0
17605,0
17606,0
17607,0
17608,0
17609,4
17610,4
17611,1
17612,4
17613,4
17614,4
17615,0
17616,0
17617,0
17618,0
17619,0
17620,2
17621,0
17622,1
17623,0
17624,0
17625,4
17626,2
17627,0
17628,0
17629,0
17630,0
17631,0
17632,0
17633,0
17634,0
17635,4
17636,0
17637,4
17638,0
17639,0
17640,0
17641,0
17642,4
17643,3
17644,0
17645,0
17646,0
17647,4
17648,0
17649,0
17650,0
17651,4
17652,0
17653,0
17654,0
17655,4
17656,0
17657,0
17658,0
17659,0
17660,0
17661,1
17662,0
17663,0
17664,0
17665,0
17666,0
17667,0
17668,0
17669,4
17670,4
17671,4
17672,0
17673,0
17674,0
17675,2
17676,4
17677,0
17678,4
17679,0
17680,0
17681,0
17682,0
17683,0
17684,4
17685,0
17686,4
17687,0
17688,4
17689,0
17690,0
17691,2
17692,0
17693,3
17694,3
17695,0
17696,3
17697,0
17698,4
17699,0
17700,0
17701,2
17702,0
17703,0
17704,2
17705,0
17706,0
17707,0
17708,2
17709,3
17710,0
17711,0
17712,4
17713,0
17714,3
17715,0
17716,0
17717,0
17718,0
17719,3
17720,3
17721,2
17722,4
17723,0
17724,0
17725,4
17726,0
17727,4
17728,0
17729,0
17730,0
17731,0
17732,4
17733,0
17734,0
17735,0
17736,0
17737,0
17738,4
17739,0
17740,4
17741,0
17742,0
17743,0
17744,0
17745,0
17746,0
17747,4
17748,0
17749,0
17750,0
17751,0
17752,4
17753,4
17754,0
17755,0
17756,4
17757,2
17758,0
17759,0
17760,0
17761,0
17762,0
17763,0
17764,0
17765,4
17766,0
17767,0
17768,0
17769,0
17770,0
17771,2
17772,0
17773,0
17774,0
17775,0
17776,0
17777,0
17778,0
17779,0
17780,0
17781,4
17782,0
17783,4
17784,0
17785,0
17786,0
17787,0
17788,0
17789,0
17790,0
17791,0
17792,0
17793,0
17794,4
17795,1
17796,0
17797,0
17798,0
17799,0
17800,0
17801,2
17802,2
17803,0
17804,0
17805,0
17806,0
17807,0
17808,0
17809,0
17810,0
17811,0
17812,0
17813,1
17814,0
17815,0
17816,0
17817,4
17818,0
17819,0
17820,0
17821,4
17822,0
17823,0
17824,4
17825,0
17826,0
17827,0
17828,0
17829,2
17830,0
17831,0
17832,0
17833,0
17834,0
17835,3
17836,0
17837,0
17838,2
17839,0
17840,2
17841,0
17842,0
17843,5
17844,0
17845,1
17846,4
17847,4
17848,4
17849,2
17850,0
17851,0
17852,0
17853,0
17854,0
17855,0
17856,0
17857,0
17858,4
17859,0
17860,3
17861,0
17862,2
17863,4
17864,0
17865,0
17866,0
17867,0
17868,3
17869,0
17870,2
17871,0
17872,0
17873,5
17874,0
17875,0
17876,4
17877,3
17878,0
17879,0
17880,0
17881,2
17882,1
17883,0
17884,0
17885,0
17886,5
17887,0
17888,4
17889,2
17890,0
17891,0
17892,0
17893,0
17894,4
17895,2
17896,0
17897,0
17898,2
17899,2
17900,2
17901,4
17902,1
17903,0
17904,0
17905,0
17906,1
17907,2
17908,2
17909,0
17910,2
17911,0
17912,0
17913,0
17914,0
17915,2
17916,2
17917,2
17918,0
17919,0
17920,0
17921,0
17922,0
17923,2
17924,0
17925,0
17926,0
17927,0
17928,5
17929,0
17930,0
17931,0
17932,5
17933,2
17934,0
17935,4
17936,0
17937,5
17938,3
17939,0
17940,4
17941,0
17942,0
17943,2
17944,0
17945,0
17946,2
17947,1
17948,3
17949,0
17950,0
17951,5
17952,4
17953,2
17954,4
17955,2
17956,4
17957,2
17958,5
17959,3
17960,0
17961,0
17962,0
17963,0
17964,0
17965,4
17966,0
17967,0
17968,0
17969,0
17970,0
17971,0
17972,2
17973,0
17974,1
17975,0
17976,0
17977,3
17978,0
17979,2
17980,0
17981,0
17982,0
17983,3
17984,2
17985,2
17986,2
17987,4
17988,0
17989,0
17990,0
17991,3
17992,0
17993,0
17994,0
17995,2
17996,0
17997,4
17998,0
17999,4
18000,0
18001,2
18002,0
18003,0
18004,0
18005,0
18006,0
18007,0
18008,5
18009,1
18010,2
18011,0
18012,2
18013,4
18014,2
18015,3
18016,4
18017,0
18018,5
18019,0
18020,0
18021,2
18022,0
18023,3
18024,0
18025,0
18026,4
18027,2
18028,0
18029,2
18030,2
18031,1
18032,2
18033,3
18034,0
18035,3
18036,3
18037,4
18038,0
18039,4
18040,0
18041,2
18042,0
18043,3
18044,0
18045,0
18046,0
18047,0
18048,2
18049,0
18050,2
18051,5
18052,0
18053,1
18054,0
18055,2
18056,0
18057,5
18058,0
18059,0
18060,0
18061,1
18062,0
18063,1
18064,5
18065,1
18066,2
18067,0
18068,2
18069,0
18070,2
18071,5
18072,0
18073,2
18074,2
18075,0
18076,3
18077,2
18078,0
18079,2
18080,1
18081,0
18082,0
18083,0
18084,0
18085,0
18086,1
18087,4
18088,0
18089,0
18090,3
18091,2
18092,2
18093,5
18094,0
18095,0
18096,0
18097,0
18098,0
18099,5
18100,0
18101,0
18102,3
18103,0
18104,0
18105,0
18106,0
18107,0
18108,3
18109,5
18110,2
18111,0
18112,0
18113,5
18114,0
18115,0
18116,0
18117,3
18118,2
18119,2
18120,0
18121,0
18122,1
18123,2
18124,0
18125,0
18126,2
18127,1
18128,0
18129,4
18130,0
18131,5
18132,0
18133,0
18134,2
18135,0
18136,0
18137,0
18138,0
18139,1
18140,0
18141,0
18142,3
18143,3
18144,0
18145,0
18146,0
18147,0
18148,2
18149,4
18150,5
18151,0
18152,2
18153,1
18154,0
18155,0
18156,0
18157,3
18158,0
18159,0
18160,2
18161,0
18162,1
18163,2
18164,2
18165,3
18166,0
18167,4
18168,5
18169,1
18170,0
18171,2
18172,1
18173,4
18174,5
18175,0
18176,0
18177,2
18178,0
18179,1
18180,1
18181,4
18182,2
18183,3
18184,0
18185,5
18186,0
18187,3
18188,0
18189,3
18190,2
18191,1
18192,0
18193,0
18194,2
18195,0
18196,0
18197,2
18198,3
18199,0
18200,4
18201,2
18202,3
18203,0
18204,5
18205,2
18206,3
18207,0
18208,5
18209,1
18210,0
18211,0
18212,2
18213,4
18214,0
18215,0
18216,0
18217,1
18218,0
18219,0
18220,0
18221,0
18222,0
18223,3
18224,3
18225,5
18226,2
18227,1
18228,4
18229,0
18230,2
18231,4
18232,2
18233,1
18234,2
18235,0
18236,1
18237,0
18238,3
18239,2
18240,2
18241,2
18242,2
18243,0
18244,4
18245,3
18246,2
18247,2
18248,1
18249,0
18250,2
18251,3
18252,2
18253,0
18254,0
18255,3
18256,3
18257,1
18258,2
18259,0
18260,2
18261,0
18262,1
18263,1
18264,2
18265,2
18266,2
18267,2
18268,5
18269,0
18270,2
18271,4
18272,2
18273,1
18274,0
18275,0
18276,2
18277,0
18278,0
18279,0
18280,2
18281,3
18282,3
18283,2
18284,1
18285,0
18286,0
18287,0
18288,2
18289,0
18290,3
18291,1
18292,0
18293,3
18294,2
18295,2
18296,4
18297,0
18298,3
18299,5
18300,5
18301,0
18302,1
18303,2
18304,2
18305,0
18306,3
18307,0
18308,4
18309,5
18310,5
18311,0
18312,0
18313,0
18314,2
18315,1
18316,2
18317,5
18318,2
18319,0
18320,2
18321,4
18322,0
18323,2
18324,0
18325,0
18326,0
18327,2
18328,0
18329,2
18330,0
18331,3
18332,1
18333,2
18334,2
18335,3
18336,0
18337,0
18338,2
18339,0
18340,2
18341,0
18342,0
18343,1
18344,3
18345,1
18346,3
18347,0
18348,0
18349,0
18350,1
18351,5
18352,2
18353,1
18354,5
18355,0
18356,1
18357,4
18358,2
18359,5
18360,0
18361,1
18362,2
18363,3
18364,3
18365,2
18366,2
18367,3
18368,5
18369,2
18370,0
18371,3
18372,0
18373,5
18374,3
18375,0
18376,3
18377,4
18378,0
18379,3
18380,0
18381,1
18382,0
18383,2
18384,0
18385,2
18386,2
18387,0
18388,3
18389,0
18390,2
18391,1
18392,1
18393,3
18394,1
18395,0
18396,3
18397,5
18398,4
18399,3
18400,0
18401,0
18402,0
18403,0
18404,0
18405,1
18406,3
18407,5
18408,0
18409,2
18410,3
18411,0
18412,0
18413,0
18414,5
18415,0
18416,3
18417,2
18418,2
18419,1
18420,3
18421,0
18422,4
18423,2
18424,1
18425,1
18426,3
18427,2
18428,4
18429,5
18430,1
18431,1
18432,3
18433,2
18434,2
18435,3
18436,0
18437,1
18438,0
18439,1
18440,1
18441,2
18442,1
18443,3
18444,0
18445,2
18446,1
18447,0
18448,4
18449,1
18450,2
18451,2
18452,2
18453,5
18454,2
18455,0
18456,0
18457,1
18458,2
18459,2
18460,3
18461,2
18462,3
18463,2
18464,0
18465,2
18466,5
18467,5
18468,0
18469,3
18470,0
18471,0
18472,0
18473,2
18474,1
18475,4
18476,3
18477,3
18478,0
18479,1
18480,5
18481,2
18482,3
18483,0
18484,3
18485,1
18486,5
18487,0
18488,1
18489,0
18490,3
18491,4
18492,0
18493,2
18494,4
18495,1
18496,3
18497,2
18498,2
18499,3
18500,3
18501,2
18502,3
18503,4
18504,1
18505,1
18506,4
18507,0
18508,5
18509,1
18510,0
18511,0
18512,0
18513,1
18514,1
18515,2
18516,2
18517,1
18518,5
18519,0
18520,2
18521,1
18522,3
18523,0
18524,2
18525,0
18526,1
18527,2
18528,0
18529,3
18530,1
18531,2
18532,2
18533,2
18534,2
18535,0
18536,2
18537,4
18538,5
18539,2
18540,2
18541,3
18542,2
18543,1
18544,2
18545,1
18546,2
18547,0
18548,4
18549,3
18550,5
18551,3
18552,3
18553,5
18554,1
18555,0
18556,5
18557,5
18558,2
18559,2
18560,0
18561,3
18562,3
18563,0
18564,0
18565,2
18566,2
18567,1
18568,3
18569,1
18570,2
18571,3
18572,3
18573,5
18574,2
18575,2
18576,3
18577,3
18578,1
18579,2
18580,5
18581,5
18582,1
18583,1
18584,5
18585,3
18586,1
18587,4
18588,2
18589,5
18590,1
18591,1
18592,5
18593,3
18594,0
18595,0
18596,0
18597,2
18598,1
18599,2
18600,3
18601,3
18602,0
18603,3
18604,2
18605,3
18606,3
18607,1
18608,3
18609,4
18610,2
18611,2
18612,5
18613,5
18614,0
18615,0
18616,3
18617,2
18618,1
18619,5
18620,2
18621,1
18622,5
18623,0
18624,2
18625,3
18626,2
18627,0
18628,3
18629,1
18630,1
18631,5
18632,0
18633,3
18634,2
18635,1
18636,1
18637,2
18638,0
18639,0
18640,3
18641,3
18642,2
18643,2
18644,1
18645,3
18646,0
18647,3
18648,5
18649,2
18650,0
18651,0
18652,3
18653,0
18654,1
18655,1
18656,2
18657,1
18658,0
18659,3
18660,0
18661,1
18662,5
18663,0
18664,5
18665,0
18666,1
18667,3
18668,1
18669,4
18670,5
18671,5
18672,0
18673,4
18674,1
18675,5
18676,5
18677,2
18678,0
18679,5
18680,5
18681,4
18682,5
18683,5
18684,1
18685,5
18686,2
18687,1
18688,0
18689,0
18690,3
18691,4
18692,1
18693,2
18694,2
18695,1
18696,4
18697,3
18698,5
18699,5
18700,1
18701,1
18702,0
18703,2
18704,4
18705,3
18706,1
18707,0
18708,3
18709,1
18710,1
18711,0
18712,2
18713,1
18714,5
18715,3
18716,5
18717,2
18718,1
18719,5
18720,0
18721,3
18722,0
18723,1
18724,5
18725,2
18726,0
18727,2
18728,3
18729,3
18730,0
18731,1
18732,4
18733,2
18734,3
18735,2
18736,2
18737,3
18738,3
18739,3
18740,2
18741,3
18742,1
18743,3
18744,1
18745,3
18746,0
18747,2
18748,3
18749,3
18750,2
18751,2
18752,1
18753,2
18754,2
18755,1
18756,2
18757,1
18758,1
18759,0
18760,5
18761,4
18762,3
18763,2
18764,0
18765,1
18766,0
18767,2
18768,0
18769,3
18770,4
18771,1
18772,5
18773,2
18774,5
18775,4
18776,1
18777,2
18778,2
18779,1
18780,1
18781,2
18782,2
18783,3
18784,1
18785,4
18786,5
18787,0
18788,0
18789,2
18790,0
18791,4
18792,5
18793,4
18794,3
18795,1
18796,3
18797,1
18798,1
18799,3
18800,2
18801,5
18802,0
18803,0
18804,0
18805,3
18806,2
18807,1
18808,4
18809,5
18810,5
18811,2
18812,1
18813,3
18814,3
18815,1
18816,2
18817,4
18818,5
18819,3
18820,0
18821,0
18822,0
18823,5
18824,3
18825,3
18826,3
18827,5
18828,0
18829,1
18830,3
18831,3
18832,4
18833,3
18834,0
18835,0
18836,0
18837,2
18838,2
18839,5
18840,4
18841,2
18842,2
18843,3
18844,3
18845,3
18846,3
18847,5
18848,2
18849,3
18850,0
18851,3
18852,1
18853,4
18854,2
18855,3
18856,5
18857,3
18858,3
18859,3
18860,4
18861,2
18862,2
18863,1
18864,5
18865,2
18866,3
18867,2
18868,2
18869,3
18870,0
18871,3
18872,1
18873,0
18874,2
18875,3
18876,5
18877,3
18878,0
18879,3
18880,1
18881,3
18882,0
18883,1
18884,1
18885,4
18886,2
18887,2
18888,0
18889,1
18890,1
18891,5
18892,0
18893,1
18894,5
18895,2
18896,1
18897,3
18898,1
18899,5
18900,0
18901,2
18902,5
18903,4
18904,1
18905,0
18906,5
18907,5
18908,5
18909,1
18910,1
18911,5
18912,2
18913,5
18914,1
18915,1
18916,1
18917,4
18918,0
18919,0
18920,3
18921,5
18922,2
18923,5
18924,3
18925,1
18926,2
18927,2
18928,2
18929,0
18930,2
18931,4
18932,1
18933,1
18934,1
18935,4
18936,0
18937,3
18938,5
18939,0
18940,3
18941,2
18942,0
18943,5
18944,0
18945,5
18946,2
18947,4
18948,1
18949,2
18950,1
18951,3
18952,1
18953,0
18954,3
18955,4
18956,0
18957,0
18958,2
18959,1
18960,3
18961,3
18962,4
18963,2
18964,5
18965,2
18966,1
18967,1
18968,1
18969,2
18970,1
18971,0
18972,4
18973,3
18974,5
18975,2
18976,2
18977,2
18978,3
18979,2
18980,0
18981,0
18982,3
18983,3
18984,5
18985,0
18986,0
18987,5
18988,1
18989,2
18990,3
18991,3
18992,5
18993,1
18994,5
18995,0
18996,5
18997,3
18998,1
18999,5
19000,2
19001,2
19002,2
19003,5
19004,1
19005,2
19006,0
19007,4
19008,5
19009,5
19010,5
19011,5
19012,5
19013,5
19014,3
19015,0
19016,5
19017,3
19018,2
19019,4
19020,3
19021,5
19022,2
19023,3
19024,5
19025,2
19026,2
19027,2
19028,1
19029,1
19030,1
19031,3
19032,0
19033,3
19034,5
19035,3
19036,1
19037,5
19038,3
19039,2
19040,2
19041,0
19042,0
19043,3
19044,2
19045,2
19046,5
19047,2
19048,4
19049,3
19050,4
19051,5
19052,2
19053,3
19054,3
19055,4
19056,5
19057,1
19058,3
19059,4
19060,5
19061,1
19062,5
19063,1
19064,0
19065,4
19066,0
19067,2
19068,1
19069,5
19070,1
19071,4
19072,0
19073,5
19074,1
19075,3
19076,1
19077,3
19078,1
19079,3
19080,0
19081,1
19082,2
19083,4
19084,2
19085,1
19086,3
19087,2
19088,3
19089,0
19090,1
19091,1
19092,3
19093,1
19094,1
19095,2
19096,1
19097,1
19098,1
19099,1
19100,4
19101,1
19102,2
19103,1
19104,0
19105,3
19106,1
19107,5
19108,2
19109,2
19110,3
19111,1
19112,1
19113,3
19114,1
19115,2
19116,2
19117,3
19118,2
19119,3
19120,5
19121,2
19122,2
19123,0
19124,1
19125,1
19126,2
19127,1
19128,1
19129,3
19130,3
19131,1
19132,2
19133,5
19134,4
19135,2
19136,0
19137,5
19138,1
19139,2
19140,2
19141,3
19142,4
19143,1
19144,1
19145,1
19146,5
19147,1
19148,4
19149,1
19150,1
19151,2
19152,5
19153,3
19154,5
19155,5
19156,0
19157,0
19158,1
19159,3
19160,2
19161,1
19162,4
19163,0
19164,3
19165,2
19166,2
19167,1
19168,1
19169,1
19170,2
19171,4
19172,0
19173,3
19174,2
19175,2
19176,1
19177,1
19178,0
19179,3
19180,1
19181,5
19182,5
19183,1
19184,1
19185,3
19186,3
19187,5
19188,1
19189,3
19190,0
19191,2
19192,4
19193,3
19194,2
19195,3
19196,5
19197,5
19198,2
19199,1
19200,3
19201,2
19202,5
19203,5
19204,1
19205,0
19206,1
19207,5
19208,5
19209,1
19210,1
19211,0
19212,2
19213,1
19214,0
19215,2
19216,4
19217,0
19218,3
19219,1
19220,2
19221,0
19222,0
19223,5
19224,3
19225,2
19226,2
19227,1
19228,2
19229,1
19230,4
19231,2
19232,3
19233,2
19234,1
19235,2
19236,3
19237,5
19238,5
19239,5
19240,5
19241,5
19242,5
19243,2
19244,1
19245,3
19246,2
19247,5
19248,1
19249,2
19250,4
19251,2
19252,0
19253,3
19254,1
19255,1
19256,1
19257,3
19258,5
19259,3
19260,1
19261,1
19262,5
19263,3
19264,1
19265,3
19266,5
19267,1
19268,1
19269,3
19270,2
19271,2
19272,4
19273,3
19274,3
19275,5
19276,2
19277,3
19278,2
19279,5
19280,5
19281,4
19282,5
19283,5
19284,0
19285,2
19286,3
19287,5
19288,0
19289,1
19290,5
19291,1
19292,2
19293,3
19294,5
19295,3
19296,3
19297,2
19298,4
19299,1
19300,5
19301,1
19302,3
19303,2
19304,1
19305,5
19306,3
19307,5
19308,3
19309,2
19310,1
19311,5
19312,1
19313,1
19314,3
19315,1
19316,1
19317,1
19318,3
19319,2
19320,1
19321,2
19322,5
19323,2
19324,5
19325,3
19326,1
19327,4
19328,1
19329,1
19330,1
19331,5
19332,2
19333,3
19334,3
19335,1
19336,5
19337,1
19338,3
19339,3
19340,3
19341,2
19342,4
19343,2
19344,2
19345,3
19346,5
19347,5
19348,1
19349,1
19350,2
19351,2
19352,5
19353,5
19354,1
19355,5
19356,5
19357,5
19358,2
19359,3
19360,1
19361,5
19362,2
19363,2
19364,1
19365,2
19366,5
19367,5
19368,2
19369,2
19370,3
19371,1
19372,5
19373,2
19374,2
19375,1
19376,1
19377,1
19378,5
19379,1
19380,2
19381,1
19382,1
19383,1
19384,1
19385,5
19386,2
19387,5
19388,1
19389,5
19390,3
19391,1
19392,5
19393,3
19394,5
19395,1
19396,1
19397,2
19398,2
19399,5
19400,5
19401,3
19402,1
19403,3
19404,0
19405,3
19406,5
19407,5
19408,3
19409,1
19410,2
19411,1
19412,2
19413,3
19414,5
19415,5
19416,3
19417,1
19418,1
19419,5
19420,3
19421,1
19422,3
19423,2
19424,5
19425,3
19426,2
19427,1
19428,3
19429,1
19430,2
19431,5
19432,3
19433,2
19434,2
19435,1
19436,1
19437,5
19438,3
19439,1
19440,1
19441,5
19442,5
19443,5
19444,1
19445,5
19446,3
19447,1
19448,1
19449,1
19450,5
19451,2
19452,3
19453,2
19454,1
19455,5
19456,3
19457,2
19458,2
19459,2
19460,2
19461,5
19462,4
19463,4
19464,1
19465,2
19466,5
19467,3
19468,2
19469,5
19470,5
19471,1
19472,2
19473,2
19474,4
19475,3
19476,1
19477,3
19478,5
19479,3
19480,5
19481,2
19482,1
19483,5
19484,5
19485,5
19486,2
19487,3
19488,1
19489,1
19490,3
19491,5
19492,2
19493,3
19494,3
19495,3
19496,5
19497,2
19498,3
19499,5
19500,5
19501,1
19502,4
19503,2
19504,1
19505,2
19506,5
19507,2
19508,1
19509,5
19510,5
19511,4
19512,3
19513,2
19514,1
19515,3
19516,3
19517,2
19518,5
19519,3
19520,4
19521,2
19522,5
19523,5
19524,1
19525,1
19526,4
19527,1
19528,1
19529,5
19530,1
19531,1
19532,5
19533,2
19534,5
19535,2
19536,1
19537,3
19538,4
19539,1
19540,2
19541,3
19542,5
19543,2
19544,1
19545,2
19546,2
19547,1
19548,5
19549,3
19550,4
19551,3
19552,3
19553,2
19554,2
19555,1
19556,2
19557,3
19558,5
19559,1
19560,2
19561,2
19562,2
19563,1
19564,2
19565,5
19566,2
19567,2
19568,3
19569,1
19570,1
19571,3
19572,1
19573,3
19574,5
19575,5
19576,5
19577,1
19578,2
19579,2
19580,1
19581,1
19582,3
19583,1
19584,5
19585,5
19586,1
19587,2
19588,1
19589,5
19590,2
19591,3
19592,1
19593,4
19594,1
19595,5
19596,3
19597,3
19598,1
19599,2
19600,4
19601,3
19602,2
19603,5
19604,1
19605,3
19606,5
19607,1
19608,2
19609,1
19610,5
19611,4
19612,2
19613,2
19614,2
19615,5
19616,4
19617,5
19618,3
19619,1
19620,5
19621,3
19622,5
19623,3
19624,3
19625,2
19626,3
19627,2
19628,5
19629,5
19630,1
19631,4
19632,1
19633,5
19634,5
19635,3
19636,3
19637,2
19638,2
19639,5
19640,3
19641,3
19642,2
19643,1
19644,1
19645,3
19646,2
19647,4
19648,2
19649,3
19650,5
19651,5
19652,5
19653,1
19654,5
19655,3
19656,5
19657,5
19658,5
19659,5
19660,1
19661,1
19662,5
19663,1
19664,2
19665,5
19666,5
19667,4
19668,3
19669,5
19670,1
19671,5
19672,5
19673,5
19674,1
19675,1
19676,5
19677,5
19678,3
19679,3
19680,5
19681,2
19682,2
19683,2
19684,5
19685,4
19686,4
19687,2
19688,2
19689,2
19690,3
19691,5
19692,3
19693,2
19694,3
19695,1
19696,1
19697,1
19698,1
19699,4
19700,1
19701,1
19702,2
19703,3
19704,2
19705,2
19706,5
19707,5
19708,3
19709,5
19710,1
19711,1
19712,3
19713,1
19714,3
19715,5
19716,3
19717,5
19718,2
19719,3
19720,5
19721,5
19722,1
19723,3
19724,2
19725,2
19726,1
19727,3
19728,2
19729,3
19730,5
19731,1
19732,1
19733,2
19734,2
19735,2
19736,2
19737,1
19738,3
19739,5
19740,5
19741,3
19742,2
19743,1
19744,5
19745,5
19746,1
19747,3
19748,1
19749,2
19750,2
19751,3
19752,2
19753,2
19754,2
19755,5
19756,2
19757,1
19758,4
19759,1
19760,3
19761,1
19762,5
19763,1
19764,1
19765,5
19766,3
19767,3
19768,5
19769,1
19770,4
19771,2
19772,1
19773,5
19774,1
19775,3
19776,3
19777,1
19778,2
19779,5
19780,5
19781,1
19782,1
19783,5
19784,1
19785,3
19786,3
19787,2
19788,3
19789,5
19790,1
19791,5
19792,2
19793,3
19794,1
19795,2
19796,5
19797,5
19798,5
19799,2
19800,5
19801,1
19802,1
19803,2
19804,1
19805,3
19806,1
19807,3
19808,4
19809,2
19810,3
19811,1
19812,5
19813,5
19814,5
19815,1
19816,3
19817,5
19818,3
19819,5
19820,4
19821,5
19822,4
19823,2
19824,3
19825,5
19826,3
19827,3
19828,3
19829,5
19830,2
19831,5
19832,2
19833,5
19834,5
19835,2
19836,2
19837,5
19838,5
19839,4
19840,4
19841,2
19842,1
19843,2
19844,1
19845,5
19846,2
19847,5
19848,3
19849,5
19850,5
19851,3
19852,1
19853,2
19854,2
19855,5
19856,1
19857,2
19858,4
19859,5
19860,2
19861,5
19862,1
19863,2
19864,3
19865,1
19866,5
19867,1
19868,3
19869,3
19870,2
19871,4
19872,5
19873,5
19874,4
19875,5
19876,3
19877,3
19878,2
19879,2
19880,3
19881,2
19882,3
19883,3
19884,1
19885,5
19886,2
19887,5
19888,5
19889,3
19890,5
19891,5
19892,5
19893,1
19894,2
19895,1
19896,5
19897,5
19898,3
19899,2
19900,5
19901,1
19902,2
19903,5
19904,2
19905,5
19906,3
19907,2
19908,3
19909,3
19910,5
19911,5
19912,2
19913,3
19914,2
19915,3
19916,5
19917,1
19918,2
19919,1
19920,1
19921,5
19922,1
19923,2
19924,1
19925,2
19926,1
19927,2
19928,2
19929,1
19930,5
19931,2
19932,1
19933,1
19934,3
19935,3
19936,1
19937,1
19938,2
19939,5
19940,1
19941,2
19942,5
19943,5
19944,2
19945,3
19946,1
19947,5
19948,3
19949,3
19950,3
19951,2
19952,5
19953,5
19954,1
19955,5
19956,4
19957,5
19958,2
19959,2
19960,5
19961,5
19962,3
19963,1
19964,1
19965,2
19966,5
19967,5
19968,1
19969,5
19970,5
19971,2
19972,1
19973,5
19974,2
19975,3
19976,5
19977,2
19978,3
19979,2
19980,5
19981,1
19982,5
19983,3
19984,3
19985,5
19986,3
19987,2
19988,5
19989,3
19990,2
19991,2
19992,1
19993,5
19994,2
19995,3
19996,5
19997,5
19998,5
19999,2
20000,5
20001,1
20002,3
20003,3
20004,3
20005,1
20006,5
20007,1
20008,1
20009,2
20010,5
20011,5
20012,1
20013,5
20014,2
20015,2
20016,2
20017,5
20018,3
20019,5
20020,1
20021,3
20022,3
20023,2
20024,2
20025,3
20026,1
20027,3
20028,3
20029,5
20030,2
20031,1
20032,3
20033,2
20034,5
20035,5
20036,5
20037,3
20038,2
20039,5
20040,2
20041,3
20042,2
20043,3
20044,1
20045,1
20046,5
20047,5
20048,3
20049,5
20050,5
20051,5
20052,5
20053,3
20054,5
20055,3
20056,2
20057,2
20058,2
20059,3
20060,5
20061,5
20062,5
20063,5
20064,5
20065,3
20066,1
20067,5
20068,3
20069,1
20070,5
20071,5
20072,1
20073,3
20074,3
20075,2
20076,3
20077,5
20078,3
20079,3
20080,5
20081,2
20082,5
20083,3
20084,3
20085,5
20086,5
20087,5
20088,2
20089,5
20090,5
20091,1
20092,5
20093,1
20094,2
20095,3
20096,2
20097,2
20098,1
20099,5
20100,5
20101,5
20102,1
20103,1
20104,5
20105,4
20106,5
20107,5
20108,1
20109,2
20110,3
20111,5
20112,3
20113,5
20114,1
20115,1
20116,5
20117,2
20118,2
20119,5
20120,5
20121,5
20122,5
20123,5
20124,3
20125,3
20126,4
20127,5
20128,5
20129,5
20130,4
20131,4
20132,5
20133,1
20134,5
20135,3
20136,5
20137,2
20138,2
20139,5
20140,5
20141,1
20142,3
20143,3
20144,2
20145,5
20146,1
20147,5
20148,2
20149,5
20150,3
20151,4
20152,4
20153,3
20154,2
20155,5
20156,5
20157,5
20158,2
20159,3
20160,1
20161,5
20162,5
20163,5
20164,5
20165,5
20166,3
20167,1
20168,3
20169,1
20170,5
20171,5
20172,5
20173,3
20174,1
20175,5
20176,2
20177,2
20178,2
20179,5
20180,1
20181,5
20182,1
20183,3
20184,3
20185,5
20186,3
20187,5
20188,3
20189,5
20190,3
20191,5
20192,5
20193,1
20194,4
20195,1
20196,5
20197,5
20198,5
20199,5
20200,2
20201,5
20202,2
20203,2
20204,3
20205,3
20206,5
20207,3
20208,3
20209,1
20210,2
20211,2
20212,3
20213,5
20214,5
20215,3
20216,2
20217,3
20218,3
20219,5
20220,1
20221,5
20222,1
20223,1
20224,2
20225,1
20226,5
20227,5
20228,5
20229,2
20230,5
20231,5
20232,5
20233,5
20234,3
20235,5
20236,3
20237,3
20238,5
20239,2
20240,2
20241,1
20242,5
20243,2
20244,3
20245,4
20246,2
20247,1
20248,2
20249,5
20250,5
20251,2
20252,3
20253,5
20254,5
20255,3
20256,3
20257,3
20258,3
20259,3
20260,5
20261,5
20262,5
20263,5
20264,2
20265,3
20266,5
20267,5
20268,3
20269,3
20270,2
20271,2
20272,1
20273,5
20274,3
20275,2
20276,1
20277,3
20278,5
20279,2
20280,3
20281,1
20282,2
20283,5
20284,5
20285,2
20286,5
20287,3
20288,5
20289,5
20290,1
20291,1
20292,1
20293,5
20294,3
20295,3
20296,5
20297,5
20298,1
20299,5
20300,5
20301,5
20302,3
20303,5
20304,2
20305,2
20306,5
20307,5
20308,1
20309,4
20310,5
20311,1
20312,5
20313,5
20314,5
20315,2
20316,2
20317,5
20318,5
20319,3
20320,2
20321,5
20322,3
20323,5
20324,5
20325,1
20326,3
20327,5
20328,5
20329,3
20330,3
20331,3
20332,5
20333,3
20334,3
20335,4
20336,2
20337,5
20338,3
20339,5
20340,3
20341,1
20342,5
20343,2
20344,5
20345,1
20346,5
20347,3
20348,5
20349,2
20350,5
20351,2
20352,5
20353,5
20354,5
20355,2
20356,5
20357,1
20358,1
20359,4
20360,1
20361,1
20362,5
20363,5
20364,5
20365,5
20366,1
20367,5
20368,5
20369,2
20370,5
20371,5
20372,2
20373,3
20374,5
20375,5
20376,3
20377,5
20378,5
20379,1
20380,2
20381,1
20382,5
20383,1
20384,5
20385,3
20386,3
20387,1
20388,4
20389,5
20390,3
20391,2
20392,4
20393,1
20394,5
20395,5
20396,2
20397,5
20398,5
20399,3
20400,1
20401,2
20402,5
20403,2
20404,5
20405,5
20406,1
20407,1
20408,3
20409,3
20410,5
20411,1
20412,5
20413,5
20414,3
20415,3
20416,2
20417,5
20418,3
20419,5
20420,3
20421,5
20422,2
20423,2
20424,2
20425,5
20426,3
20427,2
20428,3
20429,2
20430,2
20431,1
20432,1
20433,5
20434,5
20435,4
20436,1
20437,2
20438,5
20439,5
20440,2
20441,4
20442,2
20443,3
20444,4
20445,5
20446,5
20447,3
20448,2
20449,3
20450,5
20451,3
20452,3
20453,1
20454,3
20455,1
20456,3
20457,5
20458,5
20459,3
20460,3
20461,3
20462,3
20463,5
20464,5
20465,5
20466,5
20467,5
20468,5
20469,2
20470,1
20471,1
20472,2
20473,3
20474,5
20475,5
20476,2
20477,5
20478,3
20479,3
20480,2
20481,3
20482,5
20483,1
20484,4
20485,1
20486,5
20487,2
20488,5
20489,3
20490,5
20491,5
20492,5
20493,3
20494,2
20495,3
20496,3
20497,1
20498,5
20499,3
20500,1
20501,3
20502,3
20503,3
20504,1
20505,2
20506,1
20507,2
20508,5
20509,1
20510,5
20511,2
20512,1
20513,1
20514,5
20515,2
20516,3
20517,3
20518,3
20519,5
20520,5
20521,1
20522,3
20523,3
20524,1
20525,5
20526,5
20527,3
20528,5
20529,5
20530,5
20531,5
20532,1
20533,5
20534,3
20535,5
20536,2
20537,5
20538,4
20539,3
20540,3
20541,5
20542,1
20543,3
20544,1
20545,2
20546,3
20547,2
20548,3
20549,1
20550,5
20551,1
20552,3
20553,2
20554,2
20555,1
20556,3
20557,2
20558,3
20559,2
20560,1
20561,1
20562,3
20563,5
20564,2
20565,5
20566,2
20567,5
20568,5
20569,3
20570,5
20571,5
20572,5
20573,5
20574,1
20575,5
20576,5
20577,5
20578,5
20579,5
20580,5
20581,3
20582,5
20583,5
20584,4
20585,3
20586,5
20587,5
20588,1
20589,5
20590,2
20591,5
20592,3
20593,1
20594,3
20595,3
20596,2
20597,3
20598,5
20599,3
20600,5
20601,1
20602,5
20603,2
20604,5
20605,2
20606,5
20607,5
20608,5
20609,5
20610,5
20611,5
20612,2
20613,1
20614,5
20615,5
20616,4
20617,1
20618,5
20619,5
20620,1
20621,3
20622,3
20623,5
20624,5
20625,5
20626,5
20627,5
20628,5
20629,5
20630,5
20631,3
20632,5
20633,2
20634,5
20635,4
20636,2
20637,5
20638,3
20639,5
20640,5
20641,2
20642,1
20643,2
20644,5
20645,5
20646,5
20647,5
20648,1
20649,5
20650,3
20651,1
20652,2
20653,3
20654,5
20655,5
20656,3
20657,5
20658,1
20659,5
20660,5
20661,5
20662,5
20663,5
20664,3
20665,5
20666,1
20667,1
20668,5
20669,2
20670,3
20671,5
20672,5
20673,2
20674,3
20675,5
20676,1
20677,5
20678,5
20679,3
20680,1
20681,2
20682,5
20683,1
20684,5
20685,2
20686,5
20687,3
20688,2
20689,3
20690,5
20691,3
20692,2
20693,1
20694,2
20695,2
20696,5
20697,1
20698,2
20699,2
20700,3
20701,1
20702,1
20703,1
20704,2
20705,5
20706,1
20707,5
20708,3
20709,5
20710,1
20711,5
20712,5
20713,1
20714,2
20715,1
20716,3
20717,3
20718,3
20719,3
20720,1
20721,1
20722,2
20723,2
20724,2
20725,1
20726,3
20727,5
20728,3
20729,5
20730,5
20731,5
20732,2
20733,3
20734,3
20735,3
20736,1
20737,1
20738,2
20739,5
20740,2
20741,5
20742,3
20743,2
20744,3
20745,3
20746,3
20747,2
20748,2
20749,2
20750,5
20751,5
20752,5
20753,5
20754,5
20755,1
20756,3
20757,5
20758,5
20759,5
20760,5
20761,5
20762,2
20763,5
20764,1
20765,2
20766,5
20767,3
20768,2
20769,3
20770,3
20771,3
20772,2
20773,5
20774,5
20775,2
20776,3
20777,5
20778,5
20779,5
20780,5
20781,2
20782,3
20783,5
20784,3
20785,3
20786,1
20787,1
20788,5
20789,5
20790,5
20791,3
20792,2
20793,5
20794,5
20795,2
20796,3
20797,1
20798,2
20799,2
20800,1
20801,3
20802,5
20803,3
20804,1
20805,1
20806,5
20807,3
20808,5
20809,5
20810,5
20811,5
20812,1
20813,5
20814,1
20815,5
20816,5
20817,1
20818,2
20819,3
20820,5
20821,5
20822,3
20823,2
20824,5
20825,5
20826,2
20827,5
20828,5
20829,5
20830,5
20831,3
20832,5
20833,5
20834,5
20835,5
20836,5
20837,1
20838,5
20839,2
20840,5
20841,3
20842,5
20843,2
20844,5
20845,5
20846,5
20847,3
20848,3
20849,5
20850,5
20851,5
20852,1
20853,5
20854,1
20855,5
20856,3
20857,3
20858,5
20859,5
20860,5
20861,2
20862,5
20863,2
20864,2
20865,3
20866,1
20867,2
20868,1
20869,5
20870,1
20871,3
20872,5
20873,5
20874,1
20875,5
20876,3
20877,5
20878,2
20879,5
20880,5
20881,5
20882,3
20883,1
20884,5
20885,2
20886,5
20887,2
20888,3
20889,1
20890,5
20891,5
20892,5
20893,3
20894,5
20895,3
20896,5
20897,2
20898,1
20899,2
20900,1
20901,1
20902,5
20903,2
20904,2
20905,1
20906,4
20907,3
20908,5
20909,3
20910,1
20911,5
20912,3
20913,3
20914,5
20915,5
20916,5
20917,5
20918,5
20919,1
20920,5
20921,2
20922,3
20923,5
20924,1
20925,1
20926,1
20927,1
20928,3
20929,0
20930,0
20931,0
20932,0
20933,1
20934,5
20935,0
20936,1
20937,0
20938,3
20939,0
20940,0
20941,0
20942,0
20943,0
20944,4
20945,1
20946,0
20947,0
20948,3
20949,0
20950,0
20951,1
20952,0
20953,2
20954,0
20955,0
20956,0
20957,4
20958,0
20959,4
20960,0
20961,3
20962,0
20963,0
20964,1
20965,0
20966,0
20967,0
20968,0
20969,0
20970,4
20971,0
20972,0
20973,4
20974,0
20975,0
20976,0
20977,0
20978,1
20979,2
20980,0
20981,1
20982,0
20983,3
20984,1
20985,0
20986,0
20987,0
20988,4
20989,0
20990,0
20991,0
20992,0
20993,4
20994,0
20995,0
20996,0
20997,0
20998,0
20999,0
21000,5
21001,0
21002,0
21003,0
21004,1
21005,2
21006,0
21007,1
21008,0
21009,0
21010,1
21011,0
21012,0
21013,2
21014,2
21015,1
21016,0
21017,2
21018,2
21019,0
21020,0
21021,2
21022,5
21023,0
21024,0
21025,2
21026,4
21027,0
21028,0
21029,0
21030,0
21031,0
21032,2
21033,2
21034,0
21035,2
21036,0
21037,2
21038,1
21039,1
21040,1
21041,0
21042,2
21043,0
21044,5
21045,0
21046,0
21047,0
21048,0
21049,0
21050,4
21051,0
21052,4
21053,0
21054,0
21055,0
21056,0
21057,0
21058,0
21059,0
21060,0
21061,5
21062,2
21063,0
21064,0
21065,2
21066,0
21067,1
21068,0
21069,0
21070,0
21071,0
21072,0
21073,2
21074,0
21075,0
21076,1
21077,5
21078,0
21079,3
21080,1
21081,3
21082,2
21083,0
21084,0
21085,2
21086,0
21087,2
21088,1
21089,0
21090,0
21091,2
21092,0
21093,0
21094,1
21095,0
21096,0
21097,1
21098,1
21099,0
21100,2
21101,2
21102,0
21103,2
21104,5
21105,2
21106,5
21107,0
21108,5
21109,0
21110,5
21111,4
21112,2
21113,0
21114,2
21115,5
21116,1
21117,0
21118,3
21119,3
21120,2
21121,3
21122,2
21123,2
21124,0
21125,0
21126,2
21127,3
21128,0
21129,5
21130,5
21131,0
21132,2
21133,5
21134,5
21135,1
21136,0
21137,2
21138,3
21139,0
21140,0
21141,4
21142,2
21143,3
21144,2
21145,0
21146,5
21147,0
21148,2
21149,2
21150,0
21151,5
21152,2
21153,5
21154,0
21155,2
21156,3
21157,0
21158,0
21159,5
21160,5
21161,5
21162,1
21163,1
21164,2
21165,2
21166,2
21167,2
21168,5
21169,0
21170,2
21171,4
21172,0
21173,5
21174,0
21175,0
21176,3
21177,5
21178,4
21179,5
21180,5
21181,2
21182,5
21183,0
21184,3
21185,0
21186,0
21187,0
21188,2
21189,0
21190,2
21191,3
21192,0
21193,0
21194,2
21195,0
21196,0
21197,3
21198,2
21199,5
21200,5
21201,0
21202,4
21203,4
21204,2
21205,0
21206,0
21207,2
21208,2
21209,4
21210,0
21211,5
21212,1
21213,5
21214,5
21215,0
21216,0
21217,5
21218,3
21219,2
21220,5
21221,5
21222,3
21223,2
21224,0
21225,2
21226,0
21227,0
21228,5
21229,5
21230,5
21231,0
21232,5
21233,0
21234,3
21235,5
21236,5
21237,1
21238,0
21239,1
21240,0
21241,2
21242,5
21243,5
21244,5
21245,3
21246,1
21247,1
21248,5
21249,0
21250,1
21251,2
21252,2
21253,0
21254,3
21255,3
21256,0
21257,0
21258,5
21259,0
21260,2
21261,0
21262,0
21263,5
21264,5
21265,2
21266,1
21267,0
21268,5
21269,4
21270,1
21271,5
21272,1
21273,1
21274,2
21275,4
21276,1
21277,2
21278,5
21279,1
21280,1
21281,0
21282,1
21283,3
21284,1
21285,2
21286,5
21287,3
21288,5
21289,5
21290,5
21291,5
21292,5
21293,3
21294,5
21295,0
21296,1
21297,2
21298,1
21299,0
21300,1
21301,1
21302,2
21303,5
21304,5
21305,5
21306,2
21307,5
21308,5
21309,5
21310,5
21311,5
21312,5
21313,0
21314,1
21315,5
21316,5
21317,1
21318,4
21319,0
21320,3
21321,2
21322,5
21323,5
21324,1
21325,2
21326,5
21327,5
21328,5
21329,5
21330,5
21331,2
21332,2
21333,5
21334,3
21335,5
21336,5
21337,0
21338,1
21339,1
21340,3
21341,1
21342,1
21343,1
21344,0
21345,5
21346,1
21347,0
21348,3
21349,1
21350,2
21351,2
21352,3
21353,1
21354,1
21355,2
21356,2
21357,0
21358,1
21359,1
21360,5
21361,1
21362,5
21363,0
21364,2
21365,2
21366,1
21367,1
21368,0
21369,3
21370,1
21371,5
21372,2
21373,2
21374,5
21375,1
21376,5
21377,2
21378,1
21379,4
21380,1
21381,0
21382,5
21383,1
21384,1
21385,2
21386,3
21387,1
21388,1
21389,3
21390,2
21391,0
21392,1
21393,2
21394,1
21395,2
21396,2
21397,1
21398,5
21399,2
21400,1
21401,5
21402,5
21403,2
21404,5
21405,5
21406,1
21407,1
21408,3
21409,2
21410,3
21411,2
21412,3
21413,5
21414,5
21415,2
21416,3
21417,2
21418,3
21419,1
21420,2
21421,1
21422,0
21423,5
21424,4
21425,0
21426,1
21427,3
21428,1
21429,2
21430,5
21431,3
21432,2
21433,1
21434,1
21435,2
21436,3
21437,1
21438,5
21439,1
21440,1
21441,1
21442,3
21443,1
21444,1
21445,5
21446,1
21447,0
21448,1
21449,1
21450,5
21451,2
21452,3
21453,2
21454,0
21455,1
21456,0
21457,2
21458,2
21459,2
21460,5
21461,3
21462,2
21463,5
21464,5
21465,2
21466,2
21467,5
21468,2
21469,1
21470,4
21471,5
21472,2
21473,2
21474,1
21475,3
21476,1
21477,5
21478,4
21479,1
21480,2
21481,5
21482,1
21483,5
21484,5
21485,3
21486,5
21487,5
21488,3
21489,5
21490,5
21491,1
21492,1
21493,1
21494,1
21495,0
21496,1
21497,1
21498,2
21499,1
21500,0
21501,1
21502,1
21503,5
21504,3
21505,1
21506,2
21507,3
21508,1
21509,1
21510,1
21511,1
21512,1
21513,1
21514,1
21515,2
21516,4
21517,0
21518,1
21519,0
21520,5
21521,2
21522,3
21523,2
21524,2
21525,1
21526,0
21527,2
21528,5
21529,1
21530,2
21531,1
21532,5
21533,0
21534,1
21535,1
21536,5
21537,5
21538,0
21539,0
21540,3
21541,5
21542,5
21543,0
21544,3
21545,1
21546,5
21547,2
21548,5
21549,5
21550,0
21551,5
21552,2
21553,5
21554,5
21555,5
21556,2
21557,0
21558,5
21559,5
21560,2
21561,1
21562,3
21563,1
21564,5
21565,5
21566,4
21567,0
21568,5
21569,1
21570,1
21571,1
21572,1
21573,5
21574,1
21575,5
21576,1
21577,1
21578,1
21579,5
21580,5
21581,5
21582,5
21583,1
21584,1
21585,1
21586,5
21587,2
21588,4
21589,2
21590,2
21591,5
21592,2
21593,5
21594,5
21595,5
21596,1
21597,4
21598,5
21599,1
21600,0
21601,1
21602,1
21603,0
21604,1
21605,1
21606,3
21607,5
21608,3
21609,5
21610,5
21611,2
21612,1
21613,5
21614,1
21615,1
21616,5
21617,1
21618,2
21619,2
21620,3
21621,0
21622,0
21623,1
21624,0
21625,3
21626,3
21627,1
21628,5
21629,1
21630,1
21631,2
21632,5
21633,2
21634,5
21635,3
21636,2
21637,1
21638,1
21639,2
21640,1
21641,1
21642,1
21643,2
21644,1
21645,1
21646,1
21647,1
21648,1
21649,3
21650,0
21651,1
21652,5
21653,3
21654,1
21655,2
21656,2
21657,1
21658,2
21659,5
21660,2
21661,0
21662,4
21663,3
21664,2
21665,2
21666,1
21667,5
21668,3
21669,5
21670,5
21671,3
21672,1
21673,0
21674,1
21675,0
21676,5
21677,4
21678,2
21679,5
21680,5
21681,1
21682,5
21683,0
21684,0
21685,2
21686,3
21687,1
21688,1
21689,1
21690,5
21691,1
21692,1
21693,1
21694,3
21695,5
21696,3
21697,5
21698,1
21699,2
21700,2
21701,5
21702,1
21703,2
21704,4
21705,5
21706,1
21707,1
21708,2
21709,1
21710,3
21711,1
21712,3
21713,5
21714,0
21715,3
21716,1
21717,5
21718,5
21719,5
21720,2
21721,1
21722,0
21723,2
21724,2
21725,0
21726,1
21727,3
21728,1
21729,2
21730,1
21731,1
21732,5
21733,1
21734,1
21735,1
21736,1
21737,1
21738,1
21739,5
21740,1
21741,1
21742,0
21743,2
21744,1
21745,1
21746,2
21747,3
21748,0
21749,0
21750,2
21751,2
21752,2
21753,2
21754,2
21755,2
21756,1
21757,0
21758,2
21759,5
21760,1
21761,5
21762,5
21763,2
21764,2
21765,2
21766,2
21767,3
21768,3
21769,1
21770,1
21771,2
21772,1
21773,1
21774,2
21775,2
21776,2
21777,2
21778,2
21779,1
21780,5
21781,1
21782,3
21783,1
21784,2
21785,1
21786,5
21787,0
21788,0
21789,2
21790,1
21791,1
21792,3
21793,3
21794,1
21795,4
21796,4
21797,1
21798,0
21799,5
21800,2
21801,0
21802,2
21803,2
21804,3
21805,5
21806,2
21807,2
21808,5
21809,3
21810,2
21811,2
21812,1
21813,5
21814,2
21815,5
21816,5
21817,1
21818,0
21819,5
21820,2
21821,2
21822,2
21823,0
21824,2
21825,5
21826,4
21827,1
21828,5
21829,5
21830,1
21831,1
21832,5
21833,2
21834,5
21835,2
21836,3
21837,5
21838,5
21839,3
21840,5
21841,5
21842,1
21843,2
21844,5
21845,1
21846,1
21847,5
21848,1
21849,2
21850,3
21851,3
21852,1
21853,2
21854,5
21855,5
21856,2
21857,3
21858,1
21859,1
21860,0
21861,1
21862,1
21863,1
21864,3
21865,1
21866,1
21867,4
21868,1
21869,2
21870,1
21871,5
21872,5
21873,5
21874,1
21875,2
21876,1
21877,0
21878,5
21879,3
21880,1
21881,1
21882,1
21883,1
21884,5
21885,3
21886,2
21887,1
21888,5
21889,2
21890,2
21891,5
21892,1
21893,5
21894,0
21895,5
21896,2
21897,1
21898,1
21899,3
21900,1
21901,5
21902,2
21903,2
21904,1
21905,1
21906,5
21907,5
21908,5
21909,3
21910,3
21911,5
21912,1
21913,2
21914,5
21915,3
21916,0
21917,5
21918,1
21919,2
21920,2
21921,3
21922,2
21923,2
21924,5
21925,5
21926,1
21927,2
21928,2
21929,2
21930,1
21931,2
21932,2
21933,2
21934,5
21935,5
21936,2
21937,2
21938,5
21939,3
21940,2
21941,2
21942,2
21943,2
21944,1
21945,5
21946,5
21947,5
21948,1
21949,1
21950,2
21951,5
21952,5
21953,5
21954,1
21955,1
21956,2
21957,1
21958,5
21959,1
21960,5
21961,1
21962,5
21963,1
21964,1
21965,2
21966,2
21967,1
21968,1
21969,5
21970,2
21971,2
21972,1
21973,5
21974,5
21975,2
21976,1
21977,1
21978,0
21979,2
21980,4
21981,1
21982,2
21983,2
21984,2
21985,5
21986,5
21987,5
21988,2
21989,1
21990,2
21991,5
21992,5
21993,2
21994,5
21995,1
21996,1
21997,3
21998,3
21999,2
22000,5
22001,1
22002,5
22003,2
22004,5
22005,2
22006,5
22007,5
22008,1
22009,1
22010,3
22011,3
22012,2
22013,5
22014,1
22015,1
22016,2
22017,2
22018,3
22019,2
22020,1
22021,1
22022,1
22023,3
22024,5
22025,2
22026,5
22027,5
22028,2
22029,5
22030,2
22031,2
22032,2
22033,2
22034,1
22035,1
22036,1
22037,1
22038,5
22039,1
22040,1
22041,1
22042,2
22043,5
22044,2
22045,5
22046,5
22047,1
22048,1
22049,5
22050,1
22051,1
22052,5
22053,1
22054,2
22055,4
22056,5
22057,3
22058,5
22059,1
22060,1
22061,5
22062,1
22063,5
22064,5
22065,2
22066,1
22067,1
22068,4
22069,3
22070,5
22071,1
22072,1
22073,5
22074,3
22075,2
22076,5
22077,5
22078,5
22079,5
22080,5
22081,3
22082,1
22083,1
22084,3
22085,2
22086,1
22087,1
22088,2
22089,3
22090,1
22091,3
22092,2
22093,4
22094,5
22095,2
22096,1
22097,1
22098,3
22099,1
22100,2
22101,2
22102,5
22103,1
22104,1
22105,5
22106,1
22107,2
22108,2
22109,2
22110,5
22111,2
22112,2
22113,1
22114,2
22115,2
22116,1
22117,2
22118,1
22119,2
22120,2
22121,1
22122,5
22123,1
22124,3
22125,5
22126,1
22127,2
22128,1
22129,2
22130,1
22131,5
22132,1
22133,5
22134,5
22135,1
22136,2
22137,1
22138,5
22139,2
22140,2
22141,1
22142,2
22143,3
22144,5
22145,1
22146,1
22147,2
22148,3
22149,5
22150,5
22151,1
22152,2
22153,2
22154,1
22155,4
22156,2
22157,2
22158,5
22159,2
22160,2
22161,2
22162,2
22163,5
22164,5
22165,2
22166,2
22167,1
22168,1
22169,5
22170,1
22171,2
22172,5
22173,1
22174,1
22175,2
22176,5
22177,5
22178,1
22179,1
22180,1
22181,1
22182,5
22183,2
22184,2
22185,2
22186,5
22187,5
22188,5
22189,5
22190,3
22191,5
22192,5
22193,1
22194,1
22195,2
22196,2
22197,5
22198,3
22199,2
22200,2
22201,5
22202,3
22203,5
22204,5
22205,5
22206,1
22207,3
22208,2
22209,2
22210,3
22211,2
22212,2
22213,2
22214,5
22215,1
22216,1
22217,1
22218,1
22219,2
22220,3
22221,1
22222,1
22223,5
22224,5
22225,1
22226,5
22227,5
22228,1
22229,1
22230,4
22231,3
22232,2
22233,5
22234,5
22235,5
22236,3
22237,5
22238,2
22239,5
22240,5
22241,5
22242,5
22243,1
22244,5
22245,2
22246,3
22247,5
22248,5
22249,1
22250,5
22251,5
22252,5
22253,2
22254,5
22255,5
22256,1
22257,2
22258,5
22259,5
22260,2
22261,5
22262,1
22263,5
22264,4
22265,5
22266,1
22267,1
22268,3
22269,2
22270,4
22271,3
22272,5
22273,5
22274,2
22275,2
22276,5
22277,2
22278,3
22279,3
22280,3
22281,3
22282,3
22283,2
22284,2
22285,1
22286,5
22287,1
22288,1
22289,5
22290,2
22291,5
22292,2
22293,5
22294,5
22295,2
22296,2
22297,1
22298,5
22299,1
22300,5
22301,1
22302,5
22303,1
22304,1
22305,1
22306,3
22307,5
22308,5
22309,2
22310,5
22311,5
22312,1
22313,2
22314,2
22315,2
22316,2
22317,5
22318,2
22319,2
22320,2
22321,2
22322,1
22323,5
22324,1
22325,5
22326,5
22327,5
22328,1
22329,2
22330,2
22331,1
22332,1
22333,2
22334,2
22335,1
22336,1
22337,2
22338,3
22339,5
22340,5
22341,1
22342,5
22343,5
22344,3
22345,2
22346,1
22347,1
22348,3
22349,5
22350,2
22351,5
22352,5
22353,2
22354,1
22355,5
22356,1
22357,5
22358,5
22359,1
22360,2
22361,2
22362,1
22363,3
22364,2
22365,5
22366,1
22367,1
22368,5
22369,1
22370,5
22371,2
22372,3
22373,1
22374,2
22375,1
22376,2
22377,2
22378,3
22379,1
22380,2
22381,2
22382,1
22383,5
22384,3
22385,5
22386,2
22387,1
22388,5
22389,1
22390,1
22391,5
22392,5
22393,1
22394,1
22395,5
22396,5
22397,2
22398,5
22399,2
22400,2
22401,5
22402,1
22403,5
22404,5
22405,5
22406,3
22407,1
22408,5
22409,2
22410,3
22411,1
22412,5
22413,2
22414,5
22415,5
22416,5
22417,2
22418,1
22419,5
22420,1
22421,2
22422,5
22423,3
22424,2
22425,2
22426,4
22427,1
22428,5
22429,1
22430,3
22431,5
22432,1
22433,2
22434,2
22435,3
22436,5
22437,2
22438,2
22439,5
22440,1
22441,3
22442,5
22443,1
22444,5
22445,5
22446,5
22447,2
22448,1
22449,5
22450,5
22451,2
22452,5
22453,5
22454,1
22455,5
22456,2
22457,5
22458,2
22459,5
22460,5
22461,2
22462,5
22463,5
22464,2
22465,2
22466,5
22467,5
22468,5
22469,2
22470,5
22471,2
22472,1
22473,3
22474,1
22475,2
22476,1
22477,5
22478,3
22479,2
22480,3
22481,5
22482,2
22483,2
22484,3
22485,2
22486,3
22487,5
22488,5
22489,3
22490,5
22491,5
22492,2
22493,2
22494,5
22495,5
22496,1
22497,1
22498,5
22499,3
22500,5
22501,4
22502,1
22503,1
22504,1
22505,2
22506,5
22507,2
22508,5
22509,5
22510,2
22511,2
22512,5
22513,2
22514,5
22515,3
22516,2
22517,2
22518,1
22519,3
22520,5
22521,1
22522,4
22523,2
22524,5
22525,2
22526,2
22527,5
22528,5
22529,1
22530,1
22531,5
22532,3
22533,1
22534,2
22535,5
22536,1
22537,3
22538,5
22539,1
22540,2
22541,2
22542,5
22543,1
22544,2
22545,2
22546,5
22547,1
22548,1
22549,3
22550,5
22551,3
22552,5
22553,1
22554,3
22555,5
22556,5
22557,3
22558,1
22559,5
22560,5
22561,5
22562,5
22563,1
22564,3
22565,5
22566,5
22567,2
22568,3
22569,2
22570,1
22571,4
22572,3
22573,1
22574,2
22575,2
22576,2
22577,5
22578,1
22579,1
22580,2
22581,5
22582,5
22583,2
22584,5
22585,5
22586,3
22587,2
22588,1
22589,3
22590,3
22591,1
22592,5
22593,2
22594,5
22595,2
22596,5
22597,2
22598,1
22599,5
22600,2
22601,2
22602,3
22603,5
22604,2
22605,3
22606,3
22607,2
22608,5
22609,1
22610,2
22611,1
22612,1
22613,2
22614,1
22615,2
22616,1
22617,5
22618,5
22619,3
22620,1
22621,5
22622,5
22623,1
22624,5
22625,3
22626,1
22627,5
22628,1
22629,3
22630,2
22631,5
22632,3
22633,1
22634,5
22635,3
22636,5
22637,5
22638,5
22639,5
22640,1
22641,5
22642,1
22643,5
22644,2
22645,3
22646,5
22647,5
22648,5
22649,1
22650,1
22651,3
22652,2
22653,2
22654,1
22655,3
22656,3
22657,5
22658,5
22659,1
22660,1
22661,1
22662,2
22663,5
22664,5
22665,2
22666,3
22667,1
22668,5
22669,2
22670,5
22671,5
22672,5
22673,5
22674,5
22675,1
22676,5
22677,3
22678,5
22679,1
22680,1
22681,1
22682,2
22683,5
22684,2
22685,1
22686,5
22687,1
22688,1
22689,5
22690,5
22691,1
22692,5
22693,3
22694,1
22695,2
22696,1
22697,5
22698,1
22699,2
22700,1
22701,4
22702,5
22703,1
22704,5
22705,1
22706,1
22707,5
22708,2
22709,5
22710,1
22711,5
22712,2
22713,1
22714,1
22715,1
22716,1
22717,5
22718,2
22719,5
22720,5
22721,5
22722,2
22723,3
22724,5
22725,5
22726,1
22727,2
22728,2
22729,1
22730,5
22731,5
22732,5
22733,3
22734,2
22735,5
22736,1
22737,1
22738,5
22739,1
22740,5
22741,5
22742,3
22743,5
22744,2
22745,2
22746,1
22747,2
22748,2
22749,2
22750,1
22751,5
22752,3
22753,5
22754,1
22755,5
22756,5
22757,1
22758,5
22759,2
22760,5
22761,5
22762,5
22763,3
22764,5
22765,2
22766,2
22767,2
22768,2
22769,5
22770,1
22771,2
22772,1
22773,3
22774,1
22775,5
22776,5
22777,1
22778,3
22779,2
22780,3
22781,2
22782,5
22783,2
22784,5
22785,5
22786,2
22787,2
22788,2
22789,3
22790,3
22791,2
22792,5
22793,3
22794,5
22795,3
22796,1
22797,2
22798,2
22799,5
22800,5
22801,2
22802,3
22803,5
22804,1
22805,1
22806,1
22807,5
22808,1
22809,3
22810,1
22811,2
22812,2
22813,5
22814,1
22815,1
22816,5
22817,2
22818,3
22819,1
22820,1
22821,2
22822,2
22823,1
22824,1
22825,5
22826,1
22827,5
22828,5
22829,2
22830,3
22831,2
22832,3
22833,2
22834,1
22835,2
22836,5
22837,1
22838,2
22839,1
22840,5
22841,2
22842,2
22843,3
22844,5
22845,2
22846,2
22847,5
22848,5
22849,1
22850,1
22851,5
22852,1
22853,3
22854,1
22855,2
22856,5
22857,5
22858,2
22859,1
22860,1
22861,5
22862,1
22863,5
22864,5
22865,5
22866,5
22867,5
22868,2
22869,3
22870,5
22871,1
22872,5
22873,1
22874,5
22875,5
22876,1
22877,2
22878,3
22879,3
22880,5
22881,3
22882,3
22883,1
22884,5
22885,5
22886,2
22887,5
22888,2
22889,3
22890,5
22891,1
22892,1
22893,5
22894,1
22895,3
22896,5
22897,5
22898,2
22899,2
22900,5
22901,2
22902,3
22903,3
22904,1
22905,5
22906,1
22907,1
22908,1
22909,5
22910,2
22911,5
22912,5
22913,5
22914,5
22915,3
22916,5
22917,2
22918,3
22919,2
22920,3
22921,1
22922,2
22923,2
22924,1
22925,1
22926,2
22927,5
22928,1
22929,5
22930,1
22931,2
22932,5
22933,2
22934,3
22935,1
22936,2
22937,3
22938,2
22939,2
22940,3
22941,5
22942,5
22943,3
22944,2
22945,3
22946,5
22947,5
22948,5
22949,5
22950,5
22951,1
22952,5
22953,2
22954,1
22955,2
22956,5
22957,3
22958,2
22959,5
22960,2
22961,3
22962,5
22963,1
22964,2
22965,5
22966,3
22967,2
22968,5
22969,5
22970,3
22971,5
22972,2
22973,1
22974,2
22975,1
22976,5
22977,3
22978,1
22979,3
22980,5
22981,3
22982,3
22983,2
22984,3
22985,5
22986,2
22987,5
22988,1
22989,1
22990,2
22991,1
22992,5
22993,5
22994,2
22995,2
22996,5
22997,1
22998,5
22999,1
23000,2
23001,1
23002,5
23003,2
23004,2
23005,5
23006,5
23007,5
23008,3
23009,3
23010,2
23011,5
23012,2
23013,3
23014,5
23015,5
23016,5
23017,2
23018,5
23019,5
23020,5
23021,2
23022,5
23023,2
23024,1
23025,1
23026,5
23027,5
23028,3
23029,1
23030,1
23031,1
23032,2
23033,2
23034,2
23035,1
23036,2
23037,1
23038,2
23039,1
23040,2
23041,3
23042,2
23043,5
23044,5
23045,1
23046,3
23047,5
23048,3
23049,5
23050,1
23051,1
23052,1
23053,3
23054,1
23055,2
23056,5
23057,2
23058,5
23059,2
23060,5
23061,5
23062,3
23063,5
23064,1
23065,1
23066,2
23067,5
23068,1
23069,5
23070,3
23071,5
23072,2
23073,2
23074,1
23075,2
23076,3
23077,5
23078,2
23079,3
23080,3
23081,5
23082,1
23083,3
23084,3
23085,5
23086,1
23087,5
23088,2
23089,5
23090,2
23091,2
23092,5
23093,5
23094,2
23095,5
23096,1
23097,5
23098,3
23099,2
23100,1
23101,3
23102,5
23103,5
23104,1
23105,5
23106,5
23107,5
23108,2
23109,2
23110,2
23111,5
23112,5
23113,1
23114,5
23115,5
23116,5
23117,1
23118,3
23119,2
23120,2
23121,1
23122,5
23123,5
23124,1
23125,1
23126,5
23127,1
23128,1
23129,1
23130,1
23131,5
23132,1
23133,1
23134,2
23135,3
23136,1
23137,3
23138,5
23139,1
23140,2
23141,3
23142,2
23143,1
23144,5
23145,3
23146,5
23147,3
23148,5
23149,2
23150,2
23151,5
23152,5
23153,1
23154,1
23155,5
23156,1
23157,5
23158,1
23159,1
23160,1
23161,5
23162,5
23163,3
23164,2
23165,2
23166,1
23167,3
23168,1
23169,5
23170,3
23171,5
23172,1
23173,1
23174,5
23175,2
23176,2
23177,3
23178,5
23179,1
23180,5
23181,5
23182,2
23183,3
23184,1
23185,3
23186,3
23187,1
23188,2
23189,5
23190,5
23191,1
23192,2
23193,2
23194,2
23195,2
23196,1
23197,2
23198,3
23199,1
23200,1
23201,1
23202,1
23203,3
23204,5
23205,2
23206,2
23207,2
23208,5
23209,2
23210,5
23211,2
23212,5
23213,2
23214,2
23215,5
23216,3
23217,5
23218,1
23219,2
23220,3
23221,5
23222,5
23223,2
23224,5
23225,1
23226,3
23227,5
23228,1
23229,5
23230,2
23231,1
23232,5
23233,5
23234,2
23235,1
23236,5
23237,5
23238,2
23239,2
23240,2
23241,5
23242,1
23243,1
23244,5
23245,1
23246,1
23247,5
23248,5
23249,3
23250,3
23251,1
23252,3
23253,2
23254,1
23255,5
23256,3
23257,1
23258,2
23259,5
23260,3
23261,1
23262,5
23263,3
23264,3
23265,5
23266,2
23267,2
23268,1
23269,1
23270,1
23271,1
23272,2
23273,2
23274,3
23275,5
23276,1
23277,2
23278,1
23279,5
23280,5
23281,1
23282,3
23283,5
23284,3
23285,5
23286,5
23287,3
23288,2
23289,5
23290,1
23291,5
23292,5
23293,1
23294,3
23295,2
23296,5
23297,1
23298,2
23299,1
23300,2
23301,2
23302,3
23303,1
23304,5
23305,2
23306,2
23307,1
23308,2
23309,1
23310,2
23311,5
23312,1
23313,3
23314,5
23315,1
23316,1
23317,1
23318,1
23319,2
23320,1
23321,5
23322,1
23323,5
23324,1
23325,2
23326,5
23327,3
23328,2
23329,1
23330,2
23331,5
23332,5
23333,3
23334,5
23335,1
23336,5
23337,1
23338,2
23339,5
23340,5
23341,5
23342,2
23343,5
23344,3
23345,5
23346,1
23347,5
23348,5
23349,3
23350,5
23351,5
23352,5
23353,5
23354,3
23355,1
23356,1
23357,2
23358,2
23359,1
23360,1
23361,1
23362,5
23363,3
23364,2
23365,2
23366,5
23367,3
23368,1
23369,5
23370,2
23371,1
23372,2
23373,1
23374,5
23375,5
23376,1
23377,2
23378,1
23379,5
23380,5
23381,1
23382,3
23383,1
23384,3
23385,3
23386,5
23387,1
23388,5
23389,1
23390,2
23391,5
23392,1
23393,2
23394,5
23395,1
23396,1
23397,2
23398,1
23399,1
23400,3
23401,2
23402,5
23403,5
23404,2
23405,3
23406,3
23407,1
23408,5
23409,2
23410,5
23411,2
23412,1
23413,1
23414,1
23415,1
23416,3
23417,1
23418,3
23419,1
23420,2
23421,1
23422,2
23423,1
23424,3
23425,1
23426,0
23427,0
23428,0
23429,0
23430,0
23431,0
23432,4
23433,0
23434,4
23435,0
23436,0
23437,0
23438,0
23439,0
23440,4
23441,0
23442,0
23443,0
23444,0
23445,4
23446,0
23447,0
23448,1
23449,0
23450,0
23451,0
23452,4
23453,0
23454,0
23455,0
23456,0
23457,0
23458,0
23459,0
23460,4
23461,0
23462,4
23463,4
23464,0
23465,0
23466,0
23467,0
23468,0
23469,4
23470,0
23471,4
23472,0
23473,0
23474,0
23475,0
23476,0
23477,0
23478,0
23479,0
23480,0
23481,4
23482,0
23483,0
23484,0
23485,0
23486,4
23487,4
23488,0
23489,4
23490,0
23491,4
23492,0
23493,0
23494,0
23495,4
23496,0
23497,0
23498,4
23499,0
23500,0
23501,0
23502,0
23503,0
23504,0
23505,4
23506,0
23507,0
23508,0
23509,0
23510,0
23511,0
23512,0
23513,4
23514,0
23515,0
23516,0
23517,0
23518,4
23519,0
23520,0
23521,0
23522,0
23523,0
23524,0
23525,0
23526,0
23527,0
23528,0
23529,0
23530,0
23531,0
23532,0
23533,0
23534,0
23535,2
23536,0
23537,0
23538,0
23539,0
23540,0
23541,2
23542,4
23543,4
23544,4
23545,4
23546,4
23547,0
23548,0
23549,0
23550,1
23551,0
23552,0
23553,0
23554,4
23555,0
23556,0
23557,0
23558,0
23559,0
23560,4
23561,0
23562,0
23563,0
23564,0
23565,0
23566,0
23567,0
23568,0
23569,0
23570,4
23571,0
23572,0
23573,0
23574,0
23575,4
23576,0
23577,0
23578,0
23579,0
23580,0
23581,4
23582,2
23583,0
23584,0
23585,4
23586,0
23587,0
23588,4
23589,4
23590,0
23591,0
23592,0
23593,0
23594,0
23595,0
23596,0
23597,0
23598,1
23599,0
23600,0
23601,0
23602,0
23603,4
23604,4
23605,0
23606,0
23607,0
23608,4
23609,3
23610,2
23611,0
23612,0
23613,0
23614,4
23615,0
23616,0
23617,2
23618,0
23619,4
23620,4
23621,0
23622,0
23623,4
23624,0
23625,4
23626,0
23627,4
23628,4
23629,4
23630,0
23631,0
23632,0
23633,0
23634,0
23635,0
23636,0
23637,2
23638,0
23639,0
23640,0
23641,4
23642,0
23643,0
23644,3
23645,0
23646,0
23647,2
23648,4
23649,0
23650,0
23651,0
23652,0
23653,2
23654,4
23655,0
23656,0
23657,0
23658,4
23659,0
23660,0
23661,0
23662,2
23663,0
23664,0
23665,0
23666,5
23667,0
23668,0
23669,0
23670,0
23671,0
23672,0
23673,4
23674,0
23675,0
23676,3
23677,2
23678,0
23679,0
23680,0
23681,0
23682,2
23683,0
23684,0
23685,0
23686,0
23687,0
23688,0
23689,4
23690,0
23691,0
23692,5
23693,2
23694,0
23695,0
23696,0
23697,1
23698,0
23699,0
23700,0
23701,3
23702,0
23703,0
23704,0
23705,0
23706,0
23707,0
23708,0
23709,0
23710,0
23711,0
23712,0
23713,0
23714,0
23715,0
23716,0
23717,3
23718,0
23719,0
23720,0
23721,0
23722,0
23723,0
23724,0
23725,0
23726,0
23727,0
23728,0
23729,0
23730,0
23731,0
23732,0
23733,0
23734,0
23735,0
23736,3
23737,0
23738,0
23739,0
23740,0
23741,0
23742,4
23743,0
23744,5
23745,0
23746,1
23747,0
23748,3
23749,0
23750,0
23751,0
23752,0
23753,0
23754,2
23755,0
23756,0
23757,0
23758,0
23759,0
23760,3
23761,0
23762,0
23763,0
23764,0
23765,4
23766,0
23767,0
23768,0
23769,0
23770,4
23771,0
23772,0
23773,0
23774,2
23775,0
23776,0
23777,4
23778,5
23779,0
23780,0
23781,0
23782,0
23783,0
23784,0
23785,0
23786,0
23787,0
23788,0
23789,0
23790,0
23791,2
23792,2
23793,0
23794,0
23795,0
23796,2
23797,3
23798,0
23799,0
23800,0
23801,0
23802,0
23803,0
23804,0
23805,0
23806,5
23807,0
23808,0
23809,5
23810,0
23811,0
23812,0
23813,0
23814,5
23815,0
23816,0
23817,2
23818,0
23819,0
23820,0
23821,0
23822,0
23823,1
23824,0
23825,0
23826,0
23827,0
23828,0
23829,0
23830,0
23831,0
23832,4
23833,4
23834,0
23835,0
23836,0
23837,0
23838,0
23839,4
23840,4
23841,2
23842,0
23843,2
23844,0
23845,0
23846,2
23847,3
23848,0
23849,2
23850,0
23851,3
23852,0
23853,4
23854,2
23855,0
23856,0
23857,0
23858,2
23859,0
23860,2
23861,4
23862,2
23863,0
23864,0
23865,0
23866,2
23867,0
23868,0
23869,2
23870,0
23871,0
23872,0
23873,0
23874,0
23875,5
23876,0
23877,0
23878,0
23879,0
23880,0
23881,4
23882,0
23883,0
23884,3
23885,3
23886,2
23887,0
23888,5
23889,2
23890,3
23891,0
23892,0
23893,3
23894,0
23895,0
23896,0
23897,3
23898,2
23899,5
23900,0
23901,0
23902,4
23903,0
23904,0
23905,2
23906,4
23907,0
23908,0
23909,0
23910,2
23911,0
23912,0
23913,0
23914,0
23915,0
23916,0
23917,2
23918,0
23919,0
23920,0
23921,0
23922,0
23923,2
23924,0
23925,3
23926,2
23927,0
23928,4
23929,0
23930,0
23931,0
23932,3
23933,0
23934,2
23935,5
23936,3
23937,0
23938,0
23939,0
23940,2
23941,2
23942,0
23943,3
23944,0
23945,0
23946,0
23947,2
23948,0
23949,0
23950,0
23951,2
23952,5
23953,0
23954,2
23955,0
23956,0
23957,0
23958,0
23959,0
23960,5
23961,2
23962,0
23963,0
23964,0
23965,0
23966,0
23967,0
23968,2
23969,0
23970,4
23971,0
23972,2
23973,2
23974,0
23975,0
23976,0
23977,0
23978,0
23979,0
23980,0
23981,2
23982,3
23983,0
23984,0
23985,2
23986,2
23987,4
23988,5
23989,2
23990,0
23991,4
23992,0
23993,0
23994,0
23995,0
23996,4
23997,0
23998,0
23999,2
24000,1
24001,2
24002,0
24003,0
24004,0
24005,0
24006,2
24007,0
24008,0
24009,0
24010,0
24011,4
24012,2
24013,0
24014,0
24015,2
24016,0
24017,0
24018,0
24019,0
24020,2
24021,0
24022,0
24023,0
24024,0
24025,0
24026,0
24027,0
24028,0
24029,0
24030,0
24031,0
24032,0
24033,3
24034,3
24035,0
24036,0
24037,0
24038,0
24039,4
24040,3
24041,5
24042,0
24043,0
24044,0
24045,1
24046,5
24047,0
24048,0
24049,2
24050,1
24051,0
24052,0
24053,0
24054,0
24055,2
24056,0
24057,0
24058,2
24059,2
24060,2
24061,0
24062,2
24063,4
24064,0
24065,0
24066,0
24067,0
24068,5
24069,3
24070,0
24071,0
24072,3
24073,0
24074,0
24075,1
24076,0
24077,0
24078,0
24079,2
24080,0
24081,5
24082,5
24083,3
24084,3
24085,0
24086,2
24087,2
24088,0
24089,2
24090,3
24091,0
24092,3
24093,2
24094,0
24095,0
24096,2
24097,0
24098,5
24099,4
24100,4
24101,0
24102,0
24103,3
24104,3
24105,0
24106,0
24107,0
24108,2
24109,0
24110,0
24111,2
24112,0
24113,1
24114,2
24115,3
24116,0
24117,5
24118,3
24119,0
24120,1
24121,2
24122,0
24123,2
24124,0
24125,5
24126,0
24127,2
24128,5
24129,4
24130,0
24131,5
24132,0
24133,3
24134,0
24135,3
24136,5
24137,2
24138,2
24139,0
24140,2
24141,0
24142,0
24143,1
24144,0
24145,1
24146,3
24147,1
24148,0
24149,0
24150,0
24151,4
24152,2
24153,0
24154,0
24155,0
24156,5
24157,4
24158,1
24159,2
24160,0
24161,0
24162,0
24163,5
24164,0
24165,3
24166,3
24167,4
24168,3
24169,2
24170,5
24171,5
24172,0
24173,5
24174,0
24175,0
24176,0
24177,3
24178,3
24179,2
24180,0
24181,0
24182,2
24183,1
24184,5
24185,0
24186,0
24187,5
24188,0
24189,2
24190,4
24191,5
24192,2
24193,2
24194,3
24195,5
24196,2
24197,2
24198,0
24199,4
24200,2
24201,2
24202,3
24203,1
24204,0
24205,5
24206,2
24207,5
24208,0
24209,0
24210,2
24211,0
24212,2
24213,5
24214,3
24215,5
24216,5
24217,3
24218,3
24219,0
24220,2
24221,0
24222,2
24223,0
24224,0
24225,2
24226,0
24227,1
24228,0
24229,0
24230,3
24231,2
24232,5
24233,2
24234,5
24235,3
24236,0
24237,2
24238,1
24239,1
24240,5
24241,0
24242,5
24243,0
24244,4
24245,2
24246,0
24247,2
24248,3
24249,2
24250,2
24251,0
24252,2
24253,0
24254,5
24255,3
24256,1
24257,5
24258,2
24259,2
24260,0
24261,3
24262,2
24263,2
24264,0
24265,3
24266,3
24267,5
24268,0
24269,3
24270,0
24271,4
24272,0
24273,5
24274,2
24275,3
24276,0
24277,4
24278,2
24279,3
24280,2
24281,0
24282,0
24283,0
24284,0
24285,1
24286,3
24287,3
24288,5
24289,0
24290,5
24291,0
24292,5
24293,0
24294,0
24295,0
24296,0
24297,2
24298,0
24299,2
24300,0
24301,2
24302,2
24303,5
24304,0
24305,1
24306,2
24307,2
24308,2
24309,5
24310,0
24311,5
24312,3
24313,0
24314,2
24315,0
24316,1
24317,2
24318,2
24319,2
24320,5
24321,0
24322,0
24323,2
24324,0
24325,0
24326,3
24327,5
24328,0
24329,2
24330,0
24331,2
24332,1
24333,4
24334,3
24335,0
24336,2
24337,3
24338,5
24339,5
24340,0
24341,3
24342,5
24343,5
24344,0
24345,0
24346,3
24347,5
24348,5
24349,4
24350,3
24351,5
24352,3
24353,5
24354,0
24355,3
24356,3
24357,4
24358,3
24359,0
24360,0
24361,1
24362,3
24363,2
24364,2
24365,3
24366,5
24367,3
24368,0
24369,2
24370,2
24371,3
24372,0
24373,3
24374,3
24375,5
24376,0
24377,5
24378,5
24379,3
24380,1
24381,0
24382,3
24383,5
24384,5
24385,5
24386,3
24387,3
24388,3
24389,3
24390,3
24391,0
24392,0
24393,3
24394,5
24395,5
24396,2
24397,5
24398,1
24399,0
24400,5
24401,1
24402,1
24403,1
24404,3
24405,0
24406,2
24407,2
24408,5
24409,5
24410,3
24411,1
24412,4
24413,5
24414,3
24415,5
24416,2
24417,2
24418,1
24419,2
24420,3
24421,3
24422,4
24423,0
24424,5
24425,2
24426,2
24427,0
24428,0
24429,1
24430,5
24431,3
24432,3
24433,3
24434,5
24435,4
24436,3
24437,5
24438,1
24439,1
24440,4
24441,0
24442,3
24443,2
24444,0
24445,5
24446,3
24447,1
24448,3
24449,3
24450,5
24451,2
24452,0
24453,0
24454,5
24455,3
24456,0
24457,5
24458,3
24459,1
24460,0
24461,2
24462,3
24463,0
24464,5
24465,2
24466,0
24467,5
24468,2
24469,5
24470,3
24471,2
24472,2
24473,2
24474,3
24475,1
24476,5
24477,2
24478,3
24479,1
24480,5
24481,5
24482,3
24483,5
24484,0
24485,5
24486,5
24487,0
24488,0
24489,3
24490,2
24491,0
24492,5
24493,0
24494,0
24495,5
24496,4
24497,2
24498,0
24499,3
24500,3
24501,3
24502,1
24503,0
24504,3
24505,3
24506,2
24507,3
24508,0
24509,0
24510,5
24511,3
24512,0
24513,5
24514,3
24515,5
24516,0
24517,5
24518,2
24519,5
24520,2
24521,5
24522,1
24523,3
24524,2
24525,1
24526,2
24527,3
24528,0
24529,0
24530,0
24531,3
24532,3
24533,1
24534,1
24535,0
24536,5
24537,3
24538,1
24539,3
24540,0
24541,3
24542,2
24543,4
24544,3
24545,5
24546,3
24547,2
24548,2
24549,2
24550,0
24551,1
24552,3
24553,3
24554,2
24555,0
24556,2
24557,1
24558,3
24559,5
24560,5
24561,0
24562,0
24563,0
24564,2
24565,5
24566,5
24567,3
24568,5
24569,3
24570,5
24571,5
24572,3
24573,5
24574,2
24575,3
24576,5
24577,2
24578,2
24579,5
24580,1
24581,2
24582,2
24583,5
24584,2
24585,3
24586,3
24587,1
24588,2
24589,0
24590,1
24591,5
24592,0
24593,5
24594,0
24595,3
24596,0
24597,1
24598,5
24599,3
24600,3
24601,5
24602,3
24603,0
24604,3
24605,3
24606,5
24607,2
24608,5
24609,5
24610,5
24611,5
24612,2
24613,0
24614,5
24615,2
24616,0
24617,5
24618,0
24619,5
24620,5
24621,1
24622,0
24623,5
24624,0
24625,2
24626,2
24627,5
24628,0
24629,2
24630,5
24631,0
24632,3
24633,5
24634,3
24635,5
24636,3
24637,5
24638,5
24639,2
24640,2
24641,0
24642,5
24643,5
24644,2
24645,5
24646,2
24647,5
24648,0
24649,3
24650,5
24651,5
24652,3
24653,5
24654,5
24655,2
24656,3
24657,5
24658,5
24659,2
24660,3
24661,5
24662,1
24663,3
24664,5
24665,5
24666,5
24667,5
24668,2
24669,1
24670,5
24671,2
24672,3
24673,3
24674,3
24675,5
24676,5
24677,5
24678,3
24679,3
24680,2
24681,3
24682,3
24683,0
24684,5
24685,1
24686,3
24687,3
24688,5
24689,5
24690,5
24691,0
24692,0
24693,5
24694,3
24695,5
24696,1
24697,5
24698,2
24699,0
24700,4
24701,3
24702,3
24703,4
24704,5
24705,3
24706,0
24707,2
24708,5
24709,0
24710,0
24711,2
24712,5
24713,5
24714,0
24715,5
24716,3
24717,5
24718,3
24719,1
24720,5
24721,3
24722,3
24723,5
24724,5
24725,3
24726,3
24727,5
24728,5
24729,5
24730,3
24731,3
24732,5
24733,3
24734,5
24735,2
24736,5
24737,3
24738,1
24739,0
24740,5
24741,3
24742,3
24743,5
24744,3
24745,1
24746,5
24747,5
24748,5
24749,0
24750,5
24751,3
24752,2
24753,5
24754,3
24755,2
24756,0
24757,3
24758,5
24759,5
24760,5
24761,5
24762,0
24763,5
24764,5
24765,3
24766,3
24767,2
24768,2
24769,3
24770,5
24771,5
24772,4
24773,5
24774,2
24775,1
24776,2
24777,2
24778,3
24779,3
24780,0
24781,4
24782,5
24783,3
24784,2
24785,3
24786,1
24787,5
24788,2
24789,2
24790,3
24791,5
24792,3
24793,3
24794,5
24795,3
24796,3
24797,3
24798,3
24799,5
24800,2
24801,2
24802,3
24803,0
24804,5
24805,4
24806,5
24807,2
24808,2
24809,5
24810,5
24811,5
24812,3
24813,0
24814,5
24815,5
24816,2
24817,4
24818,5
24819,2
24820,0
24821,4
24822,2
24823,5
24824,5
24825,5
24826,3
24827,5
24828,2
24829,3
24830,5
24831,2
24832,3
24833,2
24834,2
24835,2
24836,3
24837,1
24838,5
24839,5
24840,5
24841,3
24842,3
24843,3
24844,5
24845,5
24846,5
24847,5
24848,5
24849,5
24850,5
24851,3
24852,3
24853,5
24854,0
24855,5
24856,2
24857,5
24858,3
24859,3
24860,0
24861,5
24862,5
24863,1
24864,5
24865,0
24866,2
24867,5
24868,0
24869,5
24870,5
24871,2
24872,5
24873,5
24874,5
24875,0
24876,5
24877,2
24878,2
24879,0
24880,5
24881,5
24882,5
24883,2
24884,3
24885,3
24886,0
24887,0
24888,2
24889,2
24890,1
24891,3
24892,3
24893,3
24894,3
24895,2
24896,3
24897,5
24898,3
24899,5
24900,3
24901,4
24902,0
24903,5
24904,5
24905,0
24906,5
24907,5
24908,5
24909,3
24910,5
24911,2
24912,2
24913,2
24914,1
24915,5
24916,0
24917,5
24918,1
24919,5
24920,3
24921,0
24922,5
24923,5
24924,3
24925,4
24926,2
24927,2
24928,3
24929,3
24930,2
24931,3
24932,5
24933,3
24934,5
24935,0
24936,4
24937,3
24938,3
24939,2
24940,5
24941,3
24942,2
24943,2
24944,2
24945,4
24946,0
24947,5
24948,5
24949,5
24950,5
24951,1
24952,2
24953,2
24954,3
24955,3
24956,3
24957,5
24958,0
24959,3
24960,2
24961,1
24962,2
24963,2
24964,5
24965,3
24966,2
24967,2
24968,0
24969,2
24970,5
24971,3
24972,1
24973,3
24974,5
24975,5
24976,3
24977,2
24978,0
24979,5
24980,5
24981,1
24982,3
24983,5
24984,1
24985,5
24986,5
24987,3
24988,5
24989,0
24990,5
24991,2
24992,5
24993,2
24994,1
24995,2
24996,5
24997,3
24998,5
24999,0
25000,5
25001,2
25002,5
25003,2
25004,3
25005,5
25006,5
25007,5
25008,5
25009,2
25010,2
25011,0
25012,5
25013,5
25014,5
25015,5
25016,1
25017,5
25018,5
25019,1
25020,5
25021,2
25022,5
25023,5
25024,2
25025,0
25026,5
25027,3
25028,5
25029,2
25030,5
25031,2
25032,5
25033,5
25034,0
25035,3
25036,5
25037,3
25038,1
25039,5
25040,1
25041,3
25042,5
25043,5
25044,1
25045,3
25046,5
25047,3
25048,0
25049,2
25050,5
25051,1
25052,1
25053,5
25054,2
25055,3
25056,0
25057,3
25058,2
25059,5
25060,3
25061,5
25062,5
25063,5
25064,5
25065,2
25066,5
25067,0
25068,2
25069,5
25070,3
25071,5
25072,5
25073,3
25074,2
25075,5
25076,4
25077,2
25078,5
25079,2
25080,0
25081,0
25082,1
25083,2
25084,3
25085,0
25086,0
25087,3
25088,3
25089,5
25090,5
25091,3
25092,1
25093,5
25094,0
25095,1
25096,5
25097,2
25098,5
25099,2
25100,2
25101,5
25102,5
25103,2
25104,5
25105,5
25106,3
25107,3
25108,5
25109,2
25110,5
25111,5
25112,5
25113,5
25114,5
25115,0
25116,5
25117,1
25118,2
25119,3
25120,5
25121,5
25122,3
25123,3
25124,2
25125,5
25126,5
25127,5
25128,3
25129,1
25130,0
25131,0
25132,0
25133,3
25134,2
25135,2
25136,2
25137,5
25138,3
25139,5
25140,3
25141,3
25142,5
25143,5
25144,1
25145,4
25146,2
25147,5
25148,2
25149,5
25150,5
25151,2
25152,5
25153,3
25154,5
25155,3
25156,1
25157,5
25158,2
25159,3
25160,1
25161,3
25162,3
25163,2
25164,1
25165,5
25166,5
25167,5
25168,3
25169,0
25170,1
25171,5
25172,3
25173,1
25174,3
25175,3
25176,5
25177,3
25178,5
25179,2
25180,3
25181,3
25182,2
25183,2
25184,2
25185,3
25186,1
25187,3
25188,2
25189,5
25190,2
25191,2
25192,3
25193,2
25194,1
25195,5
25196,5
25197,2
25198,3
25199,3
25200,0
25201,3
25202,5
25203,0
25204,5
25205,3
25206,5
25207,3
25208,5
25209,1
25210,3
25211,5
25212,5
25213,3
25214,5
25215,5
25216,5
25217,5
25218,5
25219,2
25220,5
25221,5
25222,5
25223,5
25224,2
25225,5
25226,5
25227,5
25228,5
25229,5
25230,5
25231,5
25232,1
25233,1
25234,2
25235,2
25236,5
25237,5
25238,5
25239,2
25240,0
25241,0
25242,5
25243,5
25244,2
25245,5
25246,5
25247,5
25248,5
25249,2
25250,2
25251,5
25252,0
25253,5
25254,5
25255,1
25256,5
25257,5
25258,2
25259,5
25260,5
25261,5
25262,3
25263,1
25264,1
25265,5
25266,5
25267,5
25268,3
25269,5
25270,5
25271,5
25272,3
25273,2
25274,5
25275,5
25276,5
25277,5
25278,2
25279,5
25280,5
25281,5
25282,3
25283,0
25284,5
25285,2
25286,2
25287,2
25288,5
25289,3
25290,5
25291,3
25292,5
25293,5
25294,3
25295,2
25296,2
25297,5
25298,3
25299,2
25300,0
25301,5
25302,2
25303,3
25304,5
25305,2
25306,1
25307,3
25308,5
25309,1
25310,5
25311,2
25312,0
25313,3
25314,3
25315,5
25316,0
25317,5
25318,5
25319,5
25320,5
25321,5
25322,2
25323,3
25324,1
25325,0
25326,5
25327,5
25328,1
25329,4
25330,3
25331,5
25332,3
25333,2
25334,2
25335,5
25336,5
25337,1
25338,5
25339,3
25340,1
25341,5
25342,5
25343,1
25344,5
25345,3
25346,0
25347,5
25348,5
25349,5
25350,5
25351,2
25352,3
25353,2
25354,5
25355,2
25356,2
25357,3
25358,5
25359,1
25360,5
25361,3
25362,3
25363,5
25364,2
25365,4
25366,5
25367,1
25368,5
25369,2
25370,1
25371,2
25372,5
25373,2
25374,1
25375,4
25376,3
25377,0
25378,2
25379,5
25380,2
25381,2
25382,2
25383,5
25384,5
25385,1
25386,4
25387,1
25388,3
25389,2
25390,3
25391,1
25392,1
25393,5
25394,1
25395,3
25396,5
25397,1
25398,5
25399,3
25400,5
25401,5
25402,2
25403,2
25404,1
25405,1
25406,2
25407,1
25408,5
25409,3
25410,5
25411,5
25412,5
25413,5
25414,5
25415,1
25416,3
25417,5
25418,3
25419,0
25420,5
25421,5
25422,1
25423,5
25424,5
25425,2
25426,5
25427,1
25428,5
25429,3
25430,2
25431,5
25432,3
25433,2
25434,3
25435,5
25436,5
25437,5
25438,5
25439,3
25440,1
25441,2
25442,5
25443,3
25444,3
25445,3
25446,2
25447,3
25448,3
25449,2
25450,1
25451,5
25452,3
25453,5
25454,3
25455,5
25456,5
25457,5
25458,3
25459,3
25460,5
25461,5
25462,2
25463,5
25464,3
25465,3
25466,5
25467,5
25468,2
25469,3
25470,5
25471,5
25472,5
25473,5
25474,5
25475,5
25476,5
25477,5
25478,5
25479,1
25480,3
25481,2
25482,4
25483,5
25484,5
25485,5
25486,5
25487,5
25488,5
25489,1
25490,2
25491,2
25492,2
25493,3
25494,1
25495,5
25496,1
25497,4
25498,5
25499,1
25500,2
25501,5
25502,5
25503,5
25504,5
25505,5
25506,5
25507,2
25508,5
25509,2
25510,1
25511,3
25512,3
25513,5
25514,5
25515,3
25516,5
25517,1
25518,3
25519,1
25520,1
25521,1
25522,3
25523,3
25524,3
25525,5
25526,0
25527,3
25528,3
25529,5
25530,5
25531,1
25532,2
25533,5
25534,2
25535,5
25536,5
25537,5
25538,5
25539,1
25540,4
25541,1
25542,2
25543,3
25544,2
25545,3
25546,2
25547,1
25548,3
25549,5
25550,5
25551,1
25552,5
25553,5
25554,5
25555,5
25556,3
25557,2
25558,5
25559,2
25560,5
25561,2
25562,1
25563,1
25564,5
25565,3
25566,5
25567,3
25568,2
25569,5
25570,0
25571,1
25572,5
25573,2
25574,5
25575,2
25576,3
25577,5
25578,2
25579,5
25580,5
25581,3
25582,5
25583,5
25584,3
25585,3
25586,3
25587,5
25588,5
25589,1
25590,5
25591,3
25592,1
25593,2
25594,5
25595,5
25596,5
25597,5
25598,0
25599,5
25600,5
25601,3
25602,5
25603,2
25604,5
25605,5
25606,1
25607,2
25608,5
25609,5
25610,3
25611,1
25612,3
25613,3
25614,3
25615,5
25616,5
25617,2
25618,3
25619,3
25620,3
25621,5
25622,5
25623,5
25624,5
25625,1
25626,5
25627,5
25628,5
25629,5
25630,5
25631,5
25632,5
25633,5
25634,2
25635,3
25636,5
25637,5
25638,3
25639,3
25640,5
25641,2
25642,2
25643,2
25644,2
25645,2
25646,3
25647,2
25648,5
25649,2
25650,5
25651,5
25652,1
25653,3
25654,5
25655,5
25656,2
25657,5
25658,2
25659,5
25660,1
25661,5
25662,5
25663,2
25664,5
25665,3
25666,3
25667,5
25668,4
25669,3
25670,3
25671,1
25672,2
25673,1
25674,5
25675,5
25676,2
25677,3
25678,5
25679,2
25680,5
25681,3
25682,5
25683,5
25684,5
25685,5
25686,5
25687,5
25688,3
25689,3
25690,2
25691,5
25692,5
25693,5
25694,3
25695,2
25696,5
25697,5
25698,5
25699,1
25700,2
25701,5
25702,5
25703,5
25704,5
25705,1
25706,5
25707,1
25708,5
25709,3
25710,5
25711,5
25712,3
25713,5
25714,2
25715,5
25716,1
25717,1
25718,1
25719,1
25720,3
25721,5
25722,5
25723,3
25724,2
25725,2
25726,1
25727,2
25728,3
25729,2
25730,1
25731,3
25732,5
25733,3
25734,5
25735,2
25736,3
25737,1
25738,5
25739,2
25740,1
25741,5
25742,0
25743,3
25744,5
25745,5
25746,5
25747,3
25748,5
25749,5
25750,5
25751,3
25752,5
25753,5
25754,5
25755,5
25756,5
25757,5
25758,1
25759,5
25760,5
25761,1
25762,5
25763,5
25764,1
25765,5
25766,5
25767,5
25768,3
25769,5
25770,3
25771,4
25772,5
25773,5
25774,5
25775,5
25776,3
25777,3
25778,5
25779,5
25780,5
25781,5
25782,5
25783,3
25784,5
25785,2
25786,1
25787,5
25788,3
25789,5
25790,5
25791,3
25792,5
25793,5
25794,2
25795,1
25796,5
25797,1
25798,2
25799,3
25800,5
25801,5
25802,3
25803,3
25804,5
25805,3
25806,3
25807,2
25808,5
25809,1
25810,3
25811,2
25812,1
25813,5
25814,1
25815,3
25816,3
25817,5
25818,5
25819,5
25820,2
25821,1
25822,5
25823,1
25824,3
25825,5
25826,5
25827,5
25828,3
25829,5
25830,3
25831,5
25832,3
25833,2
25834,5
25835,1
25836,5
25837,3
25838,2
25839,5
25840,2
25841,5
25842,5
25843,5
25844,1
25845,5
25846,3
25847,1
25848,5
25849,5
25850,5
25851,3
25852,5
25853,5
25854,2
25855,1
25856,1
25857,5
25858,3
25859,5
25860,2
25861,5
25862,5
25863,5
25864,5
25865,2
25866,3
25867,3
25868,2
25869,5
25870,5
25871,5
25872,5
25873,5
25874,5
25875,3
25876,5
25877,5
25878,5
25879,1
25880,5
25881,2
25882,5
25883,5
25884,2
25885,3
25886,2
25887,3
25888,5
25889,3
25890,3
25891,2
25892,3
25893,5
25894,2
25895,5
25896,2
25897,2
25898,2
25899,5
25900,5
25901,1
25902,2
25903,2
25904,5
25905,5
25906,2
25907,5
25908,5
25909,5
25910,5
25911,3
25912,3
25913,5
25914,5
25915,5
25916,5
25917,2
25918,2
25919,4
25920,3
25921,3
25922,5
25923,5
25924,3
25925,3
25926,1
25927,2
25928,1
25929,5
25930,1
25931,3
25932,1
25933,3
25934,1
25935,3
25936,5
25937,1
25938,5
25939,4
25940,3
25941,5
25942,2
25943,4
25944,3
25945,5
25946,3
25947,5
25948,5
25949,2
25950,3
25951,5
25952,2
25953,1
25954,2
25955,5
25956,2
25957,2
25958,1
25959,1
25960,3
25961,2
25962,5
25963,2
25964,1
25965,5
25966,3
25967,5
25968,2
25969,3
25970,3
25971,3
25972,3
25973,2
25974,1
25975,5
25976,1
25977,5
25978,5
25979,5
25980,3
25981,5
25982,5
25983,5
25984,2
25985,5
25986,5
25987,3
25988,3
25989,1
25990,5
25991,5
25992,2
25993,5
25994,1
25995,1
25996,4
25997,5
25998,1
25999,5
26000,1
26001,5
26002,2
26003,5
26004,5
26005,1
26006,3
26007,2
26008,1
26009,5
26010,5
26011,5
26012,2
26013,1
26014,2
26015,5
26016,5
26017,1
26018,1
26019,3
26020,1
26021,5
26022,3
26023,5
26024,2
26025,5
26026,5
26027,3
26028,3
26029,3
26030,5
26031,5
26032,3
26033,5
26034,5
26035,2
26036,3
26037,1
26038,3
26039,1
26040,2
26041,1
26042,3
26043,5
26044,3
26045,4
26046,2
26047,2
26048,5
26049,1
26050,2
26051,5
26052,2
26053,3
26054,3
26055,5
26056,3
26057,5
26058,1
26059,3
26060,2
26061,2
26062,2
26063,5
26064,2
26065,3
26066,3
26067,5
26068,3
26069,5
26070,1
26071,3
26072,5
26073,3
26074,5
26075,5
26076,3
26077,1
26078,1
26079,5
26080,3
26081,3
26082,5
26083,3
26084,2
26085,2
26086,2
26087,3
26088,4
26089,2
26090,5
26091,5
26092,3
26093,2
26094,5
26095,5
26096,3
26097,2
26098,1
26099,5
26100,1
26101,3
26102,2
26103,1
26104,5
26105,3
26106,5
26107,3
26108,5
26109,1
26110,5
26111,3
26112,2
26113,3
26114,5
26115,2
26116,3
26117,1
26118,3
26119,2
26120,2
26121,3
26122,2
26123,5
26124,3
26125,2
26126,2
26127,2
26128,5
26129,1
26130,5
26131,3
26132,2
26133,5
26134,4
26135,5
26136,3
26137,2
26138,5
26139,1
26140,3
26141,5
26142,5
26143,5
26144,5
26145,3
26146,3
26147,3
26148,5
26149,3
26150,5
26151,5
26152,2
26153,3
26154,3
26155,3
26156,2
26157,3
26158,2
26159,5
26160,3
26161,3
26162,5
26163,5
26164,5
26165,1
26166,5
26167,5
26168,5
26169,1
26170,5
26171,3
26172,1
26173,5
26174,1
26175,3
26176,2
26177,1
26178,3
26179,3
26180,5
26181,3
26182,3
26183,5
26184,1
26185,3
26186,2
26187,5
26188,5
26189,3
26190,5
26191,5
26192,5
26193,3
26194,1
26195,2
26196,5
26197,2
26198,3
26199,3
26200,3
26201,2
26202,2
26203,2
26204,1
26205,3
26206,2
26207,5
26208,2
26209,3
26210,5
26211,5
26212,2
26213,1
26214,2
26215,1
26216,5
26217,3
26218,2
26219,5
26220,3
26221,4
26222,5
26223,1
26224,5
26225,5
26226,5
26227,5
26228,5
26229,5
26230,5
26231,5
26232,5
26233,3
26234,5
26235,2
26236,1
26237,5
26238,1
26239,5
26240,5
26241,2
26242,1
26243,1
26244,5
26245,3
26246,3
26247,3
26248,3
26249,3
26250,3
26251,2
26252,5
26253,3
26254,2
26255,3
26256,5
26257,3
26258,3
26259,5
26260,5
26261,5
26262,5
26263,1
26264,5
26265,5
26266,2
26267,2
26268,5
26269,5
26270,3
26271,5
26272,3
26273,5
26274,3
26275,3
26276,5
26277,1
26278,1
26279,3
26280,5
26281,2
26282,3
26283,3
26284,5
26285,5
26286,3
26287,3
26288,2
26289,2
26290,5
26291,5
26292,5
26293,5
26294,3
26295,5
26296,3
26297,3
26298,2
26299,5
26300,2
26301,3
26302,5
26303,4
26304,1
26305,3
26306,2
26307,5
26308,5
26309,5
26310,5
26311,1
26312,5
26313,2
26314,5
26315,1
26316,1
26317,1
26318,5
26319,3
26320,3
26321,4
26322,2
26323,5
26324,2
26325,5
26326,5
26327,2
26328,5
26329,5
26330,5
26331,3
26332,5
26333,3
26334,3
26335,3
26336,5
26337,2
26338,2
26339,5
26340,5
26341,1
26342,5
26343,2
26344,5
26345,5
26346,5
26347,5
26348,5
26349,5
26350,3
26351,2
26352,3
26353,2
26354,1
26355,5
26356,3
26357,3
26358,5
26359,2
26360,2
26361,5
26362,1
26363,3
26364,3
26365,5
26366,3
26367,3
26368,5
26369,2
26370,3
26371,5
26372,5
26373,5
26374,5
26375,3
26376,5
26377,3
26378,3
26379,2
26380,2
26381,5
26382,5
26383,2
26384,5
26385,5
26386,3
26387,3
26388,2
26389,2
26390,5
26391,5
26392,5
26393,5
26394,3
26395,3
26396,2
26397,5
26398,3
26399,1
26400,5
26401,5
26402,2
26403,1
26404,2
26405,1
26406,5
26407,5
26408,1
26409,5
26410,5
26411,5
26412,1
26413,1
26414,1
26415,3
26416,5
26417,5
26418,2
26419,3
26420,2
26421,1
26422,2
26423,2
26424,3
26425,5
26426,5
26427,2
26428,5
26429,3
26430,5
26431,2
26432,2
26433,2
26434,2
26435,5
26436,3
26437,3
26438,5
26439,5
26440,5
26441,5
26442,2
26443,3
26444,5
26445,5
26446,5
26447,4
26448,5
26449,3
26450,1
26451,5
26452,1
26453,1
26454,2
26455,2
26456,5
26457,3
26458,2
26459,3
26460,5
26461,5
26462,5
26463,3
26464,2
26465,3
26466,2
26467,3
26468,5
26469,3
26470,2
26471,3
26472,5
26473,5
26474,2
26475,5
26476,5
26477,5
26478,5
26479,3
26480,5
26481,2
26482,5
26483,5
26484,5
26485,5
26486,2
26487,5
26488,3
26489,5
26490,5
26491,5
26492,1
26493,5
26494,3
26495,2
26496,5
26497,2
26498,5
26499,2
26500,2
26501,5
26502,4
26503,5
26504,5
26505,5
26506,3
26507,5
26508,1
26509,5
26510,5
26511,5
26512,2
26513,5
26514,5
26515,5
26516,1
26517,5
26518,5
26519,5
26520,5
26521,1
26522,1
26523,1
26524,2
26525,2
26526,1
26527,5
26528,2
26529,2
26530,3
26531,3
26532,2
26533,5
26534,2
26535,5
26536,2
26537,3
26538,5
26539,3
26540,5
26541,3
26542,5
26543,5
26544,5
26545,1
26546,3
26547,2
26548,1
26549,5
26550,5
26551,5
26552,5
26553,1
26554,5
26555,5
26556,2
26557,2
26558,3
26559,5
26560,2
26561,5
26562,5
26563,3
26564,5
26565,3
26566,5
26567,5
26568,2
26569,3
26570,2
26571,5
26572,3
26573,2
26574,5
26575,3
26576,3
26577,3
26578,3
26579,2
26580,2
26581,2
26582,5
26583,2
26584,5
26585,5
26586,5
26587,5
26588,5
26589,5
26590,3
26591,5
26592,3
26593,5
26594,5
26595,3
26596,4
26597,2
26598,3
26599,2
26600,5
26601,2
26602,2
26603,3
26604,5
26605,3
26606,2
26607,3
26608,3
26609,5
26610,2
26611,1
26612,5
26613,2
26614,5
26615,5
26616,5
26617,3
26618,1
26619,1
26620,5
26621,5
26622,2
26623,5
26624,1
26625,2
26626,5
26627,3
26628,5
26629,5
26630,5
26631,3
26632,5
26633,3
26634,3
26635,3
26636,5
26637,2
26638,2
26639,5
26640,2
26641,3
26642,2
26643,1
26644,3
26645,5
26646,2
26647,5
26648,2
26649,5
26650,3
26651,3
26652,5
26653,5
26654,2
26655,5
26656,5
26657,5
26658,5
26659,1
26660,3
26661,5
26662,5
26663,2
26664,5
26665,5
26666,2
26667,3
26668,4
26669,3
26670,5
26671,1
26672,3
26673,2
26674,5
26675,5
26676,5
26677,5
26678,3
26679,3
26680,5
26681,3
26682,5
26683,3
26684,2
26685,5
26686,5
26687,1
26688,5
26689,3
26690,3
26691,2
26692,5
26693,5
26694,5
26695,5
26696,1
26697,2
26698,1
26699,5
26700,3
26701,5
26702,3
26703,3
26704,5
26705,1
26706,5
26707,3
26708,1
26709,5
26710,2
26711,2
26712,5
26713,3
26714,3
26715,2
26716,2
26717,3
26718,5
26719,3
26720,1
26721,5
26722,3
26723,5
26724,2
26725,5
26726,1
26727,5
26728,5
26729,5
26730,5
26731,5
26732,3
26733,3
26734,5
26735,5
26736,3
26737,5
26738,2
26739,5
26740,5
26741,1
26742,5
26743,1
26744,5
26745,3
26746,3
26747,5
26748,5
26749,2
26750,5
26751,1
26752,5
26753,1
26754,5
26755,5
26756,2
26757,3
26758,3
26759,2
26760,5
26761,2
26762,5
26763,3
26764,3
26765,5
26766,3
26767,5
26768,2
26769,3
26770,5
26771,5
26772,3
26773,5
26774,5
26775,5
26776,3
26777,5
26778,2
26779,1
26780,5
26781,5
26782,3
26783,2
26784,3
26785,5
26786,1
26787,1
26788,4
26789,3
26790,3
26791,5
26792,3
26793,3
26794,3
26795,5
26796,5
26797,5
26798,2
26799,5
26800,5
26801,5
26802,3
26803,5
26804,3
26805,5
26806,5
26807,5
26808,2
26809,2
26810,5
26811,5
26812,3
26813,2
26814,3
26815,5
26816,5
26817,5
26818,3
26819,3
26820,5
26821,3
26822,5
26823,1
26824,2
26825,5
26826,5
26827,5
26828,2
26829,5
26830,1
26831,5
26832,5
26833,1
26834,5
26835,5
26836,5
26837,5
26838,1
26839,1
26840,2
26841,5
26842,5
26843,5
26844,5
26845,5
26846,5
26847,1
26848,5
26849,5
26850,5
26851,5
26852,2
26853,3
26854,5
26855,2
26856,5
26857,3
26858,5
26859,2
26860,3
26861,5
26862,5
26863,5
26864,5
26865,5
26866,5
26867,3
26868,5
26869,5
26870,5
26871,5
26872,3
26873,5
26874,3
26875,2
26876,5
26877,5
26878,5
26879,3
26880,5
26881,5
26882,5
26883,5
26884,3
26885,2
26886,5
26887,5
26888,5
26889,5
26890,5
26891,3
26892,5
26893,5
26894,5
26895,2
26896,3
26897,5
26898,2
26899,3
26900,5
26901,5
26902,3
26903,2
26904,3
26905,5
26906,5
26907,1
26908,2
26909,5
26910,3
26911,5
26912,1
26913,5
26914,3
26915,5
26916,5
26917,3
26918,3
26919,5
26920,5
26921,5
26922,1
26923,2
26924,5
26925,5
26926,5
26927,3
26928,5
26929,1
26930,2
26931,5
26932,3
26933,2
26934,3
26935,5
26936,3
26937,5
26938,5
26939,5
26940,3
26941,2
26942,3
26943,5
26944,5
26945,5
26946,3
26947,5
26948,5
26949,3
26950,5
26951,3
26952,2
26953,3
26954,2
26955,5
26956,3
26957,5
26958,2
26959,5
26960,5
26961,1
26962,1
26963,5
26964,2
26965,5
26966,2
26967,4
26968,1
26969,3
26970,5
26971,5
26972,1
26973,3
26974,2
26975,3
26976,5
26977,2
26978,1
26979,3
26980,2
26981,1
26982,5
26983,3
26984,5
26985,1
26986,3
26987,2
26988,5
26989,2
26990,2
26991,5
26992,3
26993,2
26994,5
26995,2
26996,5
26997,3
26998,3
26999,1
27000,3
27001,5
27002,3
27003,2
27004,5
27005,1
27006,5
27007,5
27008,3
27009,5
27010,2
27011,5
27012,2
27013,5
27014,2
27015,2
27016,3
27017,5
27018,3
27019,2
27020,5
27021,5
27022,1
27023,5
27024,3
27025,5
27026,5
27027,1
27028,5
27029,2
27030,5
27031,5
27032,5
27033,5
27034,2
27035,5
27036,3
27037,5
27038,5
27039,5
27040,3
27041,3
27042,5
27043,5
27044,3
27045,2
27046,5
27047,3
27048,5
27049,3
27050,5
27051,1
27052,3
27053,1
27054,5
27055,5
27056,3
27057,5
27058,5
27059,2
27060,1
27061,1
27062,1
27063,5
27064,3
27065,3
27066,2
27067,5
27068,3
27069,2
27070,1
27071,5
27072,5
27073,5
27074,1
27075,3
27076,5
27077,5
27078,2
27079,2
27080,5
27081,5
27082,5
27083,5
27084,2
27085,5
27086,2
27087,3
27088,3
27089,4
27090,3
27091,5
27092,5
27093,5
27094,5
27095,2
27096,3
27097,5
27098,5
27099,5
27100,3
27101,3
27102,5
27103,3
27104,5
27105,5
27106,3
27107,2
27108,5
27109,5
27110,5
27111,3
27112,5
27113,5
27114,3
27115,5
27116,1
27117,1
27118,5
27119,5
27120,5
27121,5
27122,3
27123,3
27124,5
27125,3
27126,2
27127,5
27128,5
27129,5
27130,3
27131,5
27132,3
27133,2
27134,3
27135,1
27136,3
27137,5
27138,5
27139,1
27140,2
27141,3
27142,2
27143,3
27144,3
27145,3
27146,5
27147,2
27148,3
27149,3
27150,5
27151,5
27152,1
27153,2
27154,5
27155,5
27156,3
27157,1
27158,5
27159,3
27160,5
27161,5
27162,5
27163,3
27164,5
27165,5
27166,5
27167,3
27168,1
27169,2
27170,5
27171,1
27172,3
27173,5
27174,3
27175,5
27176,2
27177,2
27178,5
27179,4
27180,1
27181,2
27182,5
27183,3
27184,3
27185,5
27186,2
27187,5
27188,1
27189,2
27190,5
27191,5
27192,5
27193,3
27194,3
27195,3
27196,5
27197,5
27198,3
27199,5
27200,1
27201,4
27202,5
27203,3
27204,2
27205,5
27206,5
27207,5
27208,5
27209,1
27210,2
27211,2
27212,3
27213,1
27214,5
27215,3
27216,5
27217,2
27218,3
27219,5
27220,3
27221,2
27222,3
27223,5
27224,3
27225,5
27226,5
27227,2
27228,5
27229,5
27230,3
27231,3
27232,3
27233,5
27234,5
27235,5
27236,5
27237,5
27238,5
27239,3
27240,5
27241,5
27242,5
27243,5
27244,2
27245,5
27246,2
27247,1
27248,3
27249,2
27250,3
27251,2
27252,5
27253,5
27254,1
27255,2
27256,5
27257,2
27258,5
27259,2
27260,1
27261,2
27262,2
27263,5
27264,2
27265,5
27266,2
27267,5
27268,1
27269,5
27270,3
27271,3
27272,5
27273,5
27274,5
27275,3
27276,5
27277,2
27278,3
27279,2
27280,5
27281,5
27282,5
27283,5
27284,5
27285,3
27286,2
27287,3
27288,2
27289,3
27290,5
27291,3
27292,5
27293,3
27294,5
27295,1
27296,2
27297,5
27298,5
27299,5
27300,3
27301,2
27302,3
27303,5
27304,5
27305,5
27306,1
27307,5
27308,5
27309,2
27310,5
27311,5
27312,5
27313,5
27314,2
27315,5
27316,2
27317,5
27318,5
27319,3
27320,3
27321,5
27322,3
27323,5
27324,5
27325,3
27326,5
27327,3
27328,5
27329,5
27330,5
27331,2
27332,2
27333,2
27334,3
27335,3
27336,5
27337,1
27338,2
27339,5
27340,5
27341,2
27342,2
27343,1
27344,1
27345,1
27346,1
27347,1
27348,5
27349,5
27350,1
27351,5
27352,3
27353,2
27354,3
27355,2
27356,5
27357,1
27358,5
27359,3
27360,2
27361,2
27362,3
27363,2
27364,2
27365,1
27366,3
27367,5
27368,5
27369,2
27370,5
27371,5
27372,2
27373,3
27374,5
27375,1
27376,1
27377,1
27378,5
27379,5
27380,3
27381,5
27382,2
27383,2
27384,3
27385,1
27386,5
27387,5
27388,3
27389,3
27390,5
27391,3
27392,5
27393,3
27394,5
27395,3
27396,3
27397,5
27398,5
27399,5
27400,1
27401,3
27402,5
27403,2
27404,3
27405,5
27406,5
27407,2
27408,3
27409,3
27410,5
27411,5
27412,5
27413,5
27414,3
27415,2
27416,2
27417,5
27418,2
27419,5
27420,5
27421,2
27422,5
27423,5
27424,3
27425,3
27426,2
27427,2
27428,1
27429,5
27430,5
27431,1
27432,5
27433,2
27434,3
27435,5
27436,3
27437,3
27438,2
27439,1
27440,5
27441,5
27442,2
27443,3
27444,5
27445,5
27446,5
27447,1
27448,2
27449,5
27450,5
27451,5
27452,5
27453,3
27454,3
27455,2
27456,2
27457,2
27458,0
27459,1
27460,1
27461,1
27462,1
27463,1
27464,1
27465,3
27466,2
27467,1
27468,1
27469,1
27470,1
27471,5
27472,1
27473,1
27474,1
27475,1
27476,1
27477,1
27478,1
27479,1
27480,1
27481,1
27482,1
27483,1
27484,1
27485,1
27486,1
27487,1
27488,1
27489,1
27490,3
27491,5
27492,2
27493,1
27494,1
27495,1
27496,1
27497,1
27498,1
27499,1
27500,1
27501,3
27502,1
27503,2
27504,1
27505,1
27506,2
27507,1
27508,5
27509,2
27510,1
27511,1
27512,3
27513,1
27514,1
27515,5
27516,2
27517,2
27518,1
27519,3
27520,1
27521,2
27522,1
27523,3
27524,1
27525,3
27526,1
27527,1
27528,1
27529,1
27530,1
27531,1
27532,1
27533,1
27534,1
27535,1
27536,1
27537,1
27538,1
27539,1
27540,1
27541,1
27542,5
27543,1
27544,5
27545,5
27546,5
27547,1
27548,1
27549,1
27550,3
27551,1
27552,5
27553,5
27554,1
27555,1
27556,1
27557,1
27558,5
27559,2
27560,1
27561,5
27562,1
27563,1
27564,5
27565,1
27566,1
27567,1
27568,1
27569,1
27570,1
27571,1
27572,1
27573,1
27574,1
27575,1
27576,1
27577,3
27578,1
27579,1
27580,1
27581,1
27582,1
27583,1
27584,1
27585,1
27586,2
27587,1
27588,1
27589,1
27590,1
27591,1
27592,1
27593,1
27594,1
27595,1
27596,2
27597,1
27598,1
27599,1
27600,2
27601,3
27602,1
27603,5
27604,5
27605,1
27606,1
27607,1
27608,1
27609,5
27610,1
27611,1
27612,1
27613,1
27614,1
27615,5
27616,1
27617,1
27618,5
27619,2
27620,1
27621,1
27622,2
27623,1
27624,1
27625,1
27626,5
27627,1
27628,1
27629,3
27630,5
27631,5
27632,1
27633,1
27634,1
27635,1
27636,3
27637,1
27638,3
27639,5
27640,1
27641,1
27642,1
27643,1
27644,5
27645,1
27646,1
27647,1
27648,5
27649,1
27650,5
27651,1
27652,3
27653,1
27654,1
27655,3
27656,1
27657,1
27658,5
27659,5
27660,1
27661,1
27662,1
27663,1
27664,1
27665,1
27666,1
27667,5
27668,1
27669,1
27670,1
27671,1
27672,1
27673,1
27674,1
27675,1
27676,1
27677,1
27678,1
27679,1
27680,1
27681,1
27682,1
27683,1
27684,1
27685,1
27686,1
27687,1
27688,2
27689,1
27690,5
27691,1
27692,2
27693,5
27694,1
27695,1
27696,1
27697,1
27698,5
27699,1
27700,1
27701,1
27702,5
27703,5
27704,5
27705,1
27706,1
27707,5
27708,2
27709,5
27710,5
27711,1
27712,5
27713,1
27714,3
27715,1
27716,1
27717,2
27718,5
27719,1
27720,1
27721,1
27722,1
27723,1
27724,1
27725,1
27726,3
27727,2
27728,1
27729,1
27730,1
27731,1
27732,1
27733,1
27734,1
27735,1
27736,1
27737,1
27738,3
27739,1
27740,1
27741,1
27742,1
27743,1
27744,5
27745,1
27746,1
27747,1
27748,1
27749,3
27750,1
27751,5
27752,5
27753,5
27754,1
27755,1
27756,5
27757,1
27758,1
27759,5
27760,1
27761,1
27762,1
27763,3
27764,1
27765,3
27766,1
27767,5
27768,3
27769,1
27770,5
27771,3
27772,5
27773,3
27774,2
27775,3
27776,3
27777,1
27778,1
27779,1
27780,5
27781,1
27782,2
27783,1
27784,1
27785,1
27786,1
27787,5
27788,1
27789,1
27790,5
27791,5
27792,1
27793,1
27794,1
27795,5
27796,1
27797,1
27798,1
27799,1
27800,3
27801,5
27802,1
27803,2
27804,1
27805,1
27806,1
27807,1
27808,1
27809,1
27810,1
27811,1
27812,1
27813,1
27814,1
27815,2
27816,1
27817,1
27818,5
27819,1
27820,1
27821,5
27822,5
27823,3
27824,2
27825,1
27826,1
27827,2
27828,1
27829,1
27830,3
27831,2
27832,5
27833,3
27834,5
27835,5
27836,5
27837,3
27838,5
27839,1
27840,1
27841,5
27842,1
27843,1
27844,1
27845,1
27846,1
27847,1
27848,1
27849,1
27850,1
27851,1
27852,1
27853,1
27854,1
27855,5
27856,5
27857,3
27858,1
27859,5
27860,1
27861,5
27862,3
27863,2
27864,1
27865,1
27866,1
27867,1
27868,1
27869,2
27870,1
27871,1
27872,1
27873,1
27874,1
27875,1
27876,1
27877,1
27878,1
27879,1
27880,1
27881,1
27882,5
27883,1
27884,1
27885,5
27886,5
27887,1
27888,5
27889,1
27890,1
27891,1
27892,1
27893,1
27894,1
27895,2
27896,1
27897,5
27898,5
27899,1
27900,1
27901,1
27902,1
27903,1
27904,1
27905,1
27906,1
27907,1
27908,5
27909,2
27910,1
27911,1
27912,1
27913,5
27914,1
27915,5
27916,2
27917,1
27918,1
27919,1
27920,5
27921,1
27922,1
27923,5
27924,1
27925,1
27926,1
27927,1
27928,1
27929,2
27930,5
27931,1
27932,1
27933,1
27934,1
27935,2
27936,1
27937,5
27938,1
27939,1
27940,1
27941,1
27942,1
27943,1
27944,1
27945,1
27946,1
27947,2
27948,1
27949,1
27950,5
27951,5
27952,1
27953,5
27954,1
27955,1
27956,1
27957,1
27958,5
27959,2
27960,1
27961,1
27962,5
27963,1
27964,5
27965,1
27966,5
27967,5
27968,1
27969,1
27970,2
27971,2
27972,5
27973,1
27974,1
27975,1
27976,1
27977,2
27978,5
27979,1
27980,1
27981,1
27982,1
27983,5
27984,1
27985,5
27986,1
27987,5
27988,5
27989,1
27990,1
27991,1
27992,1
27993,5
27994,1
27995,1
27996,1
27997,1
27998,1
27999,1
28000,1
28001,1
28002,1
28003,3
28004,1
28005,1
28006,1
28007,1
28008,1
28009,1
28010,1
28011,1
28012,1
28013,1
28014,1
28015,1
28016,1
28017,5
28018,1
28019,1
28020,1
28021,1
28022,1
28023,1
28024,1
28025,1
28026,5
28027,1
28028,1
28029,1
28030,1
28031,1
28032,1
28033,1
28034,1
28035,1
28036,1
28037,1
28038,1
28039,1
28040,1
28041,5
28042,5
28043,1
28044,1
28045,1
28046,1
28047,1
28048,5
28049,1
28050,1
28051,1
28052,1
28053,1
28054,1
28055,1
28056,1
28057,2
28058,1
28059,1
28060,1
28061,5
28062,1
28063,1
28064,5
28065,1
28066,1
28067,1
28068,1
28069,1
28070,1
28071,1
28072,1
28073,1
28074,1
28075,1
28076,1
28077,1
28078,2
28079,5
28080,1
28081,1
28082,1
28083,1
28084,1
28085,1
28086,1
28087,2
28088,1
28089,1
28090,1
28091,1
28092,1
28093,1
28094,1
28095,1
28096,1
28097,1
28098,1
28099,1
28100,1
28101,1
28102,1
28103,5
28104,5
28105,1
28106,1
28107,1
28108,1
28109,1
28110,1
28111,1
28112,1
28113,1
28114,1
28115,1
28116,1
28117,1
28118,1
28119,1
28120,1
28121,1
28122,1
28123,1
28124,1
28125,1
28126,1
28127,1
28128,5
28129,1
28130,1
28131,1
28132,1
28133,1
28134,1
28135,5
28136,1
28137,1
28138,1
28139,5
28140,1
28141,1
28142,1
28143,1
28144,1
28145,1
28146,1
28147,1
28148,1
28149,1
28150,3
28151,1
28152,1
28153,1
28154,1
28155,1
28156,1
28157,1
28158,1
28159,1
28160,1
28161,1
28162,1
28163,1
28164,1
28165,1
28166,1
28167,5
28168,1
28169,1
28170,1
28171,1
28172,1
28173,1
28174,5
28175,1
28176,1
28177,1
28178,1
28179,1
28180,1
28181,1
28182,1
28183,5
28184,1
28185,1
28186,1
28187,1
28188,1
28189,1
28190,1
28191,1
28192,1
28193,1
28194,1
28195,1
28196,1
28197,1
28198,1
28199,1
28200,1
28201,1
28202,1
28203,1
28204,1
28205,1
28206,1
28207,1
28208,1
28209,1
28210,1
28211,1
28212,1
28213,1
28214,1
28215,1
28216,1
28217,1
28218,1
28219,1
28220,1
28221,1
28222,1
28223,1
28224,1
28225,1
28226,1
28227,1
28228,1
28229,1
28230,1
28231,1
28232,1
28233,1
28234,1
28235,1
28236,1
28237,1
28238,1
28239,1
28240,1
28241,1
28242,1
28243,1
28244,1
28245,5
28246,1
28247,1
28248,1
28249,1
28250,1
28251,1
28252,1
28253,1
28254,1
28255,1
28256,1
28257,1
28258,1
28259,1
28260,1
28261,1
28262,1
28263,1
28264,1
28265,1
28266,1
28267,1
28268,1
28269,1
28270,1
28271,1
28272,1
28273,5
28274,1
28275,1
28276,1
28277,1
28278,1
28279,1
28280,5
28281,1
28282,1
28283,3
28284,1
28285,1
28286,1
28287,1
28288,1
28289,1
28290,1
28291,1
28292,1
28293,1
28294,1
28295,1
28296,1
28297,1
28298,1
28299,1
28300,1
28301,1
28302,2
28303,1
28304,1
28305,1
28306,1
28307,1
28308,1
28309,1
28310,1
28311,1
28312,1
28313,1
28314,1
28315,1
28316,1
28317,1
28318,1
28319,1
28320,1
28321,1
28322,1
28323,2
28324,1
28325,1
28326,1
28327,1
28328,1
28329,1
28330,1
28331,1
28332,1
28333,1
28334,1
28335,1
28336,1
28337,5
28338,5
28339,1
28340,1
28341,5
28342,1
28343,1
28344,1
28345,1
28346,1
28347,1
28348,2
28349,1
28350,2
28351,1
28352,1
28353,1
28354,1
28355,1
28356,1
28357,1
28358,1
28359,1
28360,1
28361,1
